boundary,time_index,time,path,values,reference_rms,error_rms,relative_rmse,mean_absolute_error,cosine,clipped_percent,mean_grid_utilization_percent,maximum_grid_magnitude
block.0.attn.input,0,1.0,cfg_conditional,163840,0.6730374372101704,0.03354111619936108,0.04983543907808972,0.007563477347205705,0.998820182440181,0.4388427734375,13.914122093380906,127.0
block.0.attn.input,0,1.0,cfg_null,163840,0.6715651993954864,0.03242720708208696,0.0482860146881889,0.007475812726218578,0.998890867221089,0.4229736328125,13.849251814714567,127.0
block.0.attn.input,0,1.0,plain,163840,0.6739132722091155,0.033362762365622335,0.049506017675327606,0.007493848029052686,0.9988309025299789,0.4290771484375,13.915025605930119,127.0
block.0.attn.input,1,0.875,cfg_conditional,163840,0.7071279370549441,0.038482172268876715,0.05442038173339294,0.008128359924304362,0.9986099643547838,0.550537109375,14.505999707800196,127.0
block.0.attn.input,1,0.875,cfg_null,163840,0.7046051920780145,0.03690047602515147,0.05237042877348797,0.007998634936965043,0.9987117955116861,0.535888671875,14.46590393546998,127.0
block.0.attn.input,1,0.875,plain,163840,0.7072070175251056,0.03758735155950894,0.053149008180160766,0.008031440577506465,0.9986707268256789,0.5322265625,14.510863296628937,127.0
block.0.attn.input,2,0.75,cfg_conditional,163840,0.6217762072138973,0.024497875428697295,0.03939982769438744,0.007065271637347159,0.9992647322956354,0.3582763671875,12.95039139394685,127.0
block.0.attn.input,2,0.75,cfg_null,163840,0.6189203017522598,0.02340703305908215,0.03781913922166262,0.007008606517175053,0.9993220974372375,0.343017578125,12.901279719795768,127.0
block.0.attn.input,2,0.75,plain,163840,0.6218719779466586,0.02438583595359339,0.03921359511022234,0.007066564445966606,0.9992709647585892,0.352783203125,12.950708584522637,127.0
block.0.attn.input,3,0.625,cfg_conditional,163840,0.5600494024238403,0.011672048991389813,0.02084110605399149,0.006238776220286258,0.9997875784268737,0.1953125,12.042159433439961,127.0
block.0.attn.input,3,0.625,cfg_null,163840,0.5585339131617788,0.011262415673279241,0.020164246803787353,0.006217688214204875,0.9998007710985893,0.1904296875,12.006360151636319,127.0
block.0.attn.input,3,0.625,plain,163840,0.560606548785647,0.011957435639206706,0.021329461215014705,0.006244577003601037,0.9997775315051138,0.194091796875,12.034032626414863,127.0
block.0.attn.input,4,0.5,cfg_conditional,163840,0.5286140120417331,0.007290722492427615,0.013792147628224479,0.005972042758461171,0.9999049307916446,0.0445556640625,11.662698580524115,127.0
block.0.attn.input,4,0.5,cfg_null,163840,0.5279468249089403,0.0072710877002373185,0.013772386454812808,0.0059521019732997615,0.9999051827222853,0.0439453125,11.643393208661417,127.0
block.0.attn.input,4,0.5,plain,163840,0.5294835713863695,0.007336556948454933,0.013856061537934618,0.005968725405688602,0.9999040990881081,0.06103515625,11.638073057640256,127.0
block.0.attn.input,5,0.375,cfg_conditional,163840,0.5193218745284217,0.006888140951242716,0.013263721959521923,0.005914651219604749,0.9999120369485183,0.009765625,11.725262018639272,127.0
block.0.attn.input,5,0.375,cfg_null,163840,0.5187677525263781,0.006911953861204217,0.01332379244381186,0.005923843087488478,0.9999112404569408,0.0115966796875,11.705120417076772,127.0
block.0.attn.input,5,0.375,plain,163840,0.5202531126572799,0.006880423182155896,0.013225145635386942,0.005919967256917147,0.9999125487935957,0.0140380859375,11.683556263841043,127.0
block.0.attn.input,6,0.25,cfg_conditional,163840,0.5210997516454601,0.0068880892827351565,0.013218369920509185,0.005934010646441834,0.9999126452407454,0.006103515625,12.041078101931594,127.0
block.0.attn.input,6,0.25,cfg_null,163840,0.5205437240521736,0.006931608058851912,0.01331609188348828,0.005965634086767579,0.9999113424638665,0.0079345703125,12.02211395023376,127.0
block.0.attn.input,6,0.25,plain,163840,0.5222430179552618,0.006883701222587326,0.013181030642667244,0.0059324240384381,0.9999131357942251,0.008544921875,11.992663285863681,127.0
block.0.attn.input,7,0.125,cfg_conditional,163840,0.5183237557632921,0.006860764828764222,0.01323644682011718,0.005924846045341425,0.9999124091128143,0.0048828125,12.111667422797737,127.0
block.0.attn.input,7,0.125,cfg_null,163840,0.5179167146375441,0.006878737195972797,0.013281550877898918,0.005940930913946474,0.9999117981344724,0.0054931640625,12.092049666277067,127.0
block.0.attn.input,7,0.125,plain,163840,0.5199569538132386,0.006849293962614238,0.01317280961891782,0.005911868149587463,0.9999132423911213,0.0048828125,12.067904735174706,127.0
block.0.attn.k_post,0,1.0,cfg_conditional,163840,1.6898305427246543,0.016077616966541215,0.009514336828483367,0.013692374804350038,0.9999547377172727,0.0213623046875,17.719986082062007,127.0
block.0.attn.k_post,0,1.0,cfg_null,163840,1.6891091308191812,0.016039667683992516,0.009495933324458217,0.013717301118953173,0.9999549130901856,0.0152587890625,17.72194689653051,127.0
block.0.attn.k_post,0,1.0,plain,163840,1.689364778686914,0.016083427742513885,0.009520399587716626,0.013723032297423287,0.9999546807513182,0.015869140625,17.713180902436022,127.0
block.0.attn.k_post,1,0.875,cfg_conditional,163840,1.6788169686523553,0.015920114610465226,0.009482936441394713,0.013716917316941135,0.9999550375153452,0.006103515625,17.7052703617126,127.0
block.0.attn.k_post,1,0.875,cfg_null,163840,1.6788555989328118,0.015909313210819252,0.00947628445289293,0.01371266167233216,0.9999551009812722,0.00732421875,17.703155757874015,127.0
block.0.attn.k_post,1,0.875,plain,163840,1.6782833100960273,0.0159577899040326,0.009508400523341636,0.013735810537366434,0.9999547974147376,0.006103515625,17.698321004552167,127.0
block.0.attn.k_post,2,0.75,cfg_conditional,163840,1.7029358505668473,0.017663217043789696,0.010372215158844789,0.0138279408647918,0.9999462492801411,0.06103515625,17.658734659510333,127.0
block.0.attn.k_post,2,0.75,cfg_null,163840,1.7036786218777813,0.017772841686291525,0.010432038917470502,0.013792910470635888,0.9999456369076596,0.0628662109375,17.652289923720474,127.0
block.0.attn.k_post,2,0.75,plain,163840,1.7023345598786488,0.01741220659968651,0.01022842807169922,0.013778616782224163,0.9999477118232087,0.0592041015625,17.655197503998522,127.0
block.0.attn.k_post,3,0.625,cfg_conditional,163840,1.7180905774555386,0.022064945599111846,0.012842713817678713,0.014047596573266218,0.9999180640036629,0.13427734375,17.620551642470474,127.0
block.0.attn.k_post,3,0.625,cfg_null,163840,1.7186021338616313,0.02215353077496499,0.012890435976119078,0.014031716795398098,0.9999174345064801,0.13671875,17.614904689037893,127.0
block.0.attn.k_post,3,0.625,plain,163840,1.7172277050017961,0.021255752041305028,0.012377946139229564,0.013982061315698503,0.9999238235115995,0.13671875,17.624449241818404,127.0
block.0.attn.k_post,4,0.5,cfg_conditional,163840,1.7287425629594848,0.024606088152156227,0.014233517864008824,0.014157984631708587,0.9998997604580722,0.169677734375,17.575010765255904,127.0
block.0.attn.k_post,4,0.5,cfg_null,163840,1.7290881660422703,0.024687355985887702,0.014277673325585747,0.014137901359890747,0.9998991253963139,0.174560546875,17.56954163078248,127.0
block.0.attn.k_post,4,0.5,plain,163840,1.7277028718045995,0.02377531944451288,0.013761231651875053,0.014078879658018194,0.9999062133585858,0.172119140625,17.58849136472687,127.0
block.0.attn.k_post,5,0.375,cfg_conditional,163840,1.735795750831597,0.025322096752192217,0.014588177635566127,0.014114320653163759,0.9998948104240019,0.179443359375,17.515417384350393,127.0
block.0.attn.k_post,5,0.375,cfg_null,163840,1.736044492799506,0.025301814057945102,0.014574404148561867,0.014130045817148584,0.9998949837034524,0.1849365234375,17.51106322281004,127.0
block.0.attn.k_post,5,0.375,plain,163840,1.7348088414005094,0.024597424298818154,0.014178751982241847,0.01415405031877981,0.9999005890833306,0.184326171875,17.53100297582431,127.0
block.0.attn.k_post,6,0.25,cfg_conditional,163840,1.7394824372372006,0.02548303182720923,0.014649778164868184,0.014104366099968502,0.9998939612324721,0.1885986328125,17.456794798843504,127.0
block.0.attn.k_post,6,0.25,cfg_null,163840,1.7397826772955494,0.02567644709868354,0.014758422091313705,0.014119709942679037,0.9998923679052136,0.1953125,17.452988511934056,127.0
block.0.attn.k_post,6,0.25,plain,163840,1.7387632969657976,0.025094875051953312,0.014432599937981634,0.014141331332643859,0.9998969982487358,0.1849365234375,17.463441383181596,127.0
block.0.attn.k_post,7,0.125,cfg_conditional,163840,1.7392799659905342,0.027157755971496778,0.01561436715338132,0.014145084494055027,0.9998796530317575,0.1971435546875,17.391732283464567,127.0
block.0.attn.k_post,7,0.125,cfg_null,163840,1.7395151206377835,0.027261178814525253,0.015671711324090183,0.014170530152148331,0.9998787799274363,0.201416015625,17.38675815852608,127.0
block.0.attn.k_post,7,0.125,plain,163840,1.7389498741467253,0.02680933284638455,0.015416967012657256,0.014156593073857948,0.999882639771028,0.1904296875,17.37671859621063,127.0
block.0.attn.k_pre,0,1.0,cfg_conditional,163840,1.7026309066136285,0.07488414074924217,0.04398142924480305,0.015245718609669456,0.9990825833481609,1.190185546875,27.93497881551427,127.0
block.0.attn.k_pre,0,1.0,cfg_null,163840,1.710649419879696,0.07675369366669375,0.0448681610473358,0.015516553584050819,0.999046293295758,1.234130859375,28.056779996616633,127.0
block.0.attn.k_pre,0,1.0,plain,163840,1.7087735515642721,0.07732460220869386,0.04525152097415609,0.015500241135565408,0.9990293861501395,1.2030029296875,28.015333761380415,127.0
block.0.attn.k_pre,1,0.875,cfg_conditional,163840,1.7431603094290273,0.0703616756566926,0.04036443193210359,0.014872248605141003,0.9992251714573093,1.1553955078125,28.81157822496309,127.0
block.0.attn.k_pre,1,0.875,cfg_null,163840,1.7431608339176081,0.07038941985493513,0.04038033581602496,0.014904317999577898,0.9992251635577872,1.1761474609375,28.7953582523376,127.0
block.0.attn.k_pre,1,0.875,plain,163840,1.7457029083584965,0.0715121846964827,0.04096469356502727,0.014938877005844554,0.9992016361205507,1.16943359375,28.83843369371309,127.0
block.0.attn.k_pre,2,0.75,cfg_conditional,163840,1.3853485782858186,0.013209421714609502,0.009535088801227467,0.009337047348285754,0.9999545916371375,0.0811767578125,22.99940214382382,127.0
block.0.attn.k_pre,2,0.75,cfg_null,163840,1.3798882617796842,0.013063842205923923,0.009467318889338971,0.009308740186525898,0.9999552401803613,0.078125,22.889043853038878,127.0
block.0.attn.k_pre,2,0.75,plain,163840,1.3871771793664223,0.013119742259136952,0.009457870598137469,0.009325229238535116,0.9999553300252217,0.0836181640625,23.02844911109744,127.0
block.0.attn.k_pre,3,0.625,cfg_conditional,163840,1.1660693454235993,0.010599352899388629,0.00908981351837029,0.00917569118133219,0.999958692817656,0.001220703125,19.314229169229822,127.0
block.0.attn.k_pre,3,0.625,cfg_null,163840,1.1648744075362056,0.010617349469399438,0.009114587290020308,0.009200228991606529,0.9999584666531859,0.0018310546875,19.280799204908956,127.0
block.0.attn.k_pre,3,0.625,plain,163840,1.1710414689085424,0.01065698174765154,0.009100430711120995,0.009198673483301256,0.9999585927210918,0.003662109375,19.407084307332678,127.0
block.0.attn.k_pre,4,0.5,cfg_conditional,163840,1.052534124201819,0.01058166713999886,0.010053514557566848,0.009164057944643745,0.9999494652895776,0.0,17.362579585999015,122.0
block.0.attn.k_pre,4,0.5,cfg_null,163840,1.054162873126275,0.010594599283726058,0.010050248926246298,0.009175177474255936,0.999949497643309,0.0,17.38006832092766,122.0
block.0.attn.k_pre,4,0.5,plain,163840,1.0609821312525005,0.01057795486413815,0.009969965141308048,0.00916290562278732,0.9999503069443344,0.0,17.523856576033463,124.0
block.0.attn.k_pre,5,0.375,cfg_conditional,163840,1.0010819400822655,0.010561359341720505,0.010549944933431333,0.009138924049832742,0.9999443530149879,0.0,16.425002691313978,117.0
block.0.attn.k_pre,5,0.375,cfg_null,163840,1.0029305626050038,0.010589902533470889,0.010558958843536248,0.009171719055919559,0.9999442533019598,0.0,16.44707627183809,118.0
block.0.attn.k_pre,5,0.375,plain,163840,1.0127764439999507,0.010583641361550919,0.010450125913030649,0.009162104313519848,0.9999454045669549,0.0,16.638265294352856,120.0
block.0.attn.k_pre,6,0.25,cfg_conditional,163840,0.9710523705764537,0.010583516733464068,0.010899017451737736,0.009164132126388757,0.9999406147854638,0.0,15.85159421905758,115.0
block.0.attn.k_pre,6,0.25,cfg_null,163840,0.9715633344443506,0.010590467125500084,0.010900439271472617,0.00916539568550796,0.9999405996614187,0.0,15.85438645730807,116.0
block.0.attn.k_pre,6,0.25,plain,163840,0.9850386166710622,0.01058001267602909,0.010740708533625049,0.009157330471957437,0.9999423250382421,0.0,16.09029935100886,117.0
block.0.attn.k_pre,7,0.125,cfg_conditional,163840,0.9149910337491481,0.010587401669484351,0.011571044173080901,0.009169400067515366,0.9999330663522323,0.0,14.878852423720472,112.0
block.0.attn.k_pre,7,0.125,cfg_null,163840,0.9150350127500461,0.010584823817108863,0.011567670820919996,0.009164520045391634,0.9999331040863297,0.0,14.874680887057087,112.0
block.0.attn.k_pre,7,0.125,plain,163840,0.9306183882563563,0.010615821806902168,0.01140727707604445,0.009197311514026297,0.9999349461927041,0.0,15.122555710199311,113.0
block.0.attn.output,0,1.0,cfg_conditional,163840,0.4009293002147947,0.004836984900877423,0.01206443355046899,0.0031627594658110297,0.9999273249790613,0.0506591796875,20.077202263779526,127.0
block.0.attn.output,0,1.0,cfg_null,163840,0.39184507585945727,0.004634324056443349,0.011826929421732833,0.0031574934126850722,0.999930134520455,0.0439453125,19.58062119371309,127.0
block.0.attn.output,0,1.0,plain,163840,0.39852312235765497,0.004789382703415036,0.012017828915625127,0.003159935620633574,0.9999278890731136,0.0543212890625,19.92176926980807,127.0
block.0.attn.output,1,0.875,cfg_conditional,163840,0.3759195094800917,0.004401125034001236,0.01170762602900852,0.0031367415719664713,0.9999315241358128,0.042724609375,18.354573888102856,127.0
block.0.attn.output,1,0.875,cfg_null,163840,0.37282221793317205,0.004296432855584187,0.011524079437653894,0.003136684221249142,0.9999336391823951,0.0335693359375,18.185544952632874,127.0
block.0.attn.output,1,0.875,plain,163840,0.37533625540651605,0.004156928667130191,0.01107521217908443,0.0031406566385693653,0.9999386914863015,0.0347900390625,18.28745924581693,127.0
block.0.attn.output,2,0.75,cfg_conditional,163840,0.3962267882994149,0.005616361311313696,0.014174612815601973,0.003188253123102161,0.9998997966943829,0.05859375,19.474775659756396,127.0
block.0.attn.output,2,0.75,cfg_null,163840,0.39479247771121884,0.005605594186382559,0.014198837371169254,0.0031836299917661704,0.9998994372419943,0.057373046875,19.39412274698573,127.0
block.0.attn.output,2,0.75,plain,163840,0.39518113150905176,0.005132993618858921,0.012988964324429919,0.003175851985975834,0.9999158182580149,0.0567626953125,19.385001114972933,127.0
block.0.attn.output,3,0.625,cfg_conditional,163840,0.40476524042187423,0.005607817702360608,0.013854494265653232,0.0031840410179058503,0.9999042425274909,0.06103515625,19.999149352546752,127.0
block.0.attn.output,3,0.625,cfg_null,163840,0.40398905049267264,0.005595784845975323,0.01385132799800181,0.003184059400123746,0.9999042788868409,0.05859375,19.964887964443896,127.0
block.0.attn.output,3,0.625,plain,163840,0.40314654120828264,0.005156840853466897,0.012791479837607372,0.0031612626514248947,0.9999183292925333,0.0469970703125,19.89259734867126,127.0
block.0.attn.output,4,0.5,cfg_conditional,163840,0.41061346912181684,0.00506127309723257,0.012326125365680686,0.0031674493942503964,0.9999241342473072,0.0518798828125,20.385785440760333,127.0
block.0.attn.output,4,0.5,cfg_null,163840,0.410298042872032,0.005023181801241023,0.012242763251024585,0.003167669189391091,0.999925169903137,0.05126953125,20.37488081323819,127.0
block.0.attn.output,4,0.5,plain,163840,0.4087322825095888,0.004863534223462007,0.011899070446797676,0.0031592577834315405,0.9999292762917371,0.0482177734375,20.287230484128937,127.0
block.0.attn.output,5,0.375,cfg_conditional,163840,0.4204731341693407,0.004816815263133669,0.01145570280643365,0.0031532650257528106,0.9999344549297212,0.0457763671875,20.962538831815944,127.0
block.0.attn.output,5,0.375,cfg_null,163840,0.42044138651692,0.004703189328230864,0.011186313904998009,0.0031551564602564468,0.999937499841252,0.04638671875,20.966085599163385,127.0
block.0.attn.output,5,0.375,plain,163840,0.41907717439920755,0.004793525251008301,0.011438287608673362,0.0031453955101347296,0.9999346420817258,0.04150390625,20.868376484067422,127.0
block.0.attn.output,6,0.25,cfg_conditional,163840,0.4362425274636459,0.005103955137586742,0.011699811036905561,0.0031730412493432896,0.9999316667498076,0.0579833984375,21.801666500061515,127.0
block.0.attn.output,6,0.25,cfg_null,163840,0.43618841571748623,0.005002191340954188,0.011467960084923587,0.003170167922553159,0.9999343440000451,0.05615234375,21.80311308132382,127.0
block.0.attn.output,6,0.25,plain,163840,0.4358277176280778,0.005302600210823819,0.012166734689758528,0.003178831064606859,0.9999261220185058,0.05615234375,21.733768493171752,127.0
block.0.attn.output,7,0.125,cfg_conditional,163840,0.4503502079730773,0.005916846918689407,0.013138323939761843,0.003206951883407746,0.9999139945324994,0.091552734375,22.531983383058563,127.0
block.0.attn.output,7,0.125,cfg_null,163840,0.45019186953771645,0.0057883569242625135,0.012857533234010511,0.0032090813799222823,0.9999175932845678,0.086669921875,22.528479868971456,127.0
block.0.attn.output,7,0.125,plain,163840,0.4510338488964551,0.006217351119087674,0.013784666348877523,0.003211135187346286,0.9999053210588656,0.0836181640625,22.518781526820867,127.0
block.0.attn.q_post,0,1.0,cfg_conditional,163840,1.421514435222504,0.01577367524343216,0.011096387664162672,0.013568803106750238,0.999938440907072,0.0,16.099070151021163,115.0
block.0.attn.q_post,0,1.0,cfg_null,163840,1.4198775040036693,0.015807259218409943,0.011132833060484276,0.013606461935421522,0.9999380413045504,0.0,16.088987335445374,114.0
block.0.attn.q_post,0,1.0,plain,163840,1.4210917214263066,0.015767665407507393,0.011095459335785776,0.013568374189162569,0.9999384546003527,0.0,16.090751107283463,121.0
block.0.attn.q_post,1,0.875,cfg_conditional,163840,1.4192766125322043,0.01582678260046222,0.011151302332971473,0.013605980421027652,0.9999378235990786,0.0,16.0758575679749,117.0
block.0.attn.q_post,1,0.875,cfg_null,163840,1.4188492130104444,0.015812555505978078,0.011144634229614701,0.013599145288731051,0.9999379019038388,0.0,16.075463482714074,113.0
block.0.attn.q_post,1,0.875,plain,163840,1.4193960218982398,0.015819420562459798,0.011145177468726156,0.013614112501215914,0.9999378985023863,0.0,16.076203594057578,118.0
block.0.attn.q_post,2,0.75,cfg_conditional,163840,1.4686438205289305,0.015804599504728706,0.010761356350538891,0.013553031325750453,0.9999421022021783,0.0018310546875,16.410056286909448,127.0
block.0.attn.q_post,2,0.75,cfg_null,163840,1.469315044353521,0.015752328893148954,0.010720865449301765,0.013510010940615302,0.9999425370333773,0.001220703125,16.4155975101501,127.0
block.0.attn.q_post,2,0.75,plain,163840,1.4688690510892386,0.015769919027498268,0.010736095920738542,0.013552582712350159,0.9999423765505775,0.001220703125,16.40872985359252,127.0
block.0.attn.q_post,3,0.625,cfg_conditional,163840,1.5131693290365043,0.01660179259959358,0.010971536549821961,0.01355796927297206,0.9999398113398469,0.0146484375,16.62227600578248,127.0
block.0.attn.q_post,3,0.625,cfg_null,163840,1.5136779962368383,0.016402142533242292,0.010835952279163556,0.013571838418522475,0.9999412895904678,0.018310546875,16.621535894438978,127.0
block.0.attn.q_post,3,0.625,plain,163840,1.5133514073680807,0.01633651980318058,0.01079492821273544,0.013569898655885027,0.9999417339373973,0.0225830078125,16.627038670337107,127.0
block.0.attn.q_post,4,0.5,cfg_conditional,163840,1.546435824438013,0.018663781647171026,0.012068901503852312,0.013644731725446491,0.999927230061656,0.0433349609375,16.747907503383367,127.0
block.0.attn.q_post,4,0.5,cfg_null,163840,1.5465601717179225,0.018895898136940315,0.01221801678492128,0.013608548835793498,0.9999254233393552,0.0445556640625,16.74415408156988,127.0
block.0.attn.q_post,4,0.5,plain,163840,1.5468336416244086,0.018742870737292437,0.012116927271900807,0.013678201251104838,0.999926653843107,0.045166015625,16.759691613865648,127.0
block.0.attn.q_post,5,0.375,cfg_conditional,163840,1.56610359932464,0.02042139441853828,0.013039619107793837,0.013699486147947937,0.9999151609780353,0.0634765625,16.817862443097933,127.0
block.0.attn.q_post,5,0.375,cfg_null,163840,1.5664556619067393,0.02048772269768274,0.013079031341841133,0.01367703885582614,0.9999146473721572,0.0653076171875,16.818862074003444,127.0
block.0.attn.q_post,5,0.375,plain,163840,1.567178958051763,0.020290778464961582,0.012947327017576884,0.013671735357229408,0.999916316023676,0.0567626953125,16.843886488065944,127.0
block.0.attn.q_post,6,0.25,cfg_conditional,163840,1.5747343177353845,0.020547366988413737,0.013048148349216632,0.013691319181225481,0.9999150669434331,0.0634765625,16.837302380659448,127.0
block.0.attn.q_post,6,0.25,cfg_null,163840,1.5753577952001,0.020717249472569615,0.013150821696310669,0.013707656484859854,0.9999137501530144,0.0653076171875,16.8403060792938,127.0
block.0.attn.q_post,6,0.25,plain,163840,1.5765619585741362,0.02037862022054767,0.012925987532376063,0.013716232647539073,0.9999166434912274,0.067138671875,16.871381143885333,127.0
block.0.attn.q_post,7,0.125,cfg_conditional,163840,1.5765158670520827,0.020828720244047767,0.013211868449503944,0.013656037710268265,0.9999129289270274,0.06103515625,16.826426588644193,127.0
block.0.attn.q_post,7,0.125,cfg_null,163840,1.5772239752552237,0.020967176279078233,0.013293721505650686,0.01367247754357095,0.9999118994194196,0.0665283203125,16.8280990480438,127.0
block.0.attn.q_post,7,0.125,plain,163840,1.5789532846844407,0.020478230123828395,0.012969497148815927,0.013632242764163038,0.9999161187968535,0.0665283203125,16.85675673597441,127.0
block.0.attn.q_pre,0,1.0,cfg_conditional,163840,1.4087435148904153,0.1357352437887259,0.09635199193749942,0.019613232171947104,0.9956731374652954,0.99853515625,22.142156165415848,127.0
block.0.attn.q_pre,0,1.0,cfg_null,163840,1.412864409265012,0.13722897503041592,0.09712819866543597,0.019765493687344815,0.9956031557490155,1.02294921875,22.201009434977856,127.0
block.0.attn.q_pre,0,1.0,plain,163840,1.415355292910174,0.13839982918940488,0.09778451381266602,0.020068895843954947,0.9955557150403379,1.046142578125,22.20459945558563,127.0
block.0.attn.q_pre,1,0.875,cfg_conditional,163840,1.4388635191681978,0.15534952418631223,0.1079668238973209,0.021385785166661363,0.9945666370598337,1.0333251953125,22.618792676550196,127.0
block.0.attn.q_pre,1,0.875,cfg_null,163840,1.4381074377366463,0.1548722192990182,0.10769168925429005,0.021349176628672063,0.9945947110486428,1.043701171875,22.605470672367126,127.0
block.0.attn.q_pre,1,0.875,plain,163840,1.442378510445047,0.15741512579161596,0.10913579525186172,0.021772990795096092,0.9944611291842932,1.07177734375,22.638218196358267,127.0
block.0.attn.q_pre,2,0.75,cfg_conditional,163840,1.1752677365546669,0.0864817783560408,0.0735847464081374,0.01402959747237702,0.9974307070196494,0.5523681640625,18.490985059362696,127.0
block.0.attn.q_pre,2,0.75,cfg_null,163840,1.1717526603008745,0.08560122296379637,0.073054003514544,0.013951757216882221,0.9974656935664937,0.5426025390625,18.430007574126478,127.0
block.0.attn.q_pre,2,0.75,plain,163840,1.1771079675085956,0.08712330860317255,0.07401471318520861,0.014090636265923707,0.9974020160054711,0.5596923828125,18.49875622846949,127.0
block.0.attn.q_pre,3,0.625,cfg_conditional,163840,1.0127068464740547,0.05658459551513035,0.05587460548147882,0.011389480175524724,0.9984900256818244,0.2789306640625,15.872177965059056,127.0
block.0.attn.q_pre,3,0.625,cfg_null,163840,1.0117899412497025,0.05626805683732706,0.055612390026163055,0.011362105421952684,0.9985037054331909,0.2752685546875,15.851055956262304,127.0
block.0.attn.q_pre,3,0.625,plain,163840,1.0149281677451811,0.05668220980935768,0.05584849412080652,0.0114050209302615,0.9984914382546087,0.29052734375,15.902945450910433,127.0
block.0.attn.q_pre,4,0.5,cfg_conditional,163840,0.9214567892724338,0.04627268593231553,0.05021688099867563,0.010726542320734112,0.9987752878180804,0.1971435546875,14.378883181594489,127.0
block.0.attn.q_pre,4,0.5,cfg_null,163840,0.922125301260709,0.04616161821172243,0.05006002779515029,0.010725207545360504,0.9987829341798466,0.196533203125,14.384188914862206,127.0
block.0.attn.q_pre,4,0.5,plain,163840,0.924511586607229,0.046682265991632735,0.050493976136034416,0.010742387060006565,0.9987607719352085,0.2020263671875,14.436318705401083,127.0
block.0.attn.q_pre,5,0.375,cfg_conditional,163840,0.8732216825209983,0.04315229988576746,0.04941734813682867,0.010546845987655295,0.9988133210451094,0.16845703125,13.579610989788385,127.0
block.0.attn.q_pre,5,0.375,cfg_null,163840,0.8736021232379355,0.04302333147284111,0.04924819929853034,0.010542908458077527,0.9988213844080277,0.16845703125,13.583633542999507,127.0
block.0.attn.q_pre,5,0.375,plain,163840,0.8773187975859255,0.04400437924150549,0.05015779824003561,0.010542142055044935,0.9987769224476721,0.1708984375,13.669467235174706,127.0
block.0.attn.q_pre,6,0.25,cfg_conditional,163840,0.843403634709388,0.04103452053671682,0.048653478415297685,0.010425979499843408,0.9988495376171683,0.150146484375,13.084250622846948,127.0
block.0.attn.q_pre,6,0.25,cfg_null,163840,0.8430866509673951,0.04061974396849522,0.04817979732200281,0.01041104852504624,0.9988711450204038,0.1483154296875,13.082174466350885,127.0
block.0.attn.q_pre,6,0.25,plain,163840,0.8491204180800889,0.04264744175312336,0.05022543427886439,0.010468649474620584,0.9987731520737814,0.1544189453125,13.207681010088583,127.0
block.0.attn.q_pre,7,0.125,cfg_conditional,163840,0.8047262420370874,0.0346001000366025,0.04299611250282538,0.010105982903609246,0.9990978072415151,0.1275634765625,12.477479469119094,127.0
block.0.attn.q_pre,7,0.125,cfg_null,163840,0.804318857927918,0.03416370921118768,0.04247533036736208,0.010098211049761474,0.9991197061883602,0.125732421875,12.470813661109744,127.0
block.0.attn.q_pre,7,0.125,plain,163840,0.8121339249655337,0.037271639171100296,0.04589346415085674,0.010226617848135078,0.9989723919166665,0.1324462890625,12.621037040169783,127.0
block.0.attn.softmax,0,1.0,cfg_conditional,327680,0.047567340066727595,0.0019074278431720304,0.040099527122943714,0.001424456685238015,0.9991968381418768,0.0,1.5459940752645178,109.0
block.0.attn.softmax,0,1.0,cfg_null,327680,0.04730386187369519,0.001908638470425338,0.0403484703959593,0.0014272266064766584,0.9991865962989865,0.0,1.5461646853469488,108.0
block.0.attn.softmax,0,1.0,plain,327680,0.04751995104275749,0.0019094394853790579,0.04018184874940176,0.0014263965517490808,0.9991934726982032,0.0,1.545785017839567,110.0
block.0.attn.softmax,1,0.875,cfg_conditional,327680,0.04721862064478237,0.0019238503282034576,0.04074346734260315,0.001444956973943861,0.9991708536278219,0.0,1.5445955531803641,108.0
block.0.attn.softmax,1,0.875,cfg_null,327680,0.0471765106774235,0.0019238454101059088,0.04077973089744792,0.0014453274025238508,0.9991694851032673,0.0,1.5445162555364174,110.0
block.0.attn.softmax,1,0.875,plain,327680,0.04724281840348249,0.001924325093721768,0.04073264802465547,0.0014451850220695318,0.9991715393530245,0.0,1.5444033164677657,108.0
block.0.attn.softmax,2,0.75,cfg_conditional,327680,0.059343613493879045,0.0018188092712275131,0.030648778598814392,0.0012948020102400589,0.9995306146995001,0.0,1.5426275298351377,117.0
block.0.attn.softmax,2,0.75,cfg_null,327680,0.059529219849767535,0.0018172996171689855,0.030527858785236242,0.0012924956836189204,0.9995343470316925,0.0,1.5426107091227854,117.0
block.0.attn.softmax,2,0.75,plain,327680,0.05939703563975739,0.001818944585607987,0.030623490987662642,0.0012941763162630001,0.9995316025679521,0.0,1.5423247570127954,118.0
block.0.attn.softmax,3,0.625,cfg_conditional,327680,0.06715066549334622,0.0017335658510039917,0.025816063597698315,0.0011890734712738358,0.9996668945291297,0.0,1.5390495240218995,121.0
block.0.attn.softmax,3,0.625,cfg_null,327680,0.06727255035635518,0.0017333280901112504,0.025765755585740246,0.001188227719283333,0.9996681902048253,0.0,1.5393931471456692,120.0
block.0.attn.softmax,3,0.625,plain,327680,0.067106795439679,0.0017348706217304554,0.025852383657477686,0.001190535393347886,0.9996659686903643,0.0,1.5396790992556595,120.0
block.0.attn.softmax,4,0.5,cfg_conditional,327680,0.07082874655993285,0.0016687851480410708,0.02356084540658929,0.0011148604214699538,0.9997225620430511,0.0,1.536994994156004,122.0
block.0.attn.softmax,4,0.5,cfg_null,327680,0.07087566177391189,0.0016698061561205753,0.023559655237465484,0.001116306326499705,0.9997226149917953,0.0,1.5370046059916338,122.0
block.0.attn.softmax,4,0.5,plain,327680,0.07067831391084246,0.0016746701916071469,0.02369425781321932,0.001121042078159988,0.9997193801545552,0.0,1.5377086729515257,121.0
block.0.attn.softmax,5,0.375,cfg_conditional,327680,0.07203274376039424,0.0016260763813302553,0.022574128048476763,0.001068111696387758,0.9997452837640072,0.0,1.5365312230868602,122.0
block.0.attn.softmax,5,0.375,cfg_null,327680,0.0721110582831179,0.0016262802737591338,0.022552439424396387,0.0010679886142800226,0.9997457426972499,0.0,1.5364086721825787,123.0
block.0.attn.softmax,5,0.375,plain,327680,0.07180411192595958,0.0016394772728483414,0.022832637698226525,0.0010808159583240546,0.9997394381758177,0.0,1.5368964728407972,121.0
block.0.attn.softmax,6,0.25,cfg_conditional,327680,0.07237394419057364,0.001591132484897558,0.02198488009314263,0.0010291939725418156,0.9997584291811363,0.0,1.5365672674704725,123.0
block.0.attn.softmax,6,0.25,cfg_null,327680,0.07247305290754646,0.0015882366723337436,0.021914858124713606,0.0010263416863335486,0.9997599403128244,0.0,1.5368628314160926,123.0
block.0.attn.softmax,6,0.25,plain,327680,0.072042899130494,0.0016091532453244752,0.022336042340685872,0.0010474308584755548,0.9997506146595294,0.0,1.537105530265748,122.0
block.0.attn.softmax,7,0.125,cfg_conditional,327680,0.0726991143705407,0.0015386629442949388,0.02116481002027776,0.000969824674404759,0.9997760749311491,0.0,1.5371800219918799,122.0
block.0.attn.softmax,7,0.125,cfg_null,327680,0.07276765060231657,0.0015379060775098988,0.021134474794503522,0.0009694737753205412,0.9997767023309199,0.0,1.5370887095533956,122.0
block.0.attn.softmax,7,0.125,plain,327680,0.0722342861973786,0.0015570984084021832,0.021556223372200926,0.0009901673213455948,0.9997677203740298,0.0,1.5373338113619586,123.0
block.0.attn.v,0,1.0,cfg_conditional,163840,0.7617314995269816,0.02790236579709113,0.036630185064445785,0.005889952232074514,0.9993445704185822,0.523681640625,26.16345503198819,127.0
block.0.attn.v,0,1.0,cfg_null,163840,0.7591769902445975,0.027122431012165712,0.03572609728783692,0.005835603993393512,0.9993764695376094,0.5126953125,26.082811731053148,127.0
block.0.attn.v,0,1.0,plain,163840,0.7616543126339524,0.02988694205521728,0.03923951004998879,0.006065852434377383,0.9992499121262679,0.540771484375,26.114948903481793,127.0
block.0.attn.v,1,0.875,cfg_conditional,163840,0.8004158737741449,0.03653103804524834,0.045640071920358224,0.00670184376638705,0.9989904893186615,0.7330322265625,27.47078963152067,127.0
block.0.attn.v,1,0.875,cfg_null,163840,0.7996041379238803,0.035983982689144586,0.04500224671494902,0.00667534859814829,0.9990182780336975,0.732421875,27.456612173966537,127.0
block.0.attn.v,1,0.875,plain,163840,0.800009834716397,0.03821423123819791,0.04776720182664358,0.006849676824199768,0.9988956468312808,0.7757568359375,27.40038774144931,127.0
block.0.attn.v,2,0.75,cfg_conditional,163840,0.7204594534474648,0.019212094424818683,0.02666644782421418,0.005202563605737431,0.9996494297010712,0.2899169921875,24.907087190883367,127.0
block.0.attn.v,2,0.75,cfg_null,163840,0.719465351282842,0.0187787891659793,0.026101033402784163,0.005174084932795609,0.9996639990964495,0.283203125,24.886811023622048,127.0
block.0.attn.v,2,0.75,plain,163840,0.7186479656935467,0.020109420221762056,0.027982296175228197,0.005279152357747919,0.9996145254841173,0.3009033203125,24.790063092089074,127.0
block.0.attn.v,3,0.625,cfg_conditional,163840,0.654736278735686,0.00968218535949059,0.014787916408400586,0.004666167247118658,0.9998911211073065,0.107421875,22.744505874753937,127.0
block.0.attn.v,3,0.625,cfg_null,163840,0.6543080865865138,0.009527280862434364,0.01456084841032245,0.004670835163593523,0.9998944404452926,0.103759765625,22.735980176550196,127.0
block.0.attn.v,3,0.625,plain,163840,0.6522062399467778,0.009941716383253809,0.015243209546822314,0.004681776198147603,0.9998843969853326,0.1123046875,22.607075848917322,127.0
block.0.attn.v,4,0.5,cfg_conditional,163840,0.6162966280855261,0.006597473000156317,0.010705028551999084,0.004553330065890737,0.9999427634513222,0.047607421875,21.451315091350885,127.0
block.0.attn.v,4,0.5,cfg_null,163840,0.6165140142213362,0.006571810457182001,0.010659628663076326,0.004545891289602011,0.999943238015224,0.0506591796875,21.461229699803148,127.0
block.0.attn.v,4,0.5,plain,163840,0.6132922492126192,0.006691894400826904,0.010911428294452366,0.004543051210063531,0.9999405234841351,0.040283203125,21.312073234498033,127.0
block.0.attn.v,5,0.375,cfg_conditional,163840,0.6017777183871559,0.006374533873907994,0.010592837985082914,0.004522312892242653,0.9999439330101424,0.0390625,20.960049366387796,127.0
block.0.attn.v,5,0.375,cfg_null,163840,0.601969377067008,0.006331116195417325,0.010517339314276411,0.0045280647939861755,0.9999447305957767,0.0372314453125,20.968147337906004,127.0
block.0.attn.v,5,0.375,plain,163840,0.5985129204065787,0.0059904556038378005,0.01000889938978827,0.004518528179957393,0.9999499255080034,0.0250244140625,20.812820074126478,127.0
block.0.attn.v,6,0.25,cfg_conditional,163840,0.6027633299370789,0.00725855497883292,0.0120421309962413,0.004555743787450872,0.9999275798918007,0.0408935546875,20.974491149421752,127.0
block.0.attn.v,6,0.25,cfg_null,163840,0.6025891709111584,0.007128696622736817,0.01183011074022076,0.004550566401499978,0.9999300866217776,0.04150390625,20.97228042722687,127.0
block.0.attn.v,6,0.25,plain,163840,0.5995491258186872,0.006114791773711322,0.010198983720244015,0.004525477013097667,0.99994800512093,0.029296875,20.843102162278544,127.0
block.0.attn.v,7,0.125,cfg_conditional,163840,0.6025767379545216,0.008011356548659226,0.013295163991650585,0.004567309700386169,0.9999117421291026,0.042724609375,20.94534806379183,127.0
block.0.attn.v,7,0.125,cfg_null,163840,0.6023423915428862,0.007930677039054989,0.01316639364986539,0.0045615868046816384,0.9999134156309538,0.0390625,20.940273014579233,127.0
block.0.attn.v,7,0.125,plain,163840,0.6002111304496415,0.006484896722286983,0.01080435932174216,0.004527065760033544,0.999941669486727,0.035400390625,20.858673335999015,127.0
block.0.mlp.activation_input,0,1.0,cfg_conditional,655360,0.8289662111050108,0.016558690235945073,0.01997510877297684,0.009125501412758474,0.9998019974860621,0.08270263671875,12.399205485666831,127.0
block.0.mlp.activation_input,0,1.0,cfg_null,655360,0.8278691621565732,0.016492329930568195,0.01992142078055691,0.009112416478411389,0.9998029362436585,0.081329345703125,12.387613611897146,127.0
block.0.mlp.activation_input,0,1.0,plain,655360,0.830321939455125,0.01617444966853169,0.019479732980614374,0.009118304864656413,0.9998116983347408,0.084686279296875,12.407456045075664,127.0
block.0.mlp.activation_input,1,0.875,cfg_conditional,655360,0.8906177973385897,0.02336832098756314,0.02623832698761926,0.009452495388368166,0.9996615247569527,0.152587890625,13.32174826794722,127.0
block.0.mlp.activation_input,1,0.875,cfg_null,655360,0.8930410956413847,0.023641706515797715,0.02647325708882207,0.009455742531184686,0.9996556079419262,0.15472412109375,13.389146459384227,127.0
block.0.mlp.activation_input,1,0.875,plain,655360,0.8919588208945308,0.023163840770526863,0.025969630242903174,0.009451743803998358,0.9996684296295353,0.149993896484375,13.333001324510949,127.0
block.0.mlp.activation_input,2,0.75,cfg_conditional,655360,0.8740880555023265,0.02090669933371497,0.023918298851138258,0.009324371463960146,0.9997177775461674,0.127716064453125,12.95203261488066,127.0
block.0.mlp.activation_input,2,0.75,cfg_null,655360,0.8767485510526264,0.021155578699883756,0.024129585015549005,0.009335478292392157,0.9997128991004246,0.130767822265625,13.012919989157849,127.0
block.0.mlp.activation_input,2,0.75,plain,655360,0.8761456304366583,0.020418575909623343,0.023305002273933638,0.009310902524284969,0.9997320466515475,0.128021240234375,12.983687994048351,127.0
block.0.mlp.activation_input,3,0.625,cfg_conditional,655360,0.8528840455317143,0.017212827121690893,0.020181907742171313,0.0091491851092254,0.9997980176085115,0.09246826171875,12.757044514333169,127.0
block.0.mlp.activation_input,3,0.625,cfg_null,655360,0.8548019803216798,0.01739668708888087,0.02035171594049669,0.00914520053383292,0.9997946349872228,0.093231201171875,12.799331785187007,127.0
block.0.mlp.activation_input,3,0.625,plain,655360,0.8551118785564383,0.01652603624116626,0.019326168488110324,0.00912040730893473,0.9998146287376816,0.089111328125,12.79570572019562,127.0
block.0.mlp.activation_input,4,0.5,cfg_conditional,655360,0.8334919762394037,0.013923249854018174,0.01670471972248357,0.009007192835045008,0.9998609041131868,0.05828857421875,12.695268045260212,127.0
block.0.mlp.activation_input,4,0.5,cfg_null,655360,0.8345110028632177,0.013989506101821014,0.01676371678003387,0.00900172264613446,0.999859940231369,0.0592041015625,12.721638116310901,127.0
block.0.mlp.activation_input,4,0.5,plain,655360,0.8356998501045518,0.013347030435230849,0.01597108152354107,0.00898642219826903,0.999872808097967,0.0494384765625,12.726359930564099,127.0
block.0.mlp.activation_input,5,0.375,cfg_conditional,655360,0.8213937659898386,0.011785151587391745,0.014347749003414689,0.008912335005451855,0.9998971359017631,0.032196044921875,12.84966416246309,127.0
block.0.mlp.activation_input,5,0.375,cfg_null,655360,0.8216812059535671,0.011812444678789917,0.014375946039901798,0.008913622333323712,0.999896726975843,0.031890869140625,12.861715001384104,127.0
block.0.mlp.activation_input,5,0.375,plain,655360,0.8228579886915087,0.011365669233098664,0.013812431050432054,0.008892698711804514,0.9999046481877779,0.028533935546875,12.86331657349594,127.0
block.0.mlp.activation_input,6,0.25,cfg_conditional,655360,0.819764425333931,0.01087390009099248,0.01326466452427842,0.008870704328056788,0.9999120228315944,0.01678466796875,13.21181770384781,127.0
block.0.mlp.activation_input,6,0.25,cfg_null,655360,0.819812815766565,0.010870234466117956,0.013259410266664051,0.008880356723489502,0.9999120936179557,0.01678466796875,13.219426673228346,127.0
block.0.mlp.activation_input,6,0.25,plain,655360,0.8210705336391559,0.010659376054702838,0.012982290336809749,0.008860224395947646,0.9999157269178579,0.015411376953125,13.219116691529281,127.0
block.0.mlp.activation_input,7,0.125,cfg_conditional,655360,0.8189064479874544,0.010483254048643302,0.012801528275185721,0.008853568699873703,0.9999180589155064,0.00946044921875,13.536041740357406,127.0
block.0.mlp.activation_input,7,0.125,cfg_null,655360,0.8187530669226939,0.010491825775824172,0.012814395694733688,0.00885637305019502,0.9999178930988747,0.009307861328125,13.536665308193898,127.0
block.0.mlp.activation_input,7,0.125,plain,655360,0.8206714767588623,0.010398027787978503,0.012670146437943952,0.008852346410495305,0.9999197319225666,0.00732421875,13.548517903005044,127.0
block.0.mlp.activation_output,0,1.0,cfg_conditional,655360,0.4176106111112294,0.052337485992888594,0.1253260444068282,0.004518660325912194,0.992894379628502,0.242767333984375,3.5711045152559056,127.0
block.0.mlp.activation_output,0,1.0,cfg_null,655360,0.40652557565325226,0.04669377110054192,0.11486059893158991,0.00416625521268763,0.9939884616446272,0.21697998046875,3.4586977020023375,127.0
block.0.mlp.activation_output,0,1.0,plain,655360,0.4152061933619346,0.05165155835925576,0.1243997781946166,0.0044360758438042325,0.9929569223226656,0.231475830078125,3.5540038581908218,127.0
block.0.mlp.activation_output,1,0.875,cfg_conditional,655360,0.30894229117628746,0.017908416138177972,0.05796686517081322,0.0024716535601363885,0.9983787953265074,0.063934326171875,2.5252346729669046,127.0
block.0.mlp.activation_output,1,0.875,cfg_null,655360,0.3048089116568573,0.016304739314805423,0.05349167524721423,0.00240955307152646,0.9986145031347361,0.058746337890625,2.493420698511319,127.0
block.0.mlp.activation_output,1,0.875,plain,655360,0.30907723326287934,0.017933027308716026,0.058021184929733904,0.002505456772946246,0.9983822029759838,0.064697265625,2.547760009765625,127.0
block.0.mlp.activation_output,2,0.75,cfg_conditional,655360,0.28258891505044215,0.008781093011759823,0.03107373482853139,0.002574624816157822,0.9995199240042861,0.02227783203125,2.604735366941437,127.0
block.0.mlp.activation_output,2,0.75,cfg_null,655360,0.2801308072613215,0.00792921880244618,0.02830541517359555,0.002557011071458959,0.9996009385808501,0.021514892578125,2.5913737139363926,127.0
block.0.mlp.activation_output,2,0.75,plain,655360,0.28342101157512184,0.008829217220204228,0.03115230296841986,0.002604060121419849,0.9995181373374729,0.02532958984375,2.642687699926181,127.0
block.0.mlp.activation_output,3,0.625,cfg_conditional,655360,0.28014121453840224,0.006276107355997801,0.022403370265739537,0.002871292094462419,0.9997490597803652,0.01068115234375,2.893790898360605,127.0
block.0.mlp.activation_output,3,0.625,cfg_null,655360,0.2782416148919217,0.005900518598648743,0.021206456126056848,0.0028566252282448803,0.9997752796641626,0.008087158203125,2.8845947746216782,127.0
block.0.mlp.activation_output,3,0.625,plain,655360,0.28144340744413093,0.0061083074579769085,0.021703501650467555,0.002880180554413769,0.9997644980047382,0.01007080078125,2.9323007178118847,127.0
block.0.mlp.activation_output,4,0.5,cfg_conditional,655360,0.2918347865810045,0.0057599131743795015,0.01973689717343112,0.0031763300830188967,0.9998058450379508,0.0048828125,3.315571462075541,127.0
block.0.mlp.activation_output,4,0.5,cfg_null,655360,0.2907555527991512,0.005708734939077795,0.019634139001366856,0.0031721111201772345,0.9998079971707016,0.003509521484375,3.310873677411417,127.0
block.0.mlp.activation_output,4,0.5,plain,655360,0.2930947695316932,0.00578960143808915,0.019753342740778945,0.0031874659507515448,0.9998055074847738,0.004425048828125,3.3433232344980315,127.0
block.0.mlp.activation_output,5,0.375,cfg_conditional,655360,0.31928882403260944,0.006034244838740824,0.018899016766476418,0.0034899834913819207,0.999821988047505,0.004425048828125,3.9413716473917324,127.0
block.0.mlp.activation_output,5,0.375,cfg_null,655360,0.3186967164188518,0.005981190964052282,0.018767657951616345,0.0034857114039269278,0.99982460360238,0.003662109375,3.9389710914431593,127.0
block.0.mlp.activation_output,5,0.375,plain,655360,0.3200129447035166,0.006147133634359348,0.019209015560462724,0.003487041417146486,0.9998160154284342,0.005340576171875,3.9513078824741634,127.0
block.0.mlp.activation_output,6,0.25,cfg_conditional,655360,0.3643886771146857,0.007288753918782378,0.020002690469134294,0.003743800378773443,0.9998000251353776,0.0091552734375,4.790875292199803,127.0
block.0.mlp.activation_output,6,0.25,cfg_null,655360,0.36457957076486047,0.007261756624649457,0.01991816658682997,0.0037418988162126964,0.99980172613451,0.008697509765625,4.797368087167815,127.0
block.0.mlp.activation_output,6,0.25,plain,655360,0.3637360982534154,0.007395284901815397,0.020331457167231975,0.0037482851815681785,0.9997933959577064,0.008697509765625,4.783003198818897,127.0
block.0.mlp.activation_output,7,0.125,cfg_conditional,655360,0.4209753969529085,0.009727747085159368,0.02310763801298236,0.003948896855552775,0.9997330884501641,0.01739501953125,5.7377444289800685,127.0
block.0.mlp.activation_output,7,0.125,cfg_null,655360,0.42077164273539736,0.009842103774260437,0.023390606149877008,0.0039550721456649285,0.9997264957019323,0.016326904296875,5.738858200433686,127.0
block.0.mlp.activation_output,7,0.125,plain,655360,0.41796647966710493,0.010106886724380293,0.024181093977751658,0.003964746346747816,0.9997077535188791,0.018157958984375,5.703057717150591,127.0
block.0.mlp.input,0,1.0,cfg_conditional,163840,0.6209551955515106,0.035516126675711884,0.057195957019359034,0.009473156018428597,0.9985197986757899,0.3759765625,8.507027213029035,127.0
block.0.mlp.input,0,1.0,cfg_null,163840,0.6155951889648665,0.03379026077402149,0.054890391250198636,0.00934482844394422,0.9986245259262013,0.3619384765625,8.39410736804872,127.0
block.0.mlp.input,0,1.0,plain,163840,0.620132114718844,0.034846380834361944,0.05619186622863521,0.009396850416794323,0.9985646575881942,0.3662109375,8.48892332062008,127.0
block.0.mlp.input,1,0.875,cfg_conditional,163840,0.6162232922616198,0.03060454411523222,0.04966469865640676,0.009018549912515184,0.9988515376376257,0.2752685546875,8.652367779589074,127.0
block.0.mlp.input,1,0.875,cfg_null,163840,0.6152495426787331,0.02997379754362226,0.048718114300612785,0.009005847796195354,0.9988931446402013,0.2606201171875,8.619524137241633,127.0
block.0.mlp.input,1,0.875,plain,163840,0.6160783428227189,0.030190117886969476,0.04900369934876433,0.008997911211665155,0.9988801767752086,0.2642822265625,8.637378121924213,127.0
block.0.mlp.input,2,0.75,cfg_conditional,163840,0.5937871055325477,0.022120471288210146,0.03725320250659711,0.008528638640041742,0.9993401908049218,0.1995849609375,8.773500938115157,127.0
block.0.mlp.input,2,0.75,cfg_null,163840,0.5937228584489237,0.02152136780255247,0.03624817117329144,0.008518722952687342,0.9993743957658574,0.1953125,8.789408526082678,127.0
block.0.mlp.input,2,0.75,plain,163840,0.5939403925448336,0.02158673201825041,0.036344946882225955,0.0085211194056666,0.9993716276509593,0.1971435546875,8.773150106114665,127.0
block.0.mlp.input,3,0.625,cfg_conditional,163840,0.5725435331720302,0.01337565459742496,0.023361812373149313,0.008085411067362536,0.99973194989266,0.1165771484375,8.88076902374508,127.0
block.0.mlp.input,3,0.625,cfg_null,163840,0.5725392669949277,0.012944022851075739,0.022608096242926187,0.008055007185132013,0.9997483570089379,0.1141357421875,8.9007568359375,127.0
block.0.mlp.input,3,0.625,plain,163840,0.5726982946937621,0.01273711152537324,0.02224052637031883,0.00805653177804544,0.9997568022986069,0.11962890625,8.874218557763287,127.0
block.0.mlp.input,4,0.5,cfg_conditional,163840,0.5560222799379918,0.009580119681880727,0.01722974065526495,0.007842699055893122,0.9998516116157576,0.040283203125,8.933533195435531,127.0
block.0.mlp.input,4,0.5,cfg_null,163840,0.5561274908946366,0.00947815912271298,0.01704314078677456,0.007840889361827409,0.9998547885027451,0.0335693359375,8.94951767808809,127.0
block.0.mlp.input,4,0.5,plain,163840,0.5562553970626206,0.009293147631137465,0.016706620160831062,0.007854064670808025,0.9998604476025374,0.0347900390625,8.914847786970965,127.0
block.0.mlp.input,5,0.375,cfg_conditional,163840,0.5471163843125105,0.009016399849285334,0.016479857134264152,0.0077905237441886046,0.9998642415516762,0.006103515625,9.032511072834646,127.0
block.0.mlp.input,5,0.375,cfg_null,163840,0.547216379845643,0.009019187995221374,0.016481940832555993,0.007807489556907221,0.99986417855835,0.0048828125,9.046246385949804,127.0
block.0.mlp.input,5,0.375,plain,163840,0.5472423899032316,0.009025376223967332,0.01649246547871279,0.007815322192984198,0.9998640339768884,0.001220703125,9.00579497570128,127.0
block.0.mlp.input,6,0.25,cfg_conditional,163840,0.547940298250407,0.009016941488625507,0.0164560655922131,0.007811974140847777,0.9998646315095598,0.0,9.261267954908957,125.0
block.0.mlp.input,6,0.25,cfg_null,163840,0.5480877366986445,0.009022305838097188,0.016461426216981625,0.007819553287076708,0.9998645309455445,0.0,9.270317498154528,125.0
block.0.mlp.input,6,0.25,plain,163840,0.548102918705245,0.009023039795587313,0.01646230933581228,0.0078117131297657846,0.9998645312269263,0.0,9.226002129982776,124.0
block.0.mlp.input,7,0.125,cfg_conditional,163840,0.5521719349121559,0.009002425200429395,0.01630366310062748,0.007797151262846569,0.999867128659467,0.0,9.533840389702263,123.0
block.0.mlp.input,7,0.125,cfg_null,163840,0.5522030138416251,0.009034315504239486,0.016360496552506282,0.007833016913134826,0.999866188148253,0.0,9.537060354638287,123.0
block.0.mlp.input,7,0.125,plain,163840,0.5525281867652158,0.009027762482551445,0.01633900803396947,0.007816480538143367,0.9998665459874007,0.0,9.499276228777067,121.0
block.1.attn.input,0,1.0,cfg_conditional,163840,0.8310929253432076,0.1013271113322549,0.1219203150964267,0.01094392187542681,0.9927576377532734,0.311279296875,15.029219980314961,127.0
block.1.attn.input,0,1.0,cfg_null,163840,0.8227204303108642,0.10135086005112691,0.12318991520950996,0.01087605886602816,0.9926025166155696,0.31005859375,14.878290131336122,127.0
block.1.attn.input,0,1.0,plain,163840,0.8286411008987862,0.10081385674133225,0.12166166586714613,0.01083028369863559,0.992778561823714,0.306396484375,15.023217388964074,127.0
block.1.attn.input,1,0.875,cfg_conditional,163840,0.8323952521556148,0.0768167294891423,0.09228395920112906,0.01012620732202656,0.9958668351689914,0.400390625,15.378120001845472,127.0
block.1.attn.input,1,0.875,cfg_null,163840,0.8286367882057989,0.07659234426368217,0.0924317449500683,0.010025888185750098,0.9958467822629663,0.3753662109375,15.349822757750983,127.0
block.1.attn.input,1,0.875,plain,163840,0.8301756437893161,0.07691151668434576,0.09264487251551377,0.009995970516358277,0.9958254841875651,0.379638671875,15.381767693467028,127.0
block.1.attn.input,2,0.75,cfg_conditional,163840,0.7785683587451158,0.04410508318783613,0.05664895406091767,0.008297432031607955,0.9984224879763512,0.1922607421875,14.667925496739665,127.0
block.1.attn.input,2,0.75,cfg_null,163840,0.7773269225991648,0.04447931118051005,0.05722085507058423,0.00823961426352895,0.9983881928761302,0.1800537109375,14.685524767778052,127.0
block.1.attn.input,2,0.75,plain,163840,0.7760819087572096,0.044997412598394945,0.057980236481033585,0.008256941477718983,0.9983449687306636,0.181884765625,14.656607560285433,127.0
block.1.attn.input,3,0.625,cfg_conditional,163840,0.7073326474437066,0.024025488888767092,0.03396632260025743,0.007485653003718573,0.9994280070667249,0.0732421875,13.521291177103839,127.0
block.1.attn.input,3,0.625,cfg_null,163840,0.706258550985116,0.02445915696830938,0.03463201533516702,0.007473417490273704,0.9994054727537857,0.064697265625,13.539198026882381,127.0
block.1.attn.input,3,0.625,plain,163840,0.7042545256250518,0.024716944180646443,0.03509660681088169,0.007482890657420427,0.9993896615308937,0.074462890625,13.478571373646654,127.0
block.1.attn.input,4,0.5,cfg_conditional,163840,0.6474493216294176,0.012892155047017236,0.019912222650217488,0.007165864254584875,0.9998024885656555,0.03662109375,12.489249161847933,127.0
block.1.attn.input,4,0.5,cfg_null,163840,0.647164510425236,0.013180509238389874,0.020366551357597285,0.007182621262107602,0.99979354828112,0.0372314453125,12.515595203309548,127.0
block.1.attn.input,4,0.5,plain,163840,0.6443009920356515,0.013360125072632557,0.020735844330181153,0.007205883249508105,0.9997860677234919,0.0408935546875,12.424532672551674,127.0
block.1.attn.input,5,0.375,cfg_conditional,163840,0.6006668957425304,0.008852143941717634,0.014737192950803158,0.0070514100491175565,0.9998914201376324,0.01708984375,11.660084161232776,127.0
block.1.attn.input,5,0.375,cfg_null,163840,0.6010426642290461,0.008788079320338905,0.01462139019966465,0.007031159372789997,0.9998931105570927,0.018310546875,11.697522261011319,127.0
block.1.attn.input,5,0.375,plain,163840,0.5980537930112245,0.009051081868533246,0.015134227011521307,0.007064073924800951,0.9998855122086872,0.020751953125,11.5843765378937,127.0
block.1.attn.input,6,0.25,cfg_conditional,163840,0.5662675149995243,0.008532455932860656,0.015067888774915552,0.007028091160099592,0.9998864753196967,0.006103515625,11.063717819574311,127.0
block.1.attn.input,6,0.25,cfg_null,163840,0.5673168671663295,0.008535191933360328,0.01504484077124738,0.007064617780991611,0.9998868236961027,0.006103515625,11.114698995755413,127.0
block.1.attn.input,6,0.25,plain,163840,0.5642069374358443,0.0087829357116064,0.015566869403489217,0.007046608818169453,0.9998788302780259,0.009765625,10.982983206200787,127.0
block.1.attn.input,7,0.125,cfg_conditional,163840,0.5373656989917631,0.008626378910390033,0.01605308810475873,0.007021676268077215,0.999871141806135,0.006103515625,10.62394269808071,127.0
block.1.attn.input,7,0.125,cfg_null,163840,0.5378871368145148,0.008624298834542386,0.016033658818497443,0.007024293265791215,0.9998714532866472,0.0054931640625,10.655719426673228,127.0
block.1.attn.input,7,0.125,plain,163840,0.5355922215934882,0.009042763247633897,0.016883671724600417,0.007047919264531721,0.9998574768608887,0.0091552734375,10.541026198019193,127.0
block.1.attn.k_post,0,1.0,cfg_conditional,163840,1.1202168050440524,0.010487537484756356,0.009362060484661212,0.00896198510329782,0.9999561773193328,0.0054931640625,19.100663793368604,127.0
block.1.attn.k_post,0,1.0,cfg_null,163840,1.120052458628852,0.010463461529630519,0.009341938807437375,0.008928070926225473,0.9999563642035391,0.009765625,19.10144715797244,127.0
block.1.attn.k_post,0,1.0,plain,163840,1.1200413227678994,0.01055591008614977,0.009424571997096948,0.008966706134515334,0.9999555882365965,0.009765625,19.104542169045274,127.0
block.1.attn.k_post,1,0.875,cfg_conditional,163840,1.1117084754036053,0.01040433914689778,0.00935887364097003,0.008945076519808026,0.9999562115775754,0.006103515625,18.997759481114667,127.0
block.1.attn.k_post,1,0.875,cfg_null,163840,1.1120066835135913,0.010414303661583402,0.00936532470171625,0.008950233111170292,0.9999561458529641,0.0048828125,18.993933970533956,127.0
block.1.attn.k_post,1,0.875,plain,163840,1.1115262082215303,0.010447696437965275,0.009399415291054496,0.00894095104875987,0.9999558269342431,0.0048828125,18.993506243848426,127.0
block.1.attn.k_post,2,0.75,cfg_conditional,163840,1.10787322126149,0.01042645533750818,0.009411235092076694,0.00892197804986381,0.9999557141125667,0.010986328125,18.950147253321852,127.0
block.1.attn.k_post,2,0.75,cfg_null,163840,1.1084195217629893,0.010414954323195969,0.00939622058138288,0.008905415176764108,0.9999558576817212,0.00732421875,18.95506851316437,127.0
block.1.attn.k_post,2,0.75,plain,163840,1.1076723374260065,0.010426021837911581,0.009412550522060905,0.008912178940829563,0.9999557047259712,0.0115966796875,18.95547701617864,127.0
block.1.attn.k_post,3,0.625,cfg_conditional,163840,1.1052510408025817,0.010478109440511111,0.009480298189000027,0.008883718982406207,0.9999550616478415,0.01220703125,18.919567198265256,127.0
block.1.attn.k_post,3,0.625,cfg_null,163840,1.1056806284948189,0.0104437658490349,0.00944555378821475,0.008887826419766043,0.9999553900212474,0.010986328125,18.919831523745078,127.0
block.1.attn.k_post,3,0.625,plain,163840,1.1049779096672834,0.010414892571352648,0.009425430572171932,0.008877645101813414,0.9999555799323269,0.01220703125,18.928381251537893,127.0
block.1.attn.k_post,4,0.5,cfg_conditional,163840,1.1029117346681199,0.010610659813536882,0.009620588375306174,0.008870865991411847,0.9999537216393357,0.0146484375,18.883306548351378,127.0
block.1.attn.k_post,4,0.5,cfg_null,163840,1.1030425675710704,0.010517040412537175,0.009534573480419693,0.00888245899100184,0.9999545470352821,0.015869140625,18.88560377706693,127.0
block.1.attn.k_post,4,0.5,plain,163840,1.1025649736995473,0.010510228034123565,0.009532524871398317,0.00889104174982549,0.9999545644543814,0.015869140625,18.897623377522144,127.0
block.1.attn.k_post,5,0.375,cfg_conditional,163840,1.100048147733973,0.01081800635378618,0.009834120784686165,0.00892059914631318,0.9999516463627759,0.0189208984375,18.839668814591537,127.0
block.1.attn.k_post,5,0.375,cfg_null,163840,1.0999270826811376,0.010643114976970423,0.009676200490515425,0.008897217484707199,0.9999531846818366,0.018310546875,18.838049220287893,127.0
block.1.attn.k_post,5,0.375,plain,163840,1.0994769741848833,0.010562133978182772,0.009606507663348926,0.008878680117140903,0.9999538568893173,0.015869140625,18.85486512672244,127.0
block.1.attn.k_post,6,0.25,cfg_conditional,163840,1.0967504032160946,0.010893269827036704,0.00993231440361767,0.008909927802778838,0.9999506749139033,0.0152587890625,18.800803357221948,127.0
block.1.attn.k_post,6,0.25,cfg_null,163840,1.096675852898932,0.010750396805782672,0.009802711327476827,0.00891720617921692,0.9999519553109456,0.0140380859375,18.798823319082185,127.0
block.1.attn.k_post,6,0.25,plain,163840,1.0959789436736544,0.010559527074770172,0.009634790098590109,0.008885017222178248,0.9999535848336236,0.0128173828125,18.813313161294293,127.0
block.1.attn.k_post,7,0.125,cfg_conditional,163840,1.0934296309863407,0.010831499719685498,0.00990598700888947,0.008927475996085833,0.9999509354834702,0.0115966796875,18.775514617679626,127.0
block.1.attn.k_post,7,0.125,cfg_null,163840,1.0934453153687762,0.010729004007854065,0.009812108440224643,0.008930220949025625,0.9999518601530486,0.0103759765625,18.775115726500985,127.0
block.1.attn.k_post,7,0.125,plain,163840,1.0925623579251844,0.010455395412417945,0.009569609767879171,0.008895212752224779,0.9999542158558848,0.0054931640625,18.785236989419293,127.0
block.1.attn.k_pre,0,1.0,cfg_conditional,163840,1.565107997712319,0.01264584808370968,0.0080798565352639,0.010789923116784905,0.9999673575674172,0.01220703125,22.699325441375493,127.0
block.1.attn.k_pre,0,1.0,cfg_null,163840,1.549997031240904,0.012536074003151227,0.008087805170255738,0.01077396570258884,0.9999672932544947,0.010986328125,22.48715378168061,127.0
block.1.attn.k_pre,0,1.0,plain,163840,1.562002029644906,0.012576427605300013,0.008051479682237702,0.01081111979949867,0.9999675872379217,0.00732421875,22.663747231791337,127.0
block.1.attn.k_pre,1,0.875,cfg_conditional,163840,1.5837886122074425,0.014091900223731003,0.00889758905646511,0.01092431022579774,0.9999604308191257,0.0634765625,22.893575833538385,127.0
block.1.attn.k_pre,1,0.875,cfg_null,163840,1.575676682048957,0.013931073842538154,0.008841327666550637,0.010903058017086664,0.9999609308876672,0.05126953125,22.773254875123033,127.0
block.1.attn.k_pre,1,0.875,plain,163840,1.5829368801873849,0.014166943649865574,0.008949784307374605,0.010903584321388849,0.9999599683603323,0.0555419921875,22.884266770730807,127.0
block.1.attn.k_pre,2,0.75,cfg_conditional,163840,1.4718785980291025,0.012558047700032328,0.008531986073340558,0.010814435748777385,0.9999636073550527,0.0048828125,21.28344438207431,127.0
block.1.attn.k_pre,2,0.75,cfg_null,163840,1.467883170293103,0.01251813302989408,0.008528017272242784,0.010792445763691205,0.9999636388275971,0.0030517578125,21.2229522945374,127.0
block.1.attn.k_pre,2,0.75,plain,163840,1.4720369015828916,0.012580968678786714,0.008546639466210603,0.01079528722118539,0.9999634773392708,0.0054931640625,21.289446973425196,127.0
block.1.attn.k_pre,3,0.625,cfg_conditional,163840,1.3218004483132082,0.012463232495819357,0.009428981894902582,0.010791178563583515,0.9999555474548313,0.0,19.112837183193896,126.0
block.1.attn.k_pre,3,0.625,cfg_null,163840,1.3180125002243348,0.012474286351454034,0.009464467407805939,0.010804461050487291,0.9999552127184694,0.0,19.050821619709644,126.0
block.1.attn.k_pre,3,0.625,plain,163840,1.3213668685684095,0.01245759419125778,0.0094278087998033,0.010776744317740849,0.9999555598177245,0.0006103515625,19.11276990034449,127.0
block.1.attn.k_pre,4,0.5,cfg_conditional,163840,1.1903387451108343,0.012451079126394237,0.010460114129306022,0.010788782830739762,0.9999452953715562,0.0,17.195982444943404,123.0
block.1.attn.k_pre,4,0.5,cfg_null,163840,1.1885769180242793,0.012450644340741966,0.010475253348717338,0.010783391569868428,0.9999451359214664,0.0,17.16451810100886,124.0
block.1.attn.k_pre,4,0.5,plain,163840,1.1904081499893382,0.01246727137371018,0.010473106533941188,0.010795944047293915,0.9999451675895358,0.0,17.206834207369585,117.0
block.1.attn.k_pre,5,0.375,cfg_conditional,163840,1.0805544809329621,0.012443099182335394,0.011515475991170655,0.01077106605968794,0.9999337049742817,0.0,15.581333430733268,115.0
block.1.attn.k_pre,5,0.375,cfg_null,163840,1.08033203719376,0.012466134975612164,0.01153916994630081,0.01079573610220308,0.9999334277075429,0.0,15.572202186884843,118.0
block.1.attn.k_pre,5,0.375,plain,163840,1.0812682079333376,0.012468083326785572,0.011530981152785596,0.010805652304336633,0.9999335253702445,0.0,15.602479469119094,105.0
block.1.attn.k_pre,6,0.25,cfg_conditional,163840,0.9912567973909601,0.012474541745506086,0.01258457120126665,0.01080208398608704,0.9999208210765467,0.0,14.2650406003937,108.0
block.1.attn.k_pre,6,0.25,cfg_null,163840,0.9929583058279677,0.012447394579816286,0.012535666912456266,0.010778546483977181,0.9999214498164836,0.0,14.28695558562992,110.0
block.1.attn.k_pre,6,0.25,plain,163840,0.9923041945322534,0.012458352367101728,0.012554972996938982,0.010787037033644253,0.9999211941562605,0.0,14.292852446788878,95.0
block.1.attn.k_pre,7,0.125,cfg_conditional,163840,0.9062853711008974,0.012456392528006925,0.013744448410190818,0.010786726714880146,0.9999055502013865,0.0,13.026262418491633,98.0
block.1.attn.k_pre,7,0.125,cfg_null,163840,0.9074382529064209,0.012471802918433564,0.013743968670582056,0.010799565158487212,0.9999055572136054,0.0,13.040382205031989,99.0
block.1.attn.k_pre,7,0.125,plain,163840,0.9067422450980906,0.012466254044886091,0.013748398855661016,0.01079768100970142,0.9999054981082118,0.0,13.04567352054626,89.0
block.1.attn.output,0,1.0,cfg_conditional,163840,0.3422165822751322,0.0034117828570894558,0.009969659665253981,0.0029559294573661215,0.9999503053103407,0.0,18.144915723425196,124.0
block.1.attn.output,0,1.0,cfg_null,163840,0.3301822885612704,0.003416897227468309,0.010348517609339457,0.002959945612062599,0.9999464568163712,0.0,17.450715312807578,123.0
block.1.attn.output,0,1.0,plain,163840,0.3388972817077137,0.003409543232410184,0.010060698082998459,0.0029505157151618723,0.9999493967367451,0.0,17.89928526390256,121.0
block.1.attn.output,1,0.875,cfg_conditional,163840,0.2850327348453184,0.003635789889717949,0.01275569240035191,0.0029724425142918136,0.9999186431146996,0.0091552734375,14.347375584399606,127.0
block.1.attn.output,1,0.875,cfg_null,163840,0.2823046945888719,0.0035318175308108168,0.012510658159455335,0.0029572966606625367,0.9999217386897769,0.0067138671875,14.207042784202756,127.0
block.1.attn.output,1,0.875,plain,163840,0.28037643383914723,0.0034482535037350494,0.012298656689931802,0.002952555334949212,0.9999243722834269,0.0042724609375,14.115374707800196,127.0
block.1.attn.output,2,0.75,cfg_conditional,163840,0.28412836986875745,0.0036889490127660026,0.012983388510165231,0.0029670702201364707,0.9999157156282186,0.0115966796875,14.147468626968504,127.0
block.1.attn.output,2,0.75,cfg_null,163840,0.28202022151201794,0.003634365694276693,0.012886897523842342,0.0029695223562020345,0.9999169626172701,0.0128173828125,14.05589186300443,127.0
block.1.attn.output,2,0.75,plain,163840,0.2759128071297434,0.003599789636937972,0.013046837783232115,0.0029683540544121834,0.9999148865674043,0.0091552734375,13.764033280019685,127.0
block.1.attn.output,3,0.625,cfg_conditional,163840,0.28321354854546915,0.003699533534962856,0.013062699697676738,0.0029680995891117256,0.9999146835395168,0.013427734375,14.014575387549213,127.0
block.1.attn.output,3,0.625,cfg_null,163840,0.2806234224261767,0.0036646079040501254,0.013058809818393437,0.0029723070049214825,0.9999147335633468,0.015869140625,13.882734644131398,127.0
block.1.attn.output,3,0.625,plain,163840,0.2738382095855399,0.0035365720066534503,0.012914822997149043,0.002961233726441395,0.9999166011202743,0.008544921875,13.619716373954232,127.0
block.1.attn.output,4,0.5,cfg_conditional,163840,0.28733182016899766,0.0038389543446902923,0.01336070033048329,0.0029619486082695613,0.9999107634921627,0.015869140625,14.170911894069881,127.0
block.1.attn.output,4,0.5,cfg_null,163840,0.2851973093990971,0.003786962437043015,0.013278394684094464,0.0029659134550347388,0.9999118486423648,0.0164794921875,14.066637895238681,127.0
block.1.attn.output,4,0.5,plain,163840,0.2793614561379584,0.0035421937953485014,0.012679608147514964,0.002967693090128199,0.9999196105949726,0.009765625,13.90609621062992,127.0
block.1.attn.output,5,0.375,cfg_conditional,163840,0.29191031707434345,0.003946144691821092,0.01351834608441089,0.002984360800215031,0.9999086630562358,0.0213623046875,14.40178818590059,127.0
block.1.attn.output,5,0.375,cfg_null,163840,0.2907832958201786,0.0039024610388544542,0.013420513127644546,0.002982853823844093,0.9999099698198635,0.01953125,14.34459776390256,127.0
block.1.attn.output,5,0.375,plain,163840,0.2875472688059703,0.00354619768284392,0.012332572997717482,0.0029665622319389766,0.9999239512149133,0.008544921875,14.341002937376969,127.0
block.1.attn.output,6,0.25,cfg_conditional,163840,0.29628102072162904,0.003861756718495132,0.013034100898833636,0.0029801986143196913,0.999915080241534,0.0213623046875,14.696578378752461,127.0
block.1.attn.output,6,0.25,cfg_null,163840,0.29552858622141126,0.003918736756312945,0.013260093740566307,0.0029756765607115614,0.9999120989924816,0.0201416015625,14.64738019808071,127.0
block.1.attn.output,6,0.25,plain,163840,0.2956357915934385,0.003498853124792387,0.011835011944710833,0.0029668591203578488,0.9999299654453101,0.0115966796875,14.804072342519685,127.0
block.1.attn.output,7,0.125,cfg_conditional,163840,0.301522884118367,0.003880102504546319,0.012868351653943226,0.0029680401353459453,0.9999172106746674,0.0164794921875,15.083940160556102,127.0
block.1.attn.output,7,0.125,cfg_null,163840,0.30105548175384095,0.003932869849143743,0.01306360484197882,0.0029780827689795592,0.9999146774951425,0.01708984375,15.058113158218504,127.0
block.1.attn.output,7,0.125,plain,163840,0.3033750884202354,0.003549899712432917,0.011701355345022901,0.0029577664749866734,0.9999315387474975,0.0177001953125,15.311687799889272,127.0
block.1.attn.q_post,0,1.0,cfg_conditional,163840,1.1106518139848047,0.013315943887803168,0.011989305487223873,0.009113143261299684,0.9999283643100652,0.101318359375,18.483901136503444,127.0
block.1.attn.q_post,0,1.0,cfg_null,163840,1.113263206830572,0.01365897178745432,0.012269310351449606,0.009108837583721652,0.9999249986367358,0.10498046875,18.488572488619585,127.0
block.1.attn.q_post,0,1.0,plain,163840,1.110770927603918,0.014556028431411634,0.013104437710492606,0.00912626831900525,0.999914499989258,0.1092529296875,18.48305529496801,127.0
block.1.attn.q_post,1,0.875,cfg_conditional,163840,1.1116110545175553,0.013658826338384474,0.01228741499364854,0.009130482079007152,0.9999247662644704,0.1019287109375,18.41554656742126,127.0
block.1.attn.q_post,1,0.875,cfg_null,163840,1.1135346039915253,0.014029982376162438,0.012599502813716973,0.00915542695889826,0.9999209252851146,0.108642578125,18.42033326156496,127.0
block.1.attn.q_post,1,0.875,plain,163840,1.1113275791280233,0.014618897962363231,0.01315444540108831,0.009144810073360076,0.9999138559677203,0.1123046875,18.415195735420767,127.0
block.1.attn.q_post,2,0.75,cfg_conditional,163840,1.1078484728581302,0.01477731944351866,0.013338755078476356,0.009165455582012783,0.9999115233838333,0.1129150390625,18.3772674320251,127.0
block.1.attn.q_post,2,0.75,cfg_null,163840,1.109658742526898,0.014791187547380605,0.013329492194779035,0.009166801942245683,0.9999116175762418,0.115966796875,18.389810877522144,127.0
block.1.attn.q_post,2,0.75,plain,163840,1.107692960258316,0.015843722616189344,0.01430335226875014,0.009197163358976468,0.9998983347029266,0.1129150390625,18.376517708845963,127.0
block.1.attn.q_post,3,0.625,cfg_conditional,163840,1.1037549055801439,0.015839648581125902,0.01435069371021317,0.00915156331604976,0.9998975884379511,0.0970458984375,18.318298820435533,127.0
block.1.attn.q_post,3,0.625,cfg_null,163840,1.1054346172452705,0.015930272513925533,0.01441086814670557,0.009168314051368042,0.9998967058578476,0.1043701171875,18.328405665600393,127.0
block.1.attn.q_post,3,0.625,plain,163840,1.103572812619704,0.016729095285353362,0.015159031732252616,0.009182174992429282,0.9998857581133135,0.0970458984375,18.320475901205707,127.0
block.1.attn.q_post,4,0.5,cfg_conditional,163840,1.1004270967340704,0.015688678812866987,0.01425689976140084,0.009135358572416407,0.9998987977340219,0.079345703125,18.272681048535926,127.0
block.1.attn.q_post,4,0.5,cfg_null,163840,1.1018452032346768,0.015793382352054797,0.014333576355090815,0.009150338361939703,0.9998977519917136,0.081787109375,18.277842604269193,127.0
block.1.attn.q_post,4,0.5,plain,163840,1.1001585024953422,0.016366017916526397,0.01487605456796048,0.009133308488731017,0.9998898267087845,0.08056640625,18.283258873646652,127.0
block.1.attn.q_post,5,0.375,cfg_conditional,163840,1.0979961332852528,0.01459204009800355,0.013289700806453229,0.0090875653196008,0.9999119137031051,0.05859375,18.254250353715552,127.0
block.1.attn.q_post,5,0.375,cfg_null,163840,1.0991174936242778,0.014681134087885999,0.013357201730522721,0.009098126095170755,0.9999110669516251,0.0634765625,18.254831869771163,127.0
block.1.attn.q_post,5,0.375,plain,163840,1.0973845487382572,0.015001352675037745,0.013670096496516095,0.009118447148068753,0.9999068193476612,0.064697265625,18.26143520084892,127.0
block.1.attn.q_post,6,0.25,cfg_conditional,163840,1.09570067032909,0.013014954766623833,0.011878202796676975,0.009003698107528635,0.999929527271893,0.045166015625,18.264544629675196,127.0
block.1.attn.q_post,6,0.25,cfg_null,163840,1.0966237552820106,0.01310546981561003,0.011950744047341737,0.009010056095223717,0.9999286846594634,0.0457763671875,18.2665054441437,127.0
block.1.attn.q_post,6,0.25,plain,163840,1.0945500665675876,0.013100651827742038,0.011968983628884631,0.009015610069116064,0.9999284836734236,0.0518798828125,18.266779381459152,127.0
block.1.attn.q_post,7,0.125,cfg_conditional,163840,1.092629358120083,0.011489708218691143,0.010515650282781796,0.008940319836358412,0.9999447267819073,0.025634765625,18.293903981606793,127.0
block.1.attn.q_post,7,0.125,cfg_null,163840,1.093396035058953,0.011463132642527895,0.010483971292167556,0.008925059583225448,0.9999450537594096,0.025634765625,18.295749454047737,127.0
block.1.attn.q_post,7,0.125,plain,163840,1.0910492411142232,0.011333160704319476,0.010387396166231322,0.008948777929242624,0.9999460562275241,0.0274658203125,18.28746885765256,127.0
block.1.attn.q_pre,0,1.0,cfg_conditional,163840,1.5182346170562213,0.042956347515333344,0.028293616172857056,0.012516850056085183,0.9996078983357284,0.2691650390625,21.21185543030266,127.0
block.1.attn.q_pre,0,1.0,cfg_null,163840,1.51524723986891,0.04346848017906213,0.028687384497610276,0.012527867372866463,0.9995970679147118,0.2801513671875,21.157928226500985,127.0
block.1.attn.q_pre,0,1.0,plain,163840,1.5213617243155042,0.04371315938821149,0.028732916498131995,0.012567450639911115,0.9995960157326773,0.2777099609375,21.25640628844734,127.0
block.1.attn.q_pre,1,0.875,cfg_conditional,163840,1.5746756951049372,0.05975444951265535,0.037947146640040876,0.013467292020823418,0.9992976905252153,0.3564453125,21.863273560531496,127.0
block.1.attn.q_pre,1,0.875,cfg_null,163840,1.5761194848645705,0.06029786018234134,0.038257163090349385,0.013515729764413464,0.9992864043841719,0.3631591796875,21.879032165046752,127.0
block.1.attn.q_pre,1,0.875,plain,163840,1.577449845633479,0.06003304188311093,0.03805702098820302,0.013455710106225992,0.9992930651883896,0.35400390625,21.911712406188485,127.0
block.1.attn.q_pre,2,0.75,cfg_conditional,163840,1.485604920194029,0.04479460386315586,0.030152433701757946,0.012371878371468803,0.9995533179094463,0.2459716796875,20.62784990926427,127.0
block.1.attn.q_pre,2,0.75,cfg_null,163840,1.4892540954177833,0.04497408501099306,0.030199067539496267,0.012387449102191538,0.9995519710771358,0.2490234375,20.682757520300196,127.0
block.1.attn.q_pre,2,0.75,plain,163840,1.4877341736232148,0.044506840922673443,0.029915855743423484,0.012320943360543879,0.9995597526529351,0.2374267578125,20.664922759288878,127.0
block.1.attn.q_pre,3,0.625,cfg_conditional,163840,1.3508548338007038,0.029070953056531686,0.021520412356033084,0.011470232973872996,0.9997703879518195,0.1141357421875,18.740666907603348,127.0
block.1.attn.q_pre,3,0.625,cfg_null,163840,1.35298911332748,0.029224999777776223,0.02160032145853826,0.011480079796435482,0.9997686732877943,0.1116943359375,18.77372681625246,127.0
block.1.attn.q_pre,3,0.625,plain,163840,1.352534570060014,0.02896568741976024,0.021415857354740286,0.011485126434849492,0.9997726507380913,0.1141357421875,18.768747885396163,127.0
block.1.attn.q_pre,4,0.5,cfg_conditional,163840,1.2285731864302414,0.018718826422487275,0.015236232264580792,0.011070012921877037,0.9998843155047946,0.0628662109375,17.029159425750493,127.0
block.1.attn.q_pre,4,0.5,cfg_null,163840,1.2316148072669042,0.0189217565183577,0.015363372059765396,0.01105569896206724,0.9998824053945126,0.0653076171875,17.06956758273868,127.0
block.1.attn.q_pre,4,0.5,plain,163840,1.2330869331120042,0.018926874537396186,0.015349181009995353,0.011104698675082148,0.9998826613364554,0.0640869140625,17.102608267716537,127.0
block.1.attn.q_pre,5,0.375,cfg_conditional,163840,1.122457447486094,0.013760287722747367,0.012259072941754294,0.01084804973351563,0.9999248684585248,0.020751953125,15.562138594980315,127.0
block.1.attn.q_pre,5,0.375,cfg_null,163840,1.1259610767069157,0.013861878132889568,0.012311152152285077,0.01087556714305311,0.999924223356511,0.0238037109375,15.608174481729822,127.0
block.1.attn.q_pre,5,0.375,plain,163840,1.1301752647356755,0.013512580039098677,0.011956181010791267,0.010838366555324885,0.999928540195052,0.0299072265625,15.677048089936024,127.0
block.1.attn.q_pre,6,0.25,cfg_conditional,163840,1.0292313764683476,0.012550943981756298,0.012194482473730029,0.01080430419598546,0.9999256491671866,0.00244140625,14.30004209984006,127.0
block.1.attn.q_pre,6,0.25,cfg_null,163840,1.033877547983645,0.012549909907782056,0.01213868115451191,0.01078804953353174,0.9999263287357506,0.003662109375,14.363167830339567,127.0
block.1.attn.q_pre,6,0.25,plain,163840,1.039136916842787,0.012494197565441352,0.01202362976709798,0.010793492842511566,0.9999277216248474,0.0018310546875,14.444104292261319,127.0
block.1.attn.q_pre,7,0.125,cfg_conditional,163840,0.9364798720358143,0.012460891707894356,0.013306096671149605,0.010785981738407457,0.9999114857134241,0.0,13.060672790046752,126.0
block.1.attn.q_pre,7,0.125,cfg_null,163840,0.9399610891839885,0.012446514324913992,0.013241520812014917,0.010775236579263492,0.9999123420672337,0.0006103515625,13.10911163570374,127.0
block.1.attn.q_pre,7,0.125,plain,163840,0.9473406754314655,0.012466413857570633,0.013159377804497644,0.01080217885487098,0.9999134305992355,0.0,13.212208184670276,118.0
block.1.attn.softmax,0,1.0,cfg_conditional,327680,0.02681097710517389,0.0022232283717088727,0.08292231808589481,0.0018884635448326956,0.9965778039412309,0.0,1.540661909448819,42.0
block.1.attn.softmax,0,1.0,cfg_null,327680,0.02705560795850649,0.0022161908745302315,0.08191244040529662,0.0018796685925799306,0.9966621255536873,0.0,1.5401404673658956,43.0
block.1.attn.softmax,0,1.0,plain,327680,0.026900304785746287,0.0022211693959155523,0.08257041745833628,0.0018858725584626375,0.9966066980859495,0.0,1.539741576187254,47.0
block.1.attn.softmax,1,0.875,cfg_conditional,327680,0.028519543833455716,0.002171755293467887,0.076149720561808,0.0018264024476959567,0.9971132421602394,0.0,1.5330949918491634,38.0
block.1.attn.softmax,1,0.875,cfg_null,327680,0.02864808518184984,0.0021713381284054114,0.07579348199442926,0.0018252813520153312,0.9971389688413196,0.0,1.5327561746432086,37.0
block.1.attn.softmax,1,0.875,plain,327680,0.028579836118683873,0.0021663359914774003,0.07579945463932079,0.0018205871521501306,0.997138476183063,0.0,1.532116987573819,42.0
block.1.attn.softmax,2,0.75,cfg_conditional,327680,0.029557851341977054,0.002159846631966672,0.07307184162264635,0.0018089043978639502,0.9973389012270887,0.0,1.5307593157910926,43.0
block.1.attn.softmax,2,0.75,cfg_null,327680,0.029669414196435474,0.002163794226243779,0.0729301297261117,0.001812442171075649,0.9973498304885953,0.0,1.530341200941191,42.0
block.1.attn.softmax,2,0.75,plain,327680,0.029605991319791712,0.002160562359901497,0.07297720034313303,0.0018101136120369237,0.9973462308564829,0.0,1.5305094080647146,47.0
block.1.attn.softmax,3,0.625,cfg_conditional,327680,0.030375951102451948,0.0021529774185605295,0.07087769569087636,0.0017998776645274175,0.9974961321552436,0.0,1.530021607406496,43.0
block.1.attn.softmax,3,0.625,cfg_null,327680,0.030477881885509112,0.0021514107853672993,0.07058924873615316,0.0017979678831391503,0.9975164246115844,0.0,1.5293439729945866,43.0
block.1.attn.softmax,3,0.625,plain,327680,0.030396845373625116,0.0021494971252953307,0.07071448036382147,0.0017953393751216275,0.9975078315579172,0.0,1.5299591304749016,48.0
block.1.attn.softmax,4,0.5,cfg_conditional,327680,0.031079621228507024,0.002145311086943482,0.06902629447027327,0.0017908850352831725,0.9976247446266395,0.0,1.5302835299274113,44.0
block.1.attn.softmax,4,0.5,cfg_null,327680,0.031167518870375294,0.0021416726936223296,0.06871489201721437,0.0017862250885741914,0.9976468669987433,0.0,1.5307785394623523,46.0
block.1.attn.softmax,4,0.5,plain,327680,0.031082641711324268,0.0021423212200679317,0.0689233958929374,0.001786521649843974,0.9976321012692968,0.0,1.5303724394069882,53.0
block.1.attn.softmax,5,0.375,cfg_conditional,327680,0.03175814896629761,0.0021292573302522243,0.06704601494601702,0.0017728081710662081,0.9977589820092667,0.0,1.5320641224778544,50.0
block.1.attn.softmax,5,0.375,cfg_null,327680,0.031834902317868466,0.0021262301711555847,0.06678927894690485,0.0017700246541633587,0.9977758096022549,0.0,1.531506636011319,50.0
block.1.attn.softmax,5,0.375,plain,327680,0.03173561216562096,0.002131089215799654,0.06715135049791959,0.001773084068760062,0.9977518472434866,0.0,1.5319992425873523,53.0
block.1.attn.softmax,6,0.25,cfg_conditional,327680,0.032416047682319406,0.002117280082948662,0.06531579986857818,0.0017585279770421433,0.9978729171532007,0.0,1.5329363965612697,58.0
block.1.attn.softmax,6,0.25,cfg_null,327680,0.03245965912369511,0.0021171999284933293,0.06522557493365055,0.0017588562266392146,0.9978796354872228,0.0,1.533493883027805,57.0
block.1.attn.softmax,6,0.25,plain,327680,0.03233516703409551,0.002119009512959713,0.06553266017538563,0.0017591914919101736,0.9978595079046825,0.0,1.5336717019869586,56.0
block.1.attn.softmax,7,0.125,cfg_conditional,327680,0.033102518859188974,0.002105388788788687,0.06360207202794929,0.001745421683803572,0.997983278349525,0.0,1.5333088551919292,65.0
block.1.attn.softmax,7,0.125,cfg_null,327680,0.03310983345498991,0.002105480449452998,0.06359078949506723,0.0017462789275187497,0.9979831391159673,0.0,1.533378541000246,66.0
block.1.attn.softmax,7,0.125,plain,327680,0.03297454317633783,0.0021087429430035214,0.06395063403082206,0.0017479071491767792,0.9979606095741405,0.0,1.5337221641240157,69.0
block.1.attn.v,0,1.0,cfg_conditional,163840,0.9707578001612837,0.024716579017018167,0.02546111812123653,0.007414533699601123,0.9996806839013203,0.2423095703125,22.8110870601624,127.0
block.1.attn.v,0,1.0,cfg_null,163840,0.9644082595191583,0.023290608612685997,0.024150154649544786,0.007315658231919287,0.9997121842980473,0.22216796875,22.675339105561022,127.0
block.1.attn.v,0,1.0,plain,163840,0.9680800365127459,0.02362666413890102,0.024405692967298317,0.007379800046750517,0.9997066423519472,0.240478515625,22.721668153297244,127.0
block.1.attn.v,1,0.875,cfg_conditional,163840,1.0009033697690328,0.020349645061349265,0.020331278399077748,0.0071117351683163575,0.9997950706827001,0.1800537109375,23.698293130228837,127.0
block.1.attn.v,1,0.875,cfg_null,163840,0.9970070327588507,0.01962567683824032,0.01968459217778381,0.007061730451376036,0.9998076655430361,0.15869140625,23.615919698880415,127.0
block.1.attn.v,1,0.875,plain,163840,0.9966765907615095,0.019395637184060927,0.01946031176396118,0.0071044458094057465,0.9998123193195111,0.1788330078125,23.562578817052167,127.0
block.1.attn.v,2,0.75,cfg_conditional,163840,0.955083019480214,0.015081350026369242,0.015790616856089623,0.006836293477240218,0.9998758603595013,0.1019287109375,22.631946473609744,127.0
block.1.attn.v,2,0.75,cfg_null,163840,0.9533136596789038,0.014901505904867248,0.015631272827755758,0.006822942309316104,0.9998783380166334,0.0927734375,22.601236658772144,127.0
block.1.attn.v,2,0.75,plain,163840,0.9484485964627843,0.014387191180129433,0.015169183900725993,0.006821395150076626,0.9998854702959905,0.10498046875,22.447677972748522,127.0
block.1.attn.v,3,0.625,cfg_conditional,163840,0.8798848430649832,0.009936078741517428,0.011292476305088037,0.006628957915526712,0.9999362939385462,0.03662109375,20.865560216227856,127.0
block.1.attn.v,3,0.625,cfg_null,163840,0.8779817975004259,0.009773456535263663,0.011131730251228725,0.006635317777471528,0.9999380841468276,0.0372314453125,20.83587406188484,127.0
block.1.attn.v,3,0.625,plain,163840,0.8710450083879381,0.009833181192261327,0.011288947296144672,0.006652085015982578,0.9999363386773371,0.0384521484375,20.640186700295274,127.0
block.1.attn.v,4,0.5,cfg_conditional,163840,0.8119557022957918,0.007884122851981272,0.009710040621291334,0.0065497911094382745,0.999952856658398,0.013427734375,19.26057109682579,127.0
block.1.attn.v,4,0.5,cfg_null,163840,0.8111885742854399,0.007775836496233569,0.009585732273267226,0.006548944586788253,0.9999540564184629,0.0146484375,19.254208061638778,127.0
block.1.attn.v,4,0.5,plain,163840,0.801798085745868,0.007950896240126203,0.009916332280501677,0.006554339310944357,0.9999508327704638,0.010986328125,19.02784452663632,127.0
block.1.attn.v,5,0.375,cfg_conditional,163840,0.7566524433642313,0.007573906422207327,0.010009756115413031,0.006545481259050234,0.9999499028605802,0.0018310546875,17.954654243048722,127.0
block.1.attn.v,5,0.375,cfg_null,163840,0.7571057673236934,0.007557424224095933,0.00998199267562154,0.006541781101679333,0.9999501812045996,0.0018310546875,17.976554810531496,127.0
block.1.attn.v,5,0.375,plain,163840,0.7472522267975609,0.007590735046903662,0.010158196623159851,0.006540675318498046,0.9999484042497385,0.0048828125,17.745063361220474,127.0
block.1.attn.v,6,0.25,cfg_conditional,163840,0.7136763294554053,0.007568279761464641,0.010604638894553042,0.006553364309195331,0.9999437715704438,0.0,16.952360859067422,123.0
block.1.attn.v,6,0.25,cfg_null,163840,0.7150510636778208,0.007554128432778939,0.010564460101527222,0.006541898916470501,0.9999441989681133,0.0,16.989102100762796,122.0
block.1.attn.v,6,0.25,plain,163840,0.7058846750847034,0.007559967424370211,0.01070991861873619,0.006550569968154463,0.9999426552159315,0.0006103515625,16.77449384073573,127.0
block.1.attn.v,7,0.125,cfg_conditional,163840,0.6724850657836866,0.0075502606815103235,0.011227402756835288,0.006538733356205029,0.9999369782162051,0.0,15.99602646715059,113.0
block.1.attn.v,7,0.125,cfg_null,163840,0.6732930275044463,0.007557250434841731,0.011224311148524145,0.006546300676392036,0.9999370140257986,0.0,16.018215389702263,114.0
block.1.attn.v,7,0.125,plain,163840,0.6663340428533777,0.00755468584352448,0.01133768554158479,0.0065389653867100606,0.9999357304412101,0.0,15.852199764702263,117.0
block.1.mlp.activation_input,0,1.0,cfg_conditional,655360,0.829771958730945,0.01425926616811893,0.017184560189195935,0.006817672007609454,0.9998529471262639,0.074310302734375,18.868284450741264,127.0
block.1.mlp.activation_input,0,1.0,cfg_null,655360,0.8292841816585296,0.014272537489043153,0.017210671329216415,0.006810802904816171,0.9998525009448231,0.072021484375,18.882180762103225,127.0
block.1.mlp.activation_input,0,1.0,plain,655360,0.8292806206045178,0.015255130057978739,0.018395618659047236,0.00683646516180163,0.999831542919122,0.075836181640625,18.844725841612327,127.0
block.1.mlp.activation_input,1,0.875,cfg_conditional,655360,0.8578524801310422,0.012036383934229174,0.014030831888940326,0.006736147267198333,0.9999018157386738,0.0616455078125,19.87237284502645,127.0
block.1.mlp.activation_input,1,0.875,cfg_null,655360,0.857973317162173,0.01209669765705974,0.014099153685886993,0.006747764312218507,0.9999008573993797,0.063629150390625,19.897609920952263,127.0
block.1.mlp.activation_input,1,0.875,plain,655360,0.8578200415532626,0.012632233141310008,0.014725971100461477,0.006757699683338281,0.9998918622804263,0.06439208984375,19.87135158749077,127.0
block.1.mlp.activation_input,2,0.75,cfg_conditional,655360,0.8255143388449134,0.010036314574798807,0.012157650209737053,0.006678229294848936,0.9999261834238615,0.045318603515625,18.924356295367865,127.0
block.1.mlp.activation_input,2,0.75,cfg_null,655360,0.825825068671708,0.010498379872876457,0.012712595283360065,0.006694119943809617,0.9999193113750607,0.047607421875,18.93934475155327,127.0
block.1.mlp.activation_input,2,0.75,plain,655360,0.8254185969886612,0.010600322282149978,0.012842359405061472,0.006698031807011428,0.9999176780174507,0.048980712890625,18.89605304387611,127.0
block.1.mlp.activation_input,3,0.625,cfg_conditional,655360,0.7972713063812039,0.008680624587467505,0.010887917974708835,0.006634179869091561,0.9999407429284336,0.028228759765625,18.22316327432948,127.0
block.1.mlp.activation_input,3,0.625,cfg_null,655360,0.7973301242872065,0.009017247862554211,0.011309302869517703,0.0066365429023010234,0.9999360769547223,0.03173828125,18.227235088198203,127.0
block.1.mlp.activation_input,3,0.625,plain,655360,0.7961855260406564,0.008930388242301192,0.011216466451872137,0.006638786205072566,0.9999371285334194,0.0323486328125,18.167782280388778,127.0
block.1.mlp.activation_input,4,0.5,cfg_conditional,655360,0.7682296216431,0.008099353478721953,0.010542880996177867,0.006601872143254628,0.9999444244835624,0.01617431640625,17.567949670506273,127.0
block.1.mlp.activation_input,4,0.5,cfg_null,655360,0.7689847296060557,0.008281995377838455,0.010770038804387249,0.006601561045856652,0.9999420061115665,0.018768310546875,17.587039977546752,127.0
block.1.mlp.activation_input,4,0.5,plain,655360,0.767784130703162,0.008244348025311547,0.010737846349808117,0.006601437117418385,0.9999423525691883,0.017547607421875,17.50083863265871,127.0
block.1.mlp.activation_input,5,0.375,cfg_conditional,655360,0.7452344316337215,0.007857540864134458,0.010543716890413881,0.006584058172035334,0.9999444134721476,0.009307861328125,17.15130903589444,127.0
block.1.mlp.activation_input,5,0.375,cfg_null,655360,0.7471242000098717,0.00795071702372196,0.01064176079909727,0.006594602954251761,0.9999433750085974,0.01068115234375,17.19522551288755,127.0
block.1.mlp.activation_input,5,0.375,plain,655360,0.7452909867296954,0.007985707628085207,0.010714885555138868,0.006587584585772266,0.9999425941074694,0.010528564453125,17.062344288262796,127.0
block.1.mlp.activation_input,6,0.25,cfg_conditional,655360,0.736046060844715,0.007745653784499354,0.010523327542314595,0.006581005467882051,0.9999446296105401,0.005035400390625,17.157746562807578,127.0
block.1.mlp.activation_input,6,0.25,cfg_null,655360,0.7376999350686558,0.007796654351986545,0.01056886951096306,0.006581708337987724,0.9999441484267565,0.006256103515625,17.19612782395731,127.0
block.1.mlp.activation_input,6,0.25,plain,655360,0.7355545385666533,0.007798553843901246,0.010602278192855674,0.006591503739274529,0.9999437943482238,0.007476806640625,17.06079077532911,127.0
block.1.mlp.activation_input,7,0.125,cfg_conditional,655360,0.7329030006271132,0.00769853550486945,0.010504166988376563,0.00657429277701862,0.9999448339575557,0.00335693359375,17.30784498800443,127.0
block.1.mlp.activation_input,7,0.125,cfg_null,655360,0.7336882779066847,0.007715418021934061,0.010515934701788106,0.006574396367136614,0.9999447077287023,0.003509521484375,17.321261909064347,127.0
block.1.mlp.activation_input,7,0.125,plain,655360,0.7324733104887126,0.007702889196632899,0.01051627286118243,0.0065834127638875195,0.9999447040857133,0.0054931640625,17.22422442098302,127.0
block.1.mlp.activation_output,0,1.0,cfg_conditional,655360,0.442050712695738,0.03300428714284639,0.07466176661401093,0.0037258552982887493,0.9973228028455058,0.07232666015625,3.0095077875092273,127.0
block.1.mlp.activation_output,0,1.0,cfg_null,655360,0.4344975962341457,0.029950891442865567,0.0689322373758896,0.0036349898078135824,0.9977243739157451,0.07080078125,2.955549345241757,127.0
block.1.mlp.activation_output,0,1.0,plain,655360,0.43597422885481935,0.030619296909435854,0.07023189648127612,0.0036667187419488377,0.9976406770408701,0.070648193359375,2.9541315994863435,127.0
block.1.mlp.activation_output,1,0.875,cfg_conditional,655360,0.4113681308666568,0.012302424314456537,0.029906119097116723,0.003021204468631833,0.9995561573315933,0.025634765625,2.8886161263533463,127.0
block.1.mlp.activation_output,1,0.875,cfg_null,655360,0.4054235115575637,0.01145744290426117,0.02826043033430338,0.0030045796551161352,0.9996029542429519,0.021820068359375,2.8593709149698574,127.0
block.1.mlp.activation_output,1,0.875,plain,655360,0.4055831020736762,0.012066661567863532,0.029751391283731447,0.002995044933893887,0.9995604455989364,0.024261474609375,2.8315891055610236,127.0
block.1.mlp.activation_output,2,0.75,cfg_conditional,655360,0.36708353934459675,0.007719174563516901,0.02102838655554802,0.0030600718935389183,0.9997789502233784,0.006256103515625,2.677906667153666,127.0
block.1.mlp.activation_output,2,0.75,cfg_null,655360,0.3598407660959478,0.006865376854943454,0.019078930187450948,0.003042671670994412,0.9998182257387582,0.0042724609375,2.6415859432671014,127.0
block.1.mlp.activation_output,2,0.75,plain,655360,0.35094302913641895,0.006165801563945971,0.017569237887751842,0.0030111890296482535,0.9998461338510239,0.00274658203125,2.555949293722318,127.0
block.1.mlp.activation_output,3,0.625,cfg_conditional,655360,0.3540618540692909,0.008058050004501188,0.022758876484119086,0.0032164312926108883,0.9997411180962971,0.0042724609375,2.6711495467058315,127.0
block.1.mlp.activation_output,3,0.625,cfg_null,655360,0.3495793168476556,0.007268438376935016,0.020791957723581667,0.003203888879842065,0.999784146968324,0.003814697265625,2.645976149191068,127.0
block.1.mlp.activation_output,3,0.625,plain,655360,0.33275409712368476,0.006103112370983125,0.018341208789728582,0.0031496838229501554,0.9998328007804006,0.001373291015625,2.515347698542077,127.0
block.1.mlp.activation_output,4,0.5,cfg_conditional,655360,0.34806775667767914,0.007501207240830212,0.021550997174887843,0.0034024209422441666,0.9997681728323012,0.0030517578125,2.7293311892531986,127.0
block.1.mlp.activation_output,4,0.5,cfg_null,655360,0.346082867465172,0.007200830756782893,0.020806666361511086,0.003403998057964852,0.9997842096691874,0.002288818359375,2.7200797974593995,127.0
block.1.mlp.activation_output,4,0.5,plain,655360,0.32575356652142634,0.006239136901113808,0.01915293504761499,0.0033437167926567033,0.9998179221395384,0.00091552734375,2.554048553226501,127.0
block.1.mlp.activation_output,5,0.375,cfg_conditional,655360,0.3549051547767741,0.007085421394675401,0.019964267352306962,0.003668353689461501,0.9998013947696069,0.0030517578125,2.9323908287709153,127.0
block.1.mlp.activation_output,5,0.375,cfg_null,655360,0.35545437161395943,0.006915933851010217,0.019456600912257888,0.0036580661642532596,0.9998115373318219,0.00213623046875,2.9386132908618356,127.0
block.1.mlp.activation_output,5,0.375,plain,655360,0.3343541952638307,0.006443558963305023,0.019271655790711908,0.0036091292407001594,0.9998157781444601,0.001220703125,2.7537224236435778,127.0
block.1.mlp.activation_output,6,0.25,cfg_conditional,655360,0.3834414938407074,0.007072197246216488,0.018444006086504768,0.003898437279584588,0.9998306946616864,0.002899169921875,3.3569780484897884,127.0
block.1.mlp.activation_output,6,0.25,cfg_null,655360,0.38403011728814745,0.00710059164830375,0.018489673930901614,0.0038921639007743814,0.9998299261284956,0.00274658203125,3.3615604911263532,127.0
block.1.mlp.activation_output,6,0.25,plain,655360,0.36488181005040066,0.006930073790855029,0.018992653511277494,0.0038691958278660897,0.9998208350928534,0.001373291015625,3.183359461506521,127.0
block.1.mlp.activation_output,7,0.125,cfg_conditional,655360,0.43022721587523055,0.007673615193192214,0.01783619192379876,0.004054038366364665,0.9998414709120963,0.003204345703125,3.9183452936608023,127.0
block.1.mlp.activation_output,7,0.125,cfg_null,655360,0.42936423790223743,0.0075004128598097726,0.01746864828904906,0.004048576822613903,0.9998480671847165,0.00244140625,3.906268022191806,127.0
block.1.mlp.activation_output,7,0.125,plain,655360,0.41394377676076904,0.0072058655482715745,0.017407836408749943,0.00404581253362295,0.9998492271122462,0.0018310546875,3.7578829066959893,127.0
block.1.mlp.input,0,1.0,cfg_conditional,163840,0.604548483224042,0.01149536785375848,0.01901479893300529,0.008569197165294895,0.9998194551775849,0.030517578125,8.825832577202263,127.0
block.1.mlp.input,0,1.0,cfg_null,163840,0.602925232063422,0.010722967314496908,0.017784903905579047,0.008633197050089336,0.9998419606832414,0.0311279296875,8.756584107406496,127.0
block.1.mlp.input,0,1.0,plain,163840,0.602188671021003,0.011307975939168118,0.018778127991009183,0.008586082263157735,0.9998239101789245,0.03173828125,8.81956085445374,127.0
block.1.mlp.input,1,0.875,cfg_conditional,163840,0.6216368139476037,0.01123414302029164,0.018071875359104036,0.00856664222030723,0.9998367347380951,0.01953125,9.311792568897637,127.0
block.1.mlp.input,1,0.875,cfg_null,163840,0.6218303964102908,0.010931547419353541,0.017579628597217657,0.008551389700676282,0.9998454754176763,0.009765625,9.294861320435531,127.0
block.1.mlp.input,1,0.875,plain,163840,0.6176671384369621,0.009979672334615735,0.016157039469300246,0.00854171393105041,0.9998694746755896,0.0115966796875,9.320568174827756,127.0
block.1.mlp.input,2,0.75,cfg_conditional,163840,0.5993181617410158,0.011736170795854126,0.019582538199344097,0.008601634564805671,0.9998084484776558,0.025634765625,9.267861674151083,127.0
block.1.mlp.input,2,0.75,cfg_null,163840,0.5989017397429413,0.011201950959931596,0.018704154983319406,0.00854144189193562,0.9998251492937156,0.018310546875,9.274522676242619,127.0
block.1.mlp.input,2,0.75,plain,163840,0.5932953521548181,0.009941157306975664,0.016755832100942464,0.00852456827836221,0.9998596403237036,0.00244140625,9.286854661355807,127.0
block.1.mlp.input,3,0.625,cfg_conditional,163840,0.5789691543831674,0.010347668848175286,0.017872573642027045,0.008559800748545853,0.9998402884050387,0.0146484375,9.153317428949311,127.0
block.1.mlp.input,3,0.625,cfg_null,163840,0.5784485624888474,0.010414324026619041,0.018003889545182908,0.008543595026047512,0.9998379187329529,0.01220703125,9.162828340305119,127.0
block.1.mlp.input,3,0.625,plain,163840,0.572779276335708,0.009838819992248912,0.01717733234901876,0.008522202251980105,0.9998524891130401,0.001220703125,9.1700179933563,127.0
block.1.mlp.input,4,0.5,cfg_conditional,163840,0.5581163379481818,0.009841368881279414,0.01763318543488532,0.008522656416810293,0.9998445702081997,0.0030517578125,8.971221202940452,127.0
block.1.mlp.input,4,0.5,cfg_null,163840,0.5582706053231513,0.009870174565834645,0.017679910910088772,0.008534856176297012,0.9998437084413757,0.003662109375,8.986047459399606,127.0
block.1.mlp.input,4,0.5,plain,163840,0.5524297451139586,0.00980493215061956,0.017748740427793112,0.008483717348286745,0.9998425094527279,0.0,8.97707000492126,120.0
block.1.mlp.input,5,0.375,cfg_conditional,163840,0.5416056861665904,0.00985730708320982,0.018200154346566164,0.008542194529802316,0.9998344110061494,0.0,8.80182221179872,127.0
block.1.mlp.input,5,0.375,cfg_null,163840,0.542706384005188,0.009823385130104528,0.018100736272176635,0.008503625186658325,0.9998362527587294,0.0,8.825265478900098,127.0
block.1.mlp.input,5,0.375,plain,163840,0.5365094804602581,0.009828561915299062,0.01831945617599783,0.008508252147318984,0.999832231854024,0.0,8.786707600270669,115.0
block.1.mlp.input,6,0.25,cfg_conditional,163840,0.5344391272081522,0.009818561814677551,0.018371712164804578,0.008498687652010516,0.9998312894323107,0.0,8.778378944697343,120.0
block.1.mlp.input,6,0.25,cfg_null,163840,0.5354827180785822,0.009827651653215296,0.018352882962271597,0.008512360632082761,0.9998316357757038,0.0,8.799707607960137,122.0
block.1.mlp.input,6,0.25,plain,163840,0.5296113026209464,0.00982087939880462,0.018543560815645253,0.008504927614409751,0.9998281262703614,0.0,8.740532341904528,112.0
block.1.mlp.input,7,0.125,cfg_conditional,163840,0.5340867637231854,0.00982677239637884,0.018399206016406745,0.008513194030968308,0.9998307815828194,0.0,8.947677011564961,107.0
block.1.mlp.input,7,0.125,cfg_null,163840,0.5344153465276643,0.009832817485884791,0.01839920494381946,0.00851932792636063,0.9998307784191817,0.0,8.9539535402313,107.0
block.1.mlp.input,7,0.125,plain,163840,0.5298418246650901,0.009834342401093755,0.018560902411413036,0.00851727342948223,0.9998277881044111,0.0,8.9013671875,109.0
block.2.attn.input,0,1.0,cfg_conditional,163840,0.85704344348396,0.033801839255370295,0.039440053491294126,0.009154452036577342,0.9992409339797385,0.1751708984375,14.413428118848426,127.0
block.2.attn.input,0,1.0,cfg_null,163840,0.854975964072518,0.0330238223629269,0.03862543948677118,0.009134815423214704,0.9992725543366366,0.172119140625,14.38798078401821,127.0
block.2.attn.input,0,1.0,plain,163840,0.8530268194549241,0.03342483034440818,0.03918379772134987,0.009136672463802143,0.9992513460100945,0.1751708984375,14.373250645915354,127.0
block.2.attn.input,1,0.875,cfg_conditional,163840,0.8745108705592238,0.016926071331540424,0.019354901009654348,0.008397252003767619,0.99981428402961,0.091552734375,15.291671152189961,127.0
block.2.attn.input,1,0.875,cfg_null,163840,0.8741273474399051,0.01626205627526411,0.01860376102279777,0.008396530496127852,0.999828398777085,0.09521484375,15.274941752276083,127.0
block.2.attn.input,1,0.875,plain,163840,0.8719608454854992,0.016116703497275085,0.0184832880750528,0.00838002695037936,0.9998305429375285,0.0933837890625,15.279339167076772,127.0
block.2.attn.input,2,0.75,cfg_conditional,163840,0.8386661122563447,0.01176310425033971,0.014025968235073063,0.008144948432328113,0.9999017919575265,0.0482177734375,14.97874342550443,127.0
block.2.attn.input,2,0.75,cfg_null,163840,0.8381059262160013,0.011318386764067155,0.013504721074063992,0.008151579072890769,0.99990890176493,0.042724609375,14.969251737819881,127.0
block.2.attn.input,2,0.75,plain,163840,0.8344052353714609,0.010895836514884403,0.013058207275070356,0.008123518094549809,0.999914830025012,0.0439453125,14.933082400344489,127.0
block.2.attn.input,3,0.625,cfg_conditional,163840,0.7897425862731513,0.010635022038288571,0.013466441120360445,0.008115775004738524,0.9999093586948953,0.025634765625,14.260994017593504,127.0
block.2.attn.input,3,0.625,cfg_null,163840,0.790028479879234,0.010290735964654145,0.013025778470957422,0.00809938916591051,0.9999151769634037,0.0189208984375,14.275368517778052,127.0
block.2.attn.input,3,0.625,plain,163840,0.7850789731850066,0.010012151374928958,0.01275304996936857,0.008105031671408369,0.9999186818315987,0.0225830078125,14.2015640378937,127.0
block.2.attn.input,4,0.5,cfg_conditional,163840,0.7439707078749193,0.00992457089869674,0.013340002225417343,0.008061741507881238,0.9999110182141333,0.0146484375,13.54297547828494,127.0
block.2.attn.input,4,0.5,cfg_null,163840,0.7449608701389901,0.009713226378169695,0.013038572584835848,0.008073699812690549,0.9999149946596131,0.013427734375,13.570917084461122,127.0
block.2.attn.input,4,0.5,plain,163840,0.7389549442694153,0.009551339172850988,0.012925468930036238,0.008056029642679619,0.9999164637102854,0.0128173828125,13.458011657234252,127.0
block.2.attn.input,5,0.375,cfg_conditional,163840,0.7073571944143843,0.009449301209761563,0.01335859914110942,0.008063672451392279,0.9999107758279698,0.00732421875,12.930302657480315,127.0
block.2.attn.input,5,0.375,cfg_null,163840,0.7085999688898279,0.00944569924980169,0.013330087023007326,0.008071139530025384,0.9999111556119425,0.0042724609375,12.9637710691437,127.0
block.2.attn.input,5,0.375,plain,163840,0.7020424832410811,0.009364518364361798,0.013338962509973953,0.008053218207517965,0.999911040123375,0.006103515625,12.82699464812992,127.0
block.2.attn.input,6,0.25,cfg_conditional,163840,0.681331129834319,0.00932529105711492,0.013686870669453448,0.008062901242119835,0.9999063411637455,0.00244140625,12.469953401820867,127.0
block.2.attn.input,6,0.25,cfg_null,163840,0.6825549221694619,0.009317397700655851,0.013650766257814145,0.008063141578274013,0.9999068365688313,0.0018310546875,12.499255082738681,127.0
block.2.attn.input,6,0.25,plain,163840,0.6754524381252559,0.00932740258325694,0.013809118239539564,0.008065244353798563,0.9999046593793556,0.003662109375,12.342841681532972,127.0
block.2.attn.input,7,0.125,cfg_conditional,163840,0.6574343435633843,0.009322130844733125,0.014179561709852117,0.008079513430325137,0.9998994834298675,0.0006103515625,12.0191390871063,127.0
block.2.attn.input,7,0.125,cfg_null,163840,0.6577489164566743,0.009278447952389992,0.014106367521475286,0.008030940335012815,0.9999005164034507,0.0,12.027386042076772,125.0
block.2.attn.input,7,0.125,plain,163840,0.6508298675628614,0.00930886992819195,0.01430307733578751,0.008060085770387814,0.9998977261060075,0.001220703125,11.87128983144685,127.0
block.2.attn.k_post,0,1.0,cfg_conditional,163840,1.7314100701850066,0.016615996640565744,0.009596800276661365,0.013783176203446601,0.999953954407839,0.0469970703125,18.479239396222933,127.0
block.2.attn.k_post,0,1.0,cfg_null,163840,1.729332248293067,0.016683204580964138,0.009647194515357735,0.01381480897352958,0.9999534685611531,0.0457763671875,18.490576556348426,127.0
block.2.attn.k_post,0,1.0,plain,163840,1.7317643506516929,0.016752335520540788,0.00967356529439851,0.013808253043157493,0.9999532153404682,0.048828125,18.48035917507382,127.0
block.2.attn.k_post,1,0.875,cfg_conditional,163840,1.7274918709354625,0.016590571774551945,0.00960384940368368,0.01380059376524514,0.9999538874537138,0.0341796875,18.426431971272144,127.0
block.2.attn.k_post,1,0.875,cfg_null,163840,1.726121856975591,0.01656482636206588,0.009596556752424068,0.013794671059372376,0.9999539532131291,0.0390625,18.436336967888778,127.0
block.2.attn.k_post,1,0.875,plain,163840,1.729497592316282,0.01667249779696482,0.00964008153063438,0.013785949843145318,0.9999535361846419,0.0433349609375,18.43168964536171,127.0
block.2.attn.k_post,2,0.75,cfg_conditional,163840,1.7335579173370812,0.016946809869672723,0.009775739074068389,0.013798926121125987,0.9999522272238367,0.0445556640625,18.348955770177167,127.0
block.2.attn.k_post,2,0.75,cfg_null,163840,1.732799269927452,0.017036675460340198,0.009831880562284333,0.013797178715981318,0.9999516834216391,0.0439453125,18.358264832984744,127.0
block.2.attn.k_post,2,0.75,plain,163840,1.7351922229432093,0.01733656183274335,0.009991147726179473,0.013826200417975087,0.9999501122979252,0.047607421875,18.353132112758367,127.0
block.2.attn.k_post,3,0.625,cfg_conditional,163840,1.7379337751364285,0.01734888746183353,0.009982479027701522,0.013815033820719691,0.9999501922024938,0.0616455078125,18.284157580278052,127.0
block.2.attn.k_post,3,0.625,cfg_null,163840,1.7375353115332561,0.017499180186361096,0.010071265930658563,0.01384491875128333,0.9999493104197776,0.0634765625,18.292481429933563,127.0
block.2.attn.k_post,3,0.625,plain,163840,1.738986735868515,0.017898732849090836,0.010292621835411263,0.013806605876516187,0.9999470639642046,0.064697265625,18.289525790477363,127.0
block.2.attn.k_post,4,0.5,cfg_conditional,163840,1.7446051481251006,0.01811169685859831,0.010381545003499883,0.013761101733030046,0.9999462064771173,0.091552734375,18.233272522453248,127.0
block.2.attn.k_post,4,0.5,cfg_null,163840,1.7439657582265706,0.01829084070835503,0.010488073301940794,0.01379126460774387,0.9999450702115614,0.093994140625,18.237088421198326,127.0
block.2.attn.k_post,4,0.5,plain,163840,1.7452356819588521,0.01843712335543151,0.010564259914017852,0.013758002083432076,0.9999443092358002,0.089111328125,18.238698403666337,127.0
block.2.attn.k_post,5,0.375,cfg_conditional,163840,1.7519696314288,0.019865400967137348,0.011338895726712074,0.013808632020072764,0.9999359937066921,0.12451171875,18.182935339259352,127.0
block.2.attn.k_post,5,0.375,cfg_null,163840,1.7514720023160437,0.020064329885514005,0.011455695471570264,0.013850898801206313,0.9999346401115692,0.11962890625,18.186270646222933,127.0
block.2.attn.k_post,5,0.375,plain,163840,1.7527108265231086,0.01967148557530572,0.01122346326480363,0.0137640935893387,0.9999372222258098,0.11474609375,18.189341627706693,127.0
block.2.attn.k_post,6,0.25,cfg_conditional,163840,1.7587172715637618,0.02155572148834136,0.012256501847608008,0.013851815393400102,0.9999253421007948,0.1446533203125,18.14330093503937,127.0
block.2.attn.k_post,6,0.25,cfg_null,163840,1.7583322203697882,0.02204848733171005,0.012539432011928392,0.013855639329767655,0.999921900168552,0.142822265625,18.140777828186515,127.0
block.2.attn.k_post,6,0.25,plain,163840,1.759605564906386,0.021476727419682866,0.012205421401259017,0.013835300057917266,0.999925974412064,0.1483154296875,18.142849178764763,127.0
block.2.attn.k_post,7,0.125,cfg_conditional,163840,1.765484523155723,0.023809404412494153,0.013486045388795552,0.013963354605084532,0.9999098378295296,0.1531982421875,18.108784833292322,127.0
block.2.attn.k_post,7,0.125,cfg_null,163840,1.765221174929326,0.024300860887288105,0.01376646803948578,0.013971315482558566,0.9999060920745858,0.1507568359375,18.10614638441191,127.0
block.2.attn.k_post,7,0.125,plain,163840,1.766301840332823,0.024404011696405666,0.013816444697700839,0.014002915869059506,0.9999054194047433,0.1702880859375,18.10370497816191,127.0
block.2.attn.k_pre,0,1.0,cfg_conditional,163840,1.8780529390778304,0.032572881774019326,0.017343963578584424,0.028204030565157724,0.9998496120984129,0.0,10.393128883181594,81.0
block.2.attn.k_pre,0,1.0,cfg_null,163840,1.8859839492812416,0.03255051532871978,0.01725916879681026,0.028178355462428327,0.9998511033988877,0.0,10.453649806225394,79.0
block.2.attn.k_pre,0,1.0,plain,163840,1.8737109274829131,0.03264559855646413,0.01742296427780311,0.028288930664908563,0.9998482500911786,0.0,10.368762879859744,80.0
block.2.attn.k_pre,1,0.875,cfg_conditional,163840,1.9053723822308364,0.03259634488749858,0.01710759806927312,0.028237647203287964,0.9998536728079939,0.0,10.532918614665354,77.0
block.2.attn.k_pre,1,0.875,cfg_null,163840,1.9158974856535604,0.03262772495577326,0.017029995185072824,0.02826087268103734,0.9998550051622854,0.0,10.602138248954232,79.0
block.2.attn.k_pre,1,0.875,plain,163840,1.9037827192067989,0.032617714364341834,0.017133107699355436,0.028240054606797217,0.9998532475088125,0.0,10.519663893331693,78.0
block.2.attn.k_pre,2,0.75,cfg_conditional,163840,1.7685562947644524,0.0325500387233088,0.01840486436290908,0.028174629876723856,0.9998307122507973,0.0,9.720458984375,75.0
block.2.attn.k_pre,2,0.75,cfg_null,163840,1.7750174607677274,0.03260862840617179,0.018370877541716107,0.02822230008772948,0.9998312914366249,0.0,9.763534425750493,75.0
block.2.attn.k_pre,2,0.75,plain,163840,1.7675819219783044,0.032603477796545904,0.018445242843429625,0.02824902822252078,0.9998299370589913,0.0,9.710448257566437,74.0
block.2.attn.k_pre,3,0.625,cfg_conditional,163840,1.6238480333093472,0.0325552745449502,0.020048227344650997,0.028191542164599424,0.9997991036621383,0.0,8.88239822988435,70.0
block.2.attn.k_pre,3,0.625,cfg_null,163840,1.6274824625842357,0.0326108291685104,0.020037591751820502,0.02825679623557953,0.9997993380488462,0.0,8.909176803949311,68.0
block.2.attn.k_pre,3,0.625,plain,163840,1.6235505045179441,0.03263099268506445,0.020098538723778762,0.028264288977911178,0.9997980675034379,0.0,8.87644850362943,70.0
block.2.attn.k_pre,4,0.5,cfg_conditional,163840,1.4917684445358623,0.03257917165382994,0.0218392953498667,0.028227127533927643,0.9997616148862465,0.0,8.121510903666339,64.0
block.2.attn.k_pre,4,0.5,cfg_null,163840,1.49472988739961,0.0326329063587834,0.02183197555215481,0.028275048043071037,0.9997617494612693,0.0,8.141532357283465,64.0
block.2.attn.k_pre,4,0.5,plain,163840,1.4906628789015366,0.03258304764881507,0.021858092872632195,0.02821489815397129,0.9997612256321715,0.0,8.114417368971457,64.0
block.2.attn.k_pre,5,0.375,cfg_conditional,163840,1.380453295342582,0.032646594108805604,0.023649184089711502,0.02828659067309296,0.9997204911633378,0.0,7.477239173228346,58.0
block.2.attn.k_pre,5,0.375,cfg_null,163840,1.3822238994708518,0.03258100820369357,0.02357144035504404,0.028233167128485625,0.999722285734664,0.0,7.4889992541215555,59.0
block.2.attn.k_pre,5,0.375,plain,163840,1.3780902566851034,0.03263547870473374,0.0236816700113939,0.028271943166862455,0.9997197429549654,0.0,7.462369663508858,59.0
block.2.attn.k_pre,6,0.25,cfg_conditional,163840,1.2920443121436023,0.03255693327107364,0.02519800053688495,0.028203631031825438,0.9996827050269113,0.0,6.962477316067913,55.0
block.2.attn.k_pre,6,0.25,cfg_null,163840,1.2938767804557787,0.032613906822615765,0.025206346782981337,0.028239054741755965,0.9996824669767562,0.0,6.972920575479823,55.0
block.2.attn.k_pre,6,0.25,plain,163840,1.288891204316125,0.032597889501662765,0.025291420557842146,0.028213459109553085,0.9996803667678583,0.0,6.942849947711614,56.0
block.2.attn.k_pre,7,0.125,cfg_conditional,163840,1.2119751120610651,0.032619261913159135,0.026914135107681668,0.02825655430306142,0.9996379564532634,0.0,6.495649683193897,52.0
block.2.attn.k_pre,7,0.125,cfg_null,163840,1.2128089977831569,0.03256802807284992,0.026853385926703763,0.02821852388452086,0.99963963287137,0.0,6.501200518270177,51.0
block.2.attn.k_pre,7,0.125,plain,163840,1.2086718457384784,0.03255014896566328,0.02693050978264136,0.0281881501136688,0.9996376457679033,0.0,6.47590697281004,52.0
block.2.attn.output,0,1.0,cfg_conditional,163840,0.5163360193317847,0.005829454838367802,0.011290041020016343,0.005046194937735948,0.9999362756871922,0.0,15.58848463644193,122.0
block.2.attn.output,0,1.0,cfg_null,163840,0.5081154315991965,0.00582696666651147,0.011467801023425334,0.005049297054056786,0.9999342546220622,0.0,15.334299643208661,125.0
block.2.attn.output,0,1.0,plain,163840,0.5108848988000876,0.005850321598899726,0.011451349634018039,0.00506423102782875,0.999934445971845,0.00244140625,15.404590997170276,127.0
block.2.attn.output,1,0.875,cfg_conditional,163840,0.5242879241871581,0.005848193391362057,0.011154545282401724,0.005046858245621834,0.9999377957698125,0.00244140625,15.772445558562993,127.0
block.2.attn.output,1,0.875,cfg_null,163840,0.5146400103494403,0.005873678598330955,0.011413179077045974,0.005054463570252879,0.9999348708287803,0.0030517578125,15.47008604515256,127.0
block.2.attn.output,1,0.875,plain,163840,0.5166281771639587,0.0058496092796,0.011322667903465028,0.005037750820051715,0.9999359071029974,0.0018310546875,15.551200326033465,127.0
block.2.attn.output,2,0.75,cfg_conditional,163840,0.5320468265735598,0.006040656899152764,0.011353618887373617,0.005048378857971851,0.9999355494992875,0.0048828125,15.932155819389763,127.0
block.2.attn.output,2,0.75,cfg_null,163840,0.5245381843727285,0.0060096333977298355,0.011456998893067212,0.005060472650047472,0.999934371397225,0.00244140625,15.689966397022637,127.0
block.2.attn.output,2,0.75,plain,163840,0.5172253510378908,0.0059470030867863925,0.011497895597833386,0.005052139211781659,0.9999338987691712,0.003662109375,15.48750749723179,127.0
block.2.attn.output,3,0.625,cfg_conditional,163840,0.5311415351933552,0.00616562588892992,0.011608254072401633,0.0050584045392533805,0.9999326220597193,0.006103515625,15.879617525836615,127.0
block.2.attn.output,3,0.625,cfg_null,163840,0.5276902741200821,0.006078664800758163,0.011519380020589297,0.005056219818196581,0.9999336506801764,0.0048828125,15.755115418922244,127.0
block.2.attn.output,3,0.625,plain,163840,0.5151624474199079,0.006139279993994369,0.011917172970859527,0.005068602440477743,0.9999289882776984,0.006103515625,15.378860113188976,127.0
block.2.attn.output,4,0.5,cfg_conditional,163840,0.5248452006768133,0.006530117049252334,0.012441986781686166,0.005058865158186503,0.9999225977106905,0.006103515625,15.644761934055119,127.0
block.2.attn.output,4,0.5,cfg_null,163840,0.5239286180371067,0.0064470069570405466,0.01230512465838227,0.00506964427913212,0.9999242915183031,0.0067138671875,15.60734786386565,127.0
block.2.attn.output,4,0.5,plain,163840,0.5093427799975204,0.006463430658928715,0.012689746302009385,0.005064293561549947,0.999919482114882,0.0067138671875,15.161584568774606,127.0
block.2.attn.output,5,0.375,cfg_conditional,163840,0.5160478612711349,0.0065147449335351305,0.012624303717658936,0.00507006119794664,0.9999203106490259,0.008544921875,15.331319974163385,127.0
block.2.attn.output,5,0.375,cfg_null,163840,0.5163865028269562,0.006577017003383904,0.012736616792611826,0.005068946567389579,0.9999188882708707,0.008544921875,15.333045298658957,127.0
block.2.attn.output,5,0.375,plain,163840,0.5021806635907745,0.006811028537634036,0.013562904809860067,0.005077423756666759,0.9999080272044691,0.0079345703125,14.893726739357776,127.0
block.2.attn.output,6,0.25,cfg_conditional,163840,0.5088607314364372,0.006591731082599974,0.012953900105422774,0.005059460272649382,0.9999160999900776,0.009765625,15.073098009965552,127.0
block.2.attn.output,6,0.25,cfg_null,163840,0.5092053261944098,0.006620859808292435,0.013002338089772166,0.005069278292276954,0.9999154693559754,0.009765625,15.07335752952756,127.0
block.2.attn.output,6,0.25,plain,163840,0.49641246000711486,0.007055654142897035,0.014213289776803566,0.005077615077848438,0.999898996526759,0.008544921875,14.685024952325294,127.0
block.2.attn.output,7,0.125,cfg_conditional,163840,0.5004417673169658,0.006558033758411432,0.01310448924671341,0.005072504010974717,0.9999141334931199,0.008544921875,14.807325948880413,127.0
block.2.attn.output,7,0.125,cfg_null,163840,0.5001232419171933,0.006579467441791388,0.013155692218120844,0.005073816283029844,0.9999134623161149,0.009765625,14.788232037401574,127.0
block.2.attn.output,7,0.125,plain,163840,0.4903086519387529,0.007127962116907476,0.014537704135389943,0.005085791451013936,0.9998943338291594,0.0091552734375,14.493206354576772,127.0
block.2.attn.q_post,0,1.0,cfg_conditional,163840,1.5322049682862322,0.01599759442000933,0.010440897106542215,0.013664389980169745,0.9999455008807483,0.001220703125,16.783812515378937,127.0
block.2.attn.q_post,0,1.0,cfg_null,163840,1.5323584981111014,0.016015498836978927,0.01045153523586081,0.013688327860768368,0.9999453853896465,0.0,16.793054295337107,122.0
block.2.attn.q_post,0,1.0,plain,163840,1.5316115770321228,0.015998260066019586,0.010445376821334937,0.013671136168204612,0.9999454570647346,0.0,16.800710122416337,124.0
block.2.attn.q_post,1,0.875,cfg_conditional,163840,1.5320680786863734,0.015970795911171128,0.010424338274096029,0.013633386862352381,0.9999456770252915,0.0,16.74252487543061,125.0
block.2.attn.q_post,1,0.875,cfg_null,163840,1.5321540299487515,0.01599138688649291,0.010437192719473382,0.013659016039491689,0.9999455441287974,0.0,16.749988465797244,119.0
block.2.attn.q_post,1,0.875,plain,163840,1.531983996718009,0.015968419214239228,0.010423359022319162,0.013633535292376564,0.9999456823865379,0.0,16.775128221887304,119.0
block.2.attn.q_post,2,0.75,cfg_conditional,163840,1.5432123636617836,0.01597242221826764,0.010350112916648599,0.013619747188010933,0.9999464395926061,0.0006103515625,16.75843246339813,127.0
block.2.attn.q_post,2,0.75,cfg_null,163840,1.5437163912900604,0.015964469946977203,0.01034158219544196,0.013608575712169113,0.9999465278892531,0.0,16.769548551304133,122.0
block.2.attn.q_post,2,0.75,plain,163840,1.543570708114123,0.01597122966915003,0.010346937516495815,0.013627109165668116,0.9999464786548357,0.0,16.801310862143207,127.0
block.2.attn.q_post,3,0.625,cfg_conditional,163840,1.5563449761537773,0.015970722602679406,0.01026168545366345,0.013565170302990736,0.9999473507905116,0.0018310546875,16.775594395915356,127.0
block.2.attn.q_post,3,0.625,cfg_null,163840,1.5566027125667783,0.01591661337861273,0.010225225261471403,0.013539208741758558,0.9999477287768247,0.001220703125,16.779612143208663,127.0
block.2.attn.q_post,3,0.625,plain,163840,1.5558931557965854,0.01589868629554917,0.010218366368100237,0.013508527499084266,0.9999477977889762,0.001220703125,16.805530457984744,127.0
block.2.attn.q_post,4,0.5,cfg_conditional,163840,1.5697480217406714,0.016118746650574875,0.01026836564043,0.013495028501756679,0.9999472795924558,0.010986328125,16.768106775959644,127.0
block.2.attn.q_post,4,0.5,cfg_null,163840,1.5698078676286915,0.016053929842403888,0.010226684534747881,0.013457126083949333,0.999947707931839,0.008544921875,16.768909364234744,127.0
block.2.attn.q_post,4,0.5,plain,163840,1.5685057269725662,0.01603850788240779,0.010225342251930655,0.013495458699560458,0.999947720924804,0.00732421875,16.794101985420767,127.0
block.2.attn.q_post,5,0.375,cfg_conditional,163840,1.5818086614549018,0.017487564215022563,0.011055423226054413,0.013478307650598254,0.9999389043428268,0.03173828125,16.725031334584152,127.0
block.2.attn.q_post,5,0.375,cfg_null,163840,1.5818381814942577,0.017631523783566014,0.011146224683305268,0.013511390384519473,0.9999379107052032,0.0360107421875,16.720850186085137,127.0
block.2.attn.q_post,5,0.375,plain,163840,1.580999312714649,0.01708850200972133,0.010808671371513489,0.013510199320921856,0.9999415863806846,0.023193359375,16.756750392162893,127.0
block.2.attn.q_post,6,0.25,cfg_conditional,163840,1.5900665023722014,0.02021245248368637,0.012711702594534035,0.013598975049603723,0.9999193639283886,0.0531005859375,16.66028120386319,127.0
block.2.attn.q_post,6,0.25,cfg_null,163840,1.5900449998244117,0.020530026299379053,0.012911600804786141,0.013601309714385935,0.9999168280108667,0.0537109375,16.65476881612943,127.0
block.2.attn.q_post,6,0.25,plain,163840,1.5900170554153534,0.018523370141562308,0.01164979336446396,0.01354469873333528,0.9999322091204148,0.045166015625,16.687987320066437,127.0
block.2.attn.q_post,7,0.125,cfg_conditional,163840,1.5932683473384925,0.022034575393089943,0.013829795482912874,0.013557196066767575,0.9999046329284341,0.0640869140625,16.588980607160433,127.0
block.2.attn.q_post,7,0.125,cfg_null,163840,1.5932490499647802,0.02239372014411165,0.014055379568314619,0.013613464427226062,0.9999015213673804,0.0634765625,16.587274506336122,127.0
block.2.attn.q_post,7,0.125,plain,163840,1.5944460828943439,0.019818922362577075,0.012429973377714006,0.013498133602001871,0.9999228707232806,0.0543212890625,16.617561400406004,127.0
block.2.attn.q_pre,0,1.0,cfg_conditional,163840,2.076157996105442,0.4475817985684032,0.21558176179654867,0.047613535597931286,0.9790536362440443,0.211181640625,9.466110589936024,127.0
block.2.attn.q_pre,0,1.0,cfg_null,163840,2.0870138304725017,0.4521179348127111,0.21663389490349053,0.04782642175751093,0.9788389072954258,0.2105712890625,9.516169029896654,127.0
block.2.attn.q_pre,0,1.0,plain,163840,2.0783917783744252,0.4481402405517655,0.2156187515821824,0.04768767103623848,0.9790557050870107,0.203857421875,9.483262910617619,127.0
block.2.attn.q_pre,1,0.875,cfg_conditional,163840,2.1416533863372726,0.48187030803171865,0.22499920440245907,0.0491374316464519,0.9770241829091236,0.1995849609375,9.710001307209646,127.0
block.2.attn.q_pre,1,0.875,cfg_null,163840,2.1509373395194054,0.4830074977752288,0.22455674970203898,0.049220564984617,0.9771004380885231,0.20263671875,9.760602815883367,127.0
block.2.attn.q_pre,1,0.875,plain,163840,2.1535751705606643,0.48963537939764235,0.22735931677284804,0.049604014123736564,0.976531518196585,0.1995849609375,9.766033503014272,127.0
block.2.attn.q_pre,2,0.75,cfg_conditional,163840,1.9876936207857538,0.40998874734586105,0.20626355242000963,0.04581675936912681,0.9810189358829502,0.196533203125,8.938348725086122,127.0
block.2.attn.q_pre,2,0.75,cfg_null,163840,1.9895160307373978,0.40579107222719,0.2039647160203011,0.04571892341870267,0.9814253068612109,0.1959228515625,8.968193474717028,127.0
block.2.attn.q_pre,2,0.75,plain,163840,1.9984921631558332,0.4172860687045372,0.20880045286021928,0.04636125103267439,0.9805537085152048,0.1953125,8.996884804072343,127.0
block.2.attn.q_pre,3,0.625,cfg_conditional,163840,1.8023201315599873,0.31328795261756487,0.17382480899572508,0.0416127942865252,0.9868465608163816,0.1953125,8.067247285617619,127.0
block.2.attn.q_pre,3,0.625,cfg_null,163840,1.803706594649152,0.31047429687354955,0.1721312644720587,0.0414379538223546,0.9870866368446333,0.1953125,8.088662455401083,127.0
block.2.attn.q_pre,3,0.625,plain,163840,1.8123025857569677,0.31906890527785436,0.17605719253806879,0.04194690532570071,0.9865078795082096,0.1953125,8.12732606422244,127.0
block.2.attn.q_pre,4,0.5,cfg_conditional,163840,1.6401068989368814,0.23169196163994848,0.14126637830139693,0.03791236456356959,0.9915083832479437,0.1953125,7.290135180856299,127.0
block.2.attn.q_pre,4,0.5,cfg_null,163840,1.6423332045476975,0.23024648615826163,0.1401947458169258,0.03780281993086802,0.9916176158968334,0.1953125,7.310541107898622,127.0
block.2.attn.q_pre,4,0.5,plain,163840,1.6517636571391678,0.24052458973738364,0.14561683125657876,0.038379964898423324,0.9909780292165848,0.1953125,7.349358506090059,127.0
block.2.attn.q_pre,5,0.375,cfg_conditional,163840,1.5098746035981196,0.1660248063693239,0.10995933435377817,0.03491061070553085,0.9949165323153468,0.1947021484375,6.658892293614666,127.0
block.2.attn.q_pre,5,0.375,cfg_null,163840,1.512067058066794,0.16567796609880536,0.10957051488882227,0.03474412971796568,0.9949392436297656,0.1947021484375,6.673872339443897,127.0
block.2.attn.q_pre,5,0.375,plain,163840,1.5207724485532808,0.17639765067397853,0.1159921399429524,0.035411401305755416,0.9943499976572843,0.1953125,6.707489734559547,127.0
block.2.attn.q_pre,6,0.25,cfg_conditional,163840,1.4061113651458093,0.11224555867359153,0.07982693366677399,0.03233258936838146,0.9972773055614201,0.186767578125,6.1765992172121065,127.0
block.2.attn.q_pre,6,0.25,cfg_null,163840,1.4096746386619625,0.11365702948952344,0.08062642710051493,0.032403526257592574,0.9972191478175816,0.18798828125,6.1909304641363185,127.0
block.2.attn.q_pre,6,0.25,plain,163840,1.415347567282729,0.12250101226700473,0.08655189375298795,0.032752979054125574,0.996815705214793,0.191650390625,6.208246186023622,127.0
block.2.attn.q_pre,7,0.125,cfg_conditional,163840,1.3059077147180018,0.06622180097761161,0.050709403299536805,0.030045437764300863,0.998821376440439,0.1385498046875,5.745652566744587,127.0
block.2.attn.q_pre,7,0.125,cfg_null,163840,1.3073810503163552,0.06659112680128201,0.05093474988425795,0.029979341273862037,0.998810846017871,0.137939453125,5.753327617495079,127.0
block.2.attn.q_pre,7,0.125,plain,163840,1.3139574716861253,0.07570332364555867,0.05761474421878585,0.03030824944612327,0.9984980925201571,0.1483154296875,5.764933909018208,127.0
block.2.attn.softmax,0,1.0,cfg_conditional,327680,0.06818046447628745,0.0017058599549580364,0.02501977609072052,0.0011756544878793133,0.9996871135213069,0.0,1.534123458261565,124.0
block.2.attn.softmax,0,1.0,cfg_null,327680,0.06788147327982366,0.0017151154195302588,0.025266325797911646,0.0011865765920425113,0.9996809807264716,0.0,1.534488708015502,123.0
block.2.attn.softmax,0,1.0,plain,327680,0.06807843572697535,0.001707896150651009,0.02508718263592936,0.0011786803330145698,0.999685463096909,0.0,1.5340874138779528,125.0
block.2.attn.softmax,1,0.875,cfg_conditional,327680,0.06613831377890611,0.0016619112493205003,0.025127814036446507,0.0011294782505770792,0.9996843731265204,0.0,1.5333593173289861,123.0
block.2.attn.softmax,1,0.875,cfg_null,327680,0.06566071633105185,0.0016722902323271188,0.025468656538799744,0.001142650656809512,0.9996758397838256,0.0,1.5334073765071359,123.0
block.2.attn.softmax,1,0.875,plain,327680,0.06587683425878939,0.001668158009348305,0.02532237664601706,0.0011386023023235697,0.9996795268075664,0.0,1.5334818682332678,122.0
block.2.attn.softmax,2,0.75,cfg_conditional,327680,0.07000338403429729,0.0015886047531627557,0.02269325654863254,0.001042044345181117,0.9997426002654664,0.0,1.5356012779896653,125.0
block.2.attn.softmax,2,0.75,cfg_null,327680,0.06962224768719649,0.001599064266759309,0.022967719656850096,0.0010540126724111131,0.9997363537686389,0.0,1.5349981353038877,125.0
block.2.attn.softmax,2,0.75,plain,327680,0.06950062961259851,0.001599760767149824,0.023017932011076808,0.0010543959077806602,0.9997351914763704,0.0,1.5349548820435532,125.0
block.2.attn.softmax,3,0.625,cfg_conditional,327680,0.07348143150878425,0.0015447702057732003,0.021022592702056066,0.000985780947199859,0.9997790855625103,0.0,1.5368556225393701,125.0
block.2.attn.softmax,3,0.625,cfg_null,327680,0.0731754323488317,0.0015524354653999673,0.02121525511457744,0.0009948426526912937,0.9997749948181436,0.0,1.536319762703002,125.0
block.2.attn.softmax,3,0.625,plain,327680,0.07288577727017706,0.0015509263400240202,0.021278861227958922,0.0009951022897136913,0.999773673372896,0.0,1.5366273414431595,125.0
block.2.attn.softmax,4,0.5,cfg_conditional,327680,0.0764766717977627,0.001507084029069837,0.019706454185862286,0.0009406824810452343,0.9998059124217858,0.0,1.538275771253691,125.0
block.2.attn.softmax,4,0.5,cfg_null,327680,0.07632156171037925,0.001510103805768708,0.019786070566783796,0.0009447135323488627,0.9998042778159152,0.0,1.5379585806779035,125.0
block.2.attn.softmax,4,0.5,plain,327680,0.07582145275752934,0.0015146556164788692,0.019976610331150092,0.0009506511915385963,0.9998005058165463,0.0,1.538081131582185,126.0
block.2.attn.softmax,5,0.375,cfg_conditional,327680,0.07879660519292829,0.0014750515430562423,0.01871973468202946,0.0009039848927486517,0.9998248110670854,0.0,1.5390999861589567,126.0
block.2.attn.softmax,5,0.375,cfg_null,327680,0.07873832212853521,0.0014794573686614427,0.018789546546932056,0.000907677386967944,0.999823487232957,0.0,1.539006270761565,126.0
block.2.attn.softmax,5,0.375,plain,327680,0.07828749748044611,0.0014831573280726445,0.018945008792024463,0.0009135940001889841,0.9998205814404431,0.0,1.539232148898868,126.0
block.2.attn.softmax,6,0.25,cfg_conditional,327680,0.08028854011178024,0.0014552492442950022,0.018125242310658013,0.0008805421414247727,0.9998357777721558,0.0,1.5402510034756398,126.0
block.2.attn.softmax,6,0.25,cfg_null,327680,0.0802905613658923,0.0014572110344278104,0.018149219654688308,0.0008833240895114011,0.9998353317346249,0.0,1.5404095987635336,126.0
block.2.attn.softmax,6,0.25,plain,327680,0.07994066155429139,0.0014585077256299447,0.018244879355162766,0.0008850370700483095,0.999833580008661,0.0,1.539801650159941,126.0
block.2.attn.softmax,7,0.125,cfg_conditional,327680,0.08101907082784526,0.0014391122976587921,0.017762636413304642,0.0008637156402263601,0.9998422754790119,0.0,1.540712371585876,126.0
block.2.attn.softmax,7,0.125,cfg_null,327680,0.08097959586585264,0.0014429701893133027,0.017818935422988104,0.0008669765266268066,0.9998412742107163,0.0,1.5404985082431102,126.0
block.2.attn.softmax,7,0.125,plain,327680,0.08079496178319434,0.0014419349002604976,0.01784684178859808,0.0008669235889344629,0.9998407688087515,0.0,1.5408301165723426,126.0
block.2.attn.v,0,1.0,cfg_conditional,163840,0.8442859952227099,0.013580748670448912,0.01608548376651269,0.00711497812208286,0.9998709839758608,0.0531005859375,18.57659287340059,127.0
block.2.attn.v,0,1.0,cfg_null,163840,0.8407339617255113,0.012879186262052308,0.01531897942557148,0.0071106035763111915,0.9998829578732783,0.0494384765625,18.50252406803642,127.0
block.2.attn.v,0,1.0,plain,163840,0.8378322278197609,0.013434263793407043,0.016034551247051214,0.007099984092272749,0.9998717379707025,0.0469970703125,18.39508296936516,127.0
block.2.attn.v,1,0.875,cfg_conditional,163840,0.8881263874811156,0.01577743066632604,0.01776484843680148,0.007171778412028829,0.999842733443668,0.0701904296875,19.606159840981793,127.0
block.2.attn.v,1,0.875,cfg_null,163840,0.8841953339552089,0.01540557800826729,0.0174232744922489,0.007183039450799988,0.9998487030755779,0.0640869140625,19.53042818805364,127.0
block.2.attn.v,1,0.875,plain,163840,0.8816348510895088,0.014899307768463002,0.016899635659877444,0.007140279604102062,0.9998576818786459,0.064697265625,19.47601558655266,127.0
block.2.attn.v,2,0.75,cfg_conditional,163840,0.8613405555171776,0.01134445429334888,0.013170695633316942,0.007030744515201803,0.9999133562971757,0.0372314453125,19.127351054995078,127.0
block.2.attn.v,2,0.75,cfg_null,163840,0.8578923970740423,0.011051715188977374,0.012882402532847637,0.007049818155305232,0.9999170985116812,0.03173828125,19.06552292230561,127.0
block.2.attn.v,2,0.75,plain,163840,0.8507424765728122,0.010772181087592602,0.012662093858282444,0.007020790576732239,0.9999199106112348,0.0396728515625,18.910118763841044,127.0
block.2.attn.v,3,0.625,cfg_conditional,163840,0.8159554858984003,0.008909518121725876,0.010919122765522107,0.006954512818110459,0.9999403859150136,0.0128173828125,18.201044037586122,127.0
block.2.attn.v,3,0.625,cfg_null,163840,0.8149717256411595,0.00860350487955884,0.010556813946876794,0.006962058301586182,0.9999442783800333,0.0115966796875,18.18582369586614,127.0
block.2.attn.v,3,0.625,plain,163840,0.8050506897423798,0.008805551953201634,0.01093788511133312,0.006945613100628379,0.9999401823706021,0.01708984375,17.9717056394562,127.0
block.2.attn.v,4,0.5,cfg_conditional,163840,0.7709178690556825,0.008245953310864994,0.010696279904583971,0.006925295843177537,0.9999427933986287,0.0054931640625,17.22643754613681,127.0
block.2.attn.v,4,0.5,cfg_null,163840,0.7719096797445131,0.008172327516267225,0.010587155117645505,0.006949429827649923,0.9999439554082077,0.0054931640625,17.254278228038878,127.0
block.2.attn.v,4,0.5,plain,163840,0.7600817111832024,0.008239006316914016,0.010839632365431522,0.006929249914461089,0.9999412501479075,0.0054931640625,17.00224628598671,127.0
block.2.attn.v,5,0.375,cfg_conditional,163840,0.7324057365551235,0.008101773205813609,0.011061864758078448,0.006936699684831104,0.9999388176755842,0.001220703125,16.366380105807085,127.0
block.2.attn.v,5,0.375,cfg_null,163840,0.733923578977314,0.00806991027748809,0.010995572984224199,0.006926878760880229,0.9999395607186595,0.0018310546875,16.407119871124507,127.0
block.2.attn.v,5,0.375,plain,163840,0.7223153344971923,0.008059949369501832,0.011158491291220346,0.006937199032879704,0.9999377511813784,0.0042724609375,16.164262426181104,127.0
block.2.attn.v,6,0.25,cfg_conditional,163840,0.7035334296197432,0.00800881625765953,0.011383703915801499,0.00690534167616601,0.9999352077205774,0.001220703125,15.720637764517717,127.0
block.2.attn.v,6,0.25,cfg_null,163840,0.7050063690519586,0.008031873524883068,0.011392625481786425,0.006923790213946823,0.9999351097114589,0.001220703125,15.75133316160187,127.0
block.2.attn.v,6,0.25,plain,163840,0.6938756416272758,0.008026320902629029,0.01156737666104796,0.006921682941583107,0.9999330974238577,0.00244140625,15.515083853654035,127.0
block.2.attn.v,7,0.125,cfg_conditional,163840,0.6766804324399953,0.00798103308458021,0.011794390234991653,0.00691029592842547,0.9999304560371085,0.0,15.105994517408957,126.0
block.2.attn.v,7,0.125,cfg_null,163840,0.6768531641598498,0.008016090533041137,0.01184317508952061,0.006945999858297825,0.9999298776924824,0.0006103515625,15.108349417138287,127.0
block.2.attn.v,7,0.125,plain,163840,0.6682955855049665,0.008052314133004081,0.012049030859480727,0.006931773823905374,0.9999274129577659,0.003662109375,14.925162247785433,127.0
block.2.mlp.activation_input,0,1.0,cfg_conditional,655360,1.0760349676306298,0.03560079498452277,0.0330851654969111,0.010539085395645919,0.9994566411390854,0.08636474609375,15.475135863296629,127.0
block.2.mlp.activation_input,0,1.0,cfg_null,655360,1.0570337342363634,0.034201326979270225,0.032355946524240696,0.010476210802314246,0.9994800057063021,0.07537841796875,15.24080291507751,127.0
block.2.mlp.activation_input,0,1.0,plain,655360,1.0709540885379307,0.03447019206436953,0.03218643304441587,0.010515555708005664,0.9994856983789214,0.083465576171875,15.389850045752338,127.0
block.2.mlp.activation_input,1,0.875,cfg_conditional,655360,1.0922663491313724,0.027490322350241816,0.025168149116837266,0.010345153266609897,0.9996851314615168,0.074920654296875,15.873852827417569,127.0
block.2.mlp.activation_input,1,0.875,cfg_null,655360,1.0740467958823803,0.026664755001015176,0.024826436895711623,0.01031790761265472,0.9996934021679003,0.063323974609375,15.64081146961122,127.0
block.2.mlp.activation_input,1,0.875,plain,655360,1.0832472349938134,0.02654487702670823,0.024504910946631528,0.010323141356949606,0.9997012963571141,0.068359375,15.731935275821236,127.0
block.2.mlp.activation_input,2,0.75,cfg_conditional,655360,1.0952753858426776,0.024870927150283814,0.02270746469039724,0.010240484434168673,0.9997431948095422,0.05950927734375,15.9734146238312,127.0
block.2.mlp.activation_input,2,0.75,cfg_null,655360,1.0804707715726427,0.02379672740445134,0.022024406425927484,0.010200639858684224,0.9997582994931192,0.05157470703125,15.779659241203248,127.0
block.2.mlp.activation_input,2,0.75,plain,655360,1.0779456254559077,0.023922095333738944,0.02219230243976481,0.010194162825991815,0.9997546314870781,0.053253173828125,15.678898368294783,127.0
block.2.mlp.activation_input,3,0.625,cfg_conditional,655360,1.0509911224989077,0.020735218547844856,0.019729204275811003,0.01009226101972278,0.9998057572547457,0.034027099609375,15.47663651113435,127.0
block.2.mlp.activation_input,3,0.625,cfg_null,655360,1.0403768795200223,0.020052766972827745,0.019274521923323677,0.010064368393077639,0.9998145662655474,0.030670166015625,15.340304637518456,127.0
block.2.mlp.activation_input,3,0.625,plain,655360,1.0342729667683777,0.020258659206417166,0.01958734285564483,0.010080813289166424,0.9998085114005716,0.03082275390625,15.178192619263656,127.0
block.2.mlp.activation_input,4,0.5,cfg_conditional,655360,0.9916758205657804,0.01739428411411136,0.01754029265752129,0.009979384655141966,0.9998462893606656,0.01800537109375,14.76851335660679,127.0
block.2.mlp.activation_input,4,0.5,cfg_null,655360,0.9846228708378367,0.017187189131657895,0.01745560624346756,0.009998295283293435,0.9998477584936734,0.017242431640625,14.683219128706323,127.0
block.2.mlp.activation_input,4,0.5,plain,655360,0.9769678580135848,0.017061900963733466,0.017464137457320752,0.00997946663112712,0.9998476173403862,0.01708984375,14.48898435577633,127.0
block.2.mlp.activation_input,5,0.375,cfg_conditional,655360,0.938038567155865,0.015346564872885453,0.01636027068632825,0.009932209897685118,0.9998662015953096,0.010833740234375,14.15224090335876,127.0
block.2.mlp.activation_input,5,0.375,cfg_null,655360,0.9339043646142473,0.01524955993836457,0.01632882393119927,0.009950187408829159,0.9998667157746378,0.009918212890625,14.107554278035803,127.0
block.2.mlp.activation_input,5,0.375,plain,655360,0.9253215232160793,0.01487423260717953,0.016074664031894705,0.009938477254167633,0.9998708317094436,0.009918212890625,13.900540569635826,127.0
block.2.mlp.activation_input,6,0.25,cfg_conditional,655360,0.8999947901787974,0.013839628311476818,0.015377453805846332,0.009917583098734051,0.999881771751101,0.006866455078125,13.76130111574188,127.0
block.2.mlp.activation_input,6,0.25,cfg_null,655360,0.8972703409977814,0.013885705550936801,0.015475498204360168,0.009913801222267293,0.999880259817461,0.00701904296875,13.730491578109621,127.0
block.2.mlp.activation_input,6,0.25,plain,655360,0.8881154183137749,0.013370721542095634,0.015055162050313264,0.009916598377123265,0.9998866710623087,0.0067138671875,13.523944043737696,127.0
block.2.mlp.activation_input,7,0.125,cfg_conditional,655360,0.8609006544245268,0.012537402937786183,0.01456312394856625,0.009900461568323627,0.9998939522061882,0.0048828125,13.342053270715429,127.0
block.2.mlp.activation_input,7,0.125,cfg_null,655360,0.8585470563667198,0.01259942904282357,0.014675292343489032,0.009908893876071212,0.9998923124216424,0.004730224609375,13.312333474947712,127.0
block.2.mlp.activation_input,7,0.125,plain,655360,0.8500380834163942,0.012239072348883847,0.014398263545668099,0.009895514823100382,0.9998963398541669,0.003814697265625,13.129218394362082,127.0
block.2.mlp.activation_output,0,1.0,cfg_conditional,655360,0.5170567328190769,0.033573602231494575,0.06493214399983899,0.00498308813746462,0.9979977065635168,0.037994384765625,2.236785888671875,127.0
block.2.mlp.activation_output,0,1.0,cfg_null,655360,0.5048789078651407,0.026674768932257394,0.05283399349172763,0.0048262330083638,0.998663761444294,0.03143310546875,2.200508418045645,127.0
block.2.mlp.activation_output,0,1.0,plain,655360,0.5063455208301314,0.03093618826190119,0.061096992052349273,0.004900235781173379,0.9982249751108272,0.036163330078125,2.1803956519900343,127.0
block.2.mlp.activation_output,1,0.875,cfg_conditional,655360,0.5024626556749922,0.016176675015070304,0.032194780711293024,0.004619047575999247,0.9994899462676776,0.011138916015625,2.3023049662432333,127.0
block.2.mlp.activation_output,1,0.875,cfg_null,655360,0.49160290664779255,0.012367606624133214,0.025157716638551018,0.004578506840284646,0.9996874422439913,0.008087158203125,2.272587573434424,127.0
block.2.mlp.activation_output,1,0.875,plain,655360,0.49059799773518226,0.014167798752341079,0.028878631420727184,0.004577752115576317,0.9995888972451342,0.010223388671875,2.2456480011226625,127.0
block.2.mlp.activation_output,2,0.75,cfg_conditional,655360,0.49762445739543837,0.012641995021992208,0.02540468989036489,0.004737428909815477,0.9996792242537719,0.004730224609375,2.388469065268209,127.0
block.2.mlp.activation_output,2,0.75,cfg_null,655360,0.48725535570690864,0.010560101688913722,0.02167262312302993,0.004730443711702392,0.9997663414071819,0.00274658203125,2.3574156273068407,127.0
block.2.mlp.activation_output,2,0.75,plain,655360,0.4711799328547277,0.010068487589802388,0.02136866807718372,0.004707327518048743,0.9997728935056699,0.003204345703125,2.2807324026513287,127.0
block.2.mlp.activation_output,3,0.625,cfg_conditional,655360,0.4992671457987868,0.013566217191103392,0.02717226099345782,0.004950425412090809,0.9996327385481414,0.00335693359375,2.494294174074188,127.0
block.2.mlp.activation_output,3,0.625,cfg_null,655360,0.49225647180215565,0.011823753512115625,0.024019498349770296,0.004943709746368441,0.999712664505525,0.00213623046875,2.47679702878937,127.0
block.2.mlp.activation_output,3,0.625,plain,655360,0.4649451797266228,0.009726405147589238,0.02091946657734605,0.004930704612062087,0.9997819892023182,0.001373291015625,2.3583924301027315,127.0
block.2.mlp.activation_output,4,0.5,cfg_conditional,655360,0.4957284198150884,0.012526415587036604,0.025268705779888673,0.005205884357046031,0.9996820522186338,0.002593994140625,2.594951719749631,127.0
block.2.mlp.activation_output,4,0.5,cfg_null,655360,0.4929612309976935,0.01244637189260571,0.02524817594157611,0.005210919142148285,0.9996825812908996,0.00213623046875,2.5916800911970963,127.0
block.2.mlp.activation_output,4,0.5,plain,655360,0.46353811624031876,0.010300166395858887,0.022220753881906925,0.005187842163113032,0.9997536970501356,0.000457763671875,2.4579350028451032,127.0
block.2.mlp.activation_output,5,0.375,cfg_conditional,655360,0.5018633313233778,0.012302433830168892,0.02451351406313797,0.005510700012025893,0.9997005413201308,0.001678466796875,2.7605756624477116,127.0
block.2.mlp.activation_output,5,0.375,cfg_null,655360,0.5017537747631593,0.012722306403627233,0.02535567651610093,0.005517561359861034,0.999679550858141,0.0018310546875,2.766223817359744,127.0
block.2.mlp.activation_output,5,0.375,plain,655360,0.47377535199715215,0.010776589229372443,0.0227462006707289,0.005530061441441703,0.9997420614354328,0.000457763671875,2.6299988754152315,127.0
block.2.mlp.activation_output,6,0.25,cfg_conditional,655360,0.5234336650791535,0.012021414199338458,0.022966452105293196,0.005834234091598489,0.9997372908282881,0.001678466796875,3.0116716520054134,127.0
block.2.mlp.activation_output,6,0.25,cfg_null,655360,0.5232222328911456,0.012347294977409542,0.023598567112071384,0.005832981971903806,0.9997224998447805,0.00152587890625,3.013735793706939,127.0
block.2.mlp.activation_output,6,0.25,plain,655360,0.49912734222184796,0.011449764405260635,0.022939565591202454,0.005845497593823623,0.9997376733522171,0.000762939453125,2.8853649229515255,127.0
block.2.mlp.activation_output,7,0.125,cfg_conditional,655360,0.5477028683400187,0.011093171109992863,0.020253994914458118,0.006147412643157324,0.9997956966432787,0.001220703125,3.275735209307333,127.0
block.2.mlp.activation_output,7,0.125,cfg_null,655360,0.5471329884452134,0.011184639345960215,0.020442268300698847,0.006143929201014586,0.9997919644469787,0.001373291015625,3.273796021468996,127.0
block.2.mlp.activation_output,7,0.125,plain,655360,0.5273962104995689,0.011159281809312522,0.02115919983335118,0.006180446024874086,0.9997770109455147,0.00091552734375,3.1610828309547245,127.0
block.2.mlp.input,0,1.0,cfg_conditional,163840,0.6793076738722741,0.03806247248031712,0.05603127116664041,0.008219110040428745,0.9984702350129762,0.20751953125,12.732798658956693,127.0
block.2.mlp.input,0,1.0,cfg_null,163840,0.6678255135905736,0.03647560918903699,0.054618472110964045,0.008143037462826897,0.9985443307268497,0.1947021484375,12.478320504736713,127.0
block.2.mlp.input,0,1.0,plain,163840,0.6750319842269676,0.03845753678001378,0.05697142902651427,0.008251123504265222,0.9984193876957258,0.2032470703125,12.672594926488681,127.0
block.2.mlp.input,1,0.875,cfg_conditional,163840,0.6776664660218513,0.017962011525218355,0.026505681520087452,0.007453651218730784,0.9996523739171937,0.0885009765625,13.284566083292322,127.0
block.2.mlp.input,1,0.875,cfg_null,163840,0.6689009376146429,0.016924066412504185,0.02530130466382187,0.007385289299955388,0.9996827874655789,0.0762939453125,13.09249757781742,127.0
block.2.mlp.input,1,0.875,plain,163840,0.6732394292864488,0.01826708799818166,0.027133122635943252,0.007409745214608421,0.9996355695737402,0.074462890625,13.234219288262794,127.0
block.2.mlp.input,2,0.75,cfg_conditional,163840,0.6742295626948981,0.01136192790380354,0.01685172014467872,0.007190666678839363,0.9998582710922627,0.037841796875,13.54609451894685,127.0
block.2.mlp.input,2,0.75,cfg_null,163840,0.6679776494226618,0.01051175701131565,0.015736689723677196,0.007167868301509372,0.999876359530433,0.0360107421875,13.43334288109006,127.0
block.2.mlp.input,2,0.75,plain,163840,0.6643890618869993,0.010855182586020922,0.016338593165862798,0.007171470247577716,0.9998667960253208,0.0323486328125,13.392204224593996,127.0
block.2.mlp.input,3,0.625,cfg_conditional,163840,0.6527661024780592,0.009311753776595058,0.014265069434894629,0.007116905824975106,0.9998982648862961,0.01953125,13.32569032203494,127.0
block.2.mlp.input,3,0.625,cfg_null,163840,0.6492067106083023,0.008925704072579246,0.013748631871374099,0.007095939314372757,0.9999054908409927,0.0164794921875,13.268567182886319,127.0
block.2.mlp.input,3,0.625,plain,163840,0.641542806509453,0.009005883186543532,0.014037852338401728,0.007112293086015598,0.9999014781190767,0.0152587890625,13.133232537217028,127.0
block.2.mlp.input,4,0.5,cfg_conditional,163840,0.6232870709619152,0.008486518857177598,0.013615746664021773,0.007097122893024732,0.9999073017765506,0.0067138671875,12.879489688422737,127.0
block.2.mlp.input,4,0.5,cfg_null,163840,0.6214343798002205,0.008373514915452226,0.013474495759542873,0.007083077694331763,0.9999092189127138,0.006103515625,12.85594069112943,127.0
block.2.mlp.input,4,0.5,plain,163840,0.6128251201650922,0.008331397952688223,0.013595065996060644,0.007083038370843298,0.9999075852280915,0.008544921875,12.685306579109252,127.0
block.2.mlp.input,5,0.375,cfg_conditional,163840,0.5966810724764966,0.008216600910703234,0.013770507042565671,0.0070740172795854765,0.9999051977456199,0.0042724609375,12.45162843719242,127.0
block.2.mlp.input,5,0.375,cfg_null,163840,0.5960237009516084,0.008173259499107686,0.013712977329690585,0.0070675950494973,0.999905992894872,0.0030517578125,12.447125292199804,127.0
block.2.mlp.input,5,0.375,plain,163840,0.5873057011902008,0.008182010992218755,0.013931434644066201,0.007058281766031627,0.9999029653281434,0.0030517578125,12.258276751660926,127.0
block.2.mlp.input,6,0.25,cfg_conditional,163840,0.5793769678825081,0.008187955800685646,0.01413234604511597,0.007080313173259256,0.9999001453202692,0.00244140625,12.17352919691191,127.0
block.2.mlp.input,6,0.25,cfg_null,163840,0.5787473778894345,0.008166926243538293,0.01411138357692659,0.007072240880223113,0.9999004525711388,0.0006103515625,12.170270784633367,127.0
block.2.mlp.input,6,0.25,plain,163840,0.5703148252588572,0.008194463675644293,0.014368316082130515,0.007084658684281919,0.9998967754409139,0.001220703125,11.97015717273622,127.0
block.2.mlp.input,7,0.125,cfg_conditional,163840,0.5647313643191185,0.008155974919636325,0.014442220558211365,0.0070622846103963076,0.9998957175974155,0.0006103515625,11.946319820374017,127.0
block.2.mlp.input,7,0.125,cfg_null,163840,0.5636702750573553,0.008155741797014593,0.014468993945413776,0.007060650330961949,0.9998953501197951,0.0,11.933877299151083,124.0
block.2.mlp.input,7,0.125,plain,163840,0.5556523122101876,0.008178084966099133,0.014717989624788232,0.0070807208837663895,0.9998917140907144,0.0006103515625,11.728650190698819,127.0
block.3.attn.input,0,1.0,cfg_conditional,163840,1.0279633505679149,0.08083058221985176,0.07863177434798196,0.016053077774450485,0.9974063601767897,0.8636474609375,14.636489988312007,127.0
block.3.attn.input,0,1.0,cfg_null,163840,1.0292925050403627,0.0866706829059857,0.08420413291806395,0.016745619146474412,0.9970556093141971,0.8697509765625,14.608010119340552,127.0
block.3.attn.input,0,1.0,plain,163840,1.024864721635473,0.08269947558237833,0.08069306498364683,0.016269379866368894,0.9972810746020065,0.870361328125,14.58430252675935,127.0
block.3.attn.input,1,0.875,cfg_conditional,163840,1.062895254561328,0.08806411661956563,0.0828530527741522,0.016652379500976623,0.9970847822563863,0.85693359375,15.521961122047244,127.0
block.3.attn.input,1,0.875,cfg_null,163840,1.0656453692956132,0.0958259593574055,0.08992293507618396,0.017481684486919846,0.996589745807595,0.860595703125,15.508913055179626,127.0
block.3.attn.input,1,0.875,plain,163840,1.0614578180363667,0.08901140689691477,0.08385769588242378,0.01678955246856049,0.9970228378658981,0.860595703125,15.509456123892717,127.0
block.3.attn.input,2,0.75,cfg_conditional,163840,0.9933705161106342,0.02507540486363356,0.02524275127654468,0.009564993394119625,0.9996831368484946,0.057373046875,15.445556640625,127.0
block.3.attn.input,2,0.75,cfg_null,163840,0.9952304554566376,0.02285822551001044,0.022967771318375192,0.009515359672150225,0.9997376225277854,0.0579833984375,15.462997316375493,127.0
block.3.attn.input,2,0.75,plain,163840,0.9864378628643651,0.019012012822711626,0.01927340133468272,0.00943544415854447,0.9998149580271353,0.048828125,15.358901136503444,127.0
block.3.attn.input,3,0.625,cfg_conditional,163840,0.9181202749716184,0.017496319172617816,0.01905667443533874,0.009312187579375575,0.9998188173554375,0.0347900390625,14.637066698449804,127.0
block.3.attn.input,3,0.625,cfg_null,163840,0.9195166186356569,0.01643505417672065,0.01787358036128411,0.009327090610672429,0.9998405595658629,0.030517578125,14.657736950971948,127.0
block.3.attn.input,3,0.625,plain,163840,0.9074218048105426,0.01336072707415509,0.01472383295544086,0.009267668254582872,0.9998917007210738,0.023193359375,14.484651820866143,127.0
block.3.attn.input,4,0.5,cfg_conditional,163840,0.845321194483733,0.01257241049452642,0.01487293892140588,0.00921858174512522,0.9998894432486067,0.01708984375,13.696490911048228,127.0
block.3.attn.input,4,0.5,cfg_null,163840,0.8476040964020707,0.012573913480757976,0.014834653978351464,0.009225276483272182,0.9998899821292108,0.015869140625,13.730968565452756,127.0
block.3.attn.input,4,0.5,plain,163840,0.8357469862003102,0.011069278407165994,0.013244772149872798,0.009183216876575528,0.999912286202878,0.0079345703125,13.543302280696357,127.0
block.3.attn.input,5,0.375,cfg_conditional,163840,0.7870332664637941,0.011016309089602293,0.013997259784328413,0.009161197598918137,0.9999020339907456,0.0054931640625,12.881580262672244,127.0
block.3.attn.input,5,0.375,cfg_null,163840,0.7895114069022248,0.011005534317233449,0.013939677401768566,0.009172166678784777,0.9999028380847088,0.0042724609375,12.921459768700787,127.0
block.3.attn.input,5,0.375,plain,163840,0.7790938547030747,0.010634738793295354,0.013650138207480055,0.009163873601048067,0.9999068385764718,0.00244140625,12.738623431348426,127.0
block.3.attn.input,6,0.25,cfg_conditional,163840,0.7456376430945741,0.010633729202670006,0.014261255854167303,0.009174958535279387,0.999898313492265,0.0018310546875,12.269412063238189,127.0
block.3.attn.input,6,0.25,cfg_null,163840,0.7477814095548089,0.010622008830517678,0.01420469764933242,0.009161549806633218,0.9998991180003689,0.00244140625,12.306802103838583,127.0
block.3.attn.input,6,0.25,plain,163840,0.7390151839266713,0.01057064266293319,0.014303688060598849,0.009150180938783592,0.9998977092826067,0.001220703125,12.13490403543307,127.0
block.3.attn.input,7,0.125,cfg_conditional,163840,0.7042275375522135,0.01057560188838964,0.015017308077938565,0.009163849589899797,0.999887246038389,0.0,11.639490803395669,124.0
block.3.attn.input,7,0.125,cfg_null,163840,0.705301938936748,0.010562495720208986,0.014975849543433964,0.00914540444835552,0.9998878804380973,0.0,11.659483421505906,124.0
block.3.attn.input,7,0.125,plain,163840,0.6976112163519173,0.010580756714471907,0.015167125279038424,0.009162002993970474,0.9998850241266997,0.001220703125,11.494371309055119,127.0
block.3.attn.k_post,0,1.0,cfg_conditional,163840,1.9679426805933355,0.0378946288232887,0.01925596166848897,0.016019459099288723,0.9998165893080755,0.1263427734375,18.82316529281496,127.0
block.3.attn.k_post,0,1.0,cfg_null,163840,1.9671679957457497,0.03689539704402207,0.018755590332809928,0.016034091240180716,0.9998259458528942,0.123291015625,18.841024083415356,127.0
block.3.attn.k_post,0,1.0,plain,163840,1.9678943716189394,0.03806560680960095,0.019343318096024274,0.01605816689209405,0.9998148556502391,0.123291015625,18.822689506951278,127.0
block.3.attn.k_post,1,0.875,cfg_conditional,163840,1.9661227967907857,0.035583955912824074,0.01809854194809509,0.01589111097391651,0.9998378081220757,0.1220703125,18.843028151144193,127.0
block.3.attn.k_post,1,0.875,cfg_null,163840,1.9656037171297456,0.03442555812157417,0.017513987087816343,0.015839945920333776,0.9998479840050025,0.1153564453125,18.860613004429133,127.0
block.3.attn.k_post,1,0.875,plain,163840,1.9668693087048574,0.03510525909880646,0.01784829268698211,0.01589404908056622,0.9998422242937022,0.1190185546875,18.833281749815452,127.0
block.3.attn.k_post,2,0.75,cfg_conditional,163840,1.9679464372940372,0.03521197896488409,0.017892752718057313,0.015853067837133493,0.999841374579838,0.125732421875,18.85606660617618,127.0
block.3.attn.k_post,2,0.75,cfg_null,163840,1.9672176550639686,0.033784523757507276,0.01717375993985205,0.015800264263634744,0.9998538361907835,0.128173828125,18.874333899790848,127.0
block.3.attn.k_post,2,0.75,plain,163840,1.9694453961014537,0.035717683703293146,0.018135909619021087,0.015891022952155255,0.9998371402324597,0.1275634765625,18.846291369340552,127.0
block.3.attn.k_post,3,0.625,cfg_conditional,163840,1.9714357669931557,0.03781468688588924,0.019181292902869667,0.016010017193798375,0.9998181288185293,0.15625,18.826068067175196,127.0
block.3.attn.k_post,3,0.625,cfg_null,163840,1.970862550532264,0.03683606203419322,0.01869032522041937,0.016002568718886324,0.9998271865543955,0.152587890625,18.841778612512304,127.0
block.3.attn.k_post,3,0.625,plain,163840,1.9736548140826222,0.03907865084987156,0.01980014467121282,0.016046066951480496,0.9998062574092873,0.1507568359375,18.820901705524115,127.0
block.3.attn.k_post,4,0.5,cfg_conditional,163840,1.97630772466692,0.041427439541822965,0.020962038970325333,0.016304011984971112,0.9997836376717358,0.1885986328125,18.776317205954726,127.0
block.3.attn.k_post,4,0.5,cfg_null,163840,1.9757513351924318,0.04107022789931182,0.020787144195608863,0.016189525975755716,0.9997869813061675,0.186767578125,18.789571927288385,127.0
block.3.attn.k_post,4,0.5,plain,163840,1.9783276046269265,0.0424894048016953,0.021477436144711717,0.01630581651807006,0.999772795923012,0.1898193359375,18.77819151390256,127.0
block.3.attn.k_post,5,0.375,cfg_conditional,163840,1.9808786383904993,0.04596262076388729,0.023203148276278437,0.016497012147601707,0.99973562922987,0.2166748046875,18.722120870755415,127.0
block.3.attn.k_post,5,0.375,cfg_null,163840,1.9804080543656397,0.04529837462790296,0.022873253079357347,0.016442141251195606,0.9997429486371806,0.213623046875,18.735289085568404,127.0
block.3.attn.k_post,5,0.375,plain,163840,1.9828209027836705,0.04681462718695738,0.02361011381372599,0.01650681729099688,0.9997263530567418,0.2130126953125,18.724067267470474,127.0
block.3.attn.k_post,6,0.25,cfg_conditional,163840,1.9839523717383742,0.0493785188956598,0.024888963867813755,0.016632941911461786,0.9996967213148467,0.2337646484375,18.668640617310533,127.0
block.3.attn.k_post,6,0.25,cfg_null,163840,1.983805534156714,0.048717892724682334,0.024557796561139034,0.01658940543263725,0.9997044638862205,0.233154296875,18.681087944451278,127.0
block.3.attn.k_post,6,0.25,plain,163840,1.9860880010629642,0.05042735494722644,0.02539029233359119,0.016719233336084473,0.999684399647775,0.2349853515625,18.670216958353837,127.0
block.3.attn.k_post,7,0.125,cfg_conditional,163840,1.9865803482365054,0.05267219155081002,0.026514000099501295,0.0168577063161365,0.9996566321234852,0.252685546875,18.607889010211615,127.0
block.3.attn.k_post,7,0.125,cfg_null,163840,1.9865121113876927,0.05209435673833377,0.026224031778967042,0.01683584410827734,0.9996640241503559,0.2496337890625,18.619072380967026,127.0
block.3.attn.k_post,7,0.125,plain,163840,1.9886594327287237,0.05374842347179549,0.027027465129132244,0.016890052503663357,0.9996434211599532,0.255126953125,18.608489749938485,127.0
block.3.attn.k_pre,0,1.0,cfg_conditional,163840,2.2371438224755784,0.02797926799579683,0.01250669166403237,0.024230749198478917,0.9999217989458437,0.0,14.078244186761811,119.0
block.3.attn.k_pre,0,1.0,cfg_null,163840,2.2403997919053418,0.027955187227689686,0.01247776728452348,0.024200158163191078,0.9999221638190428,0.0,14.120031642162894,117.0
block.3.attn.k_pre,0,1.0,plain,163840,2.2251640289750334,0.027943683578207017,0.01255803312220474,0.024196843254114243,0.9999211573112841,0.0,14.00162824495571,119.0
block.3.attn.k_pre,1,0.875,cfg_conditional,163840,2.238882006052257,0.02796575651966525,0.012490947019122412,0.024221335590989667,0.999921999590802,0.0,14.120680441067913,119.0
block.3.attn.k_pre,1,0.875,cfg_null,163840,2.24476008878299,0.027958302425858245,0.012454917817527665,0.024219144790292545,0.9999224527518908,0.0,14.175001730130413,116.0
block.3.attn.k_pre,1,0.875,plain,163840,2.2325438379774787,0.027972484391984655,0.012529422229543175,0.024233082320101573,0.9999215205781238,0.0,14.070199080339567,122.0
block.3.attn.k_pre,2,0.75,cfg_conditional,163840,2.0959445229339426,0.027892550429299817,0.013307866751289437,0.02414379889135887,0.9999114619869495,0.0,13.211333507627952,118.0
block.3.attn.k_pre,2,0.75,cfg_null,163840,2.106517815401948,0.027946443808117807,0.013266654382785414,0.024211432016662114,0.999912015074248,0.0,13.300550565944881,116.0
block.3.attn.k_pre,2,0.75,plain,163840,2.0941555202726527,0.02795997631600576,0.013351432615838129,0.024225551278094316,0.9999108844987504,0.0,13.191840704970472,117.0
block.3.attn.k_pre,3,0.625,cfg_conditional,163840,1.8896666259711339,0.027970939903310225,0.014802050011829708,0.02422071920937654,0.9998904644896197,0.0,11.856131966658465,111.0
block.3.attn.k_pre,3,0.625,cfg_null,163840,1.8943090083461627,0.027974948758473596,0.014767890895951177,0.02424931312814067,0.9998909864935737,0.0,11.904349740095965,109.0
block.3.attn.k_pre,3,0.625,plain,163840,1.8791592905674794,0.02794193298683756,0.014869379688615696,0.024192567126520716,0.9998894609133471,0.0,11.785883865957185,106.0
block.3.attn.k_pre,4,0.5,cfg_conditional,163840,1.699462057120655,0.028004320074128376,0.01647834381285053,0.024265994020163363,0.9998642651636556,0.0,10.598899060346948,103.0
block.3.attn.k_pre,4,0.5,cfg_null,163840,1.704002071491538,0.027974680910885445,0.01641704630464375,0.024227025696362148,0.9998652610410586,0.0,10.640407772514763,103.0
block.3.attn.k_pre,4,0.5,plain,163840,1.6855055214341912,0.027914490867662185,0.016561494763843807,0.02416786859782718,0.9998628943705785,0.0,10.512368510088583,99.0
block.3.attn.k_pre,5,0.375,cfg_conditional,163840,1.5421910409125723,0.027991048029390828,0.018150181972803756,0.024245430211271922,0.9998353200303136,0.0,9.554635596087598,97.0
block.3.attn.k_pre,5,0.375,cfg_null,163840,1.5449217252950949,0.027974822437009914,0.018107598578605305,0.024221119313065743,0.9998360815825229,0.0,9.582764633058563,97.0
block.3.attn.k_pre,5,0.375,plain,163840,1.5271815200829122,0.027958806377723446,0.01830745462150795,0.02421646676492344,0.9998324432576324,0.0,9.464851439468504,92.0
block.3.attn.k_pre,6,0.25,cfg_conditional,163840,1.4241348401149025,0.02792847464972327,0.019610835900531677,0.024167787934015906,0.9998077477325291,0.0,8.77212644562008,91.0
block.3.attn.k_pre,6,0.25,cfg_null,163840,1.4265508720714655,0.027944294379223442,0.019588712135197885,0.024200570929015442,0.9998081896242028,0.0,8.796353077325294,92.0
block.3.attn.k_pre,6,0.25,plain,163840,1.4113726744574848,0.027940877592003782,0.01979695235543931,0.024185691929271513,0.9998041030275304,0.0,8.697677972748524,88.0
block.3.attn.k_pre,7,0.125,cfg_conditional,163840,1.312613066826645,0.027938206794081925,0.02128441922464245,0.024192084969965322,0.999773550753287,0.0,8.045039139394685,85.0
block.3.attn.k_pre,7,0.125,cfg_null,163840,1.3132779498334826,0.027946744518071324,0.02128014448244931,0.024195147029932685,0.999773653471961,0.0,8.056116779958169,85.0
block.3.attn.k_pre,7,0.125,plain,163840,1.3017223693844118,0.027961034439141427,0.02148002914965983,0.024215652494076777,0.9997693961412908,0.0,7.983840581938976,83.0
block.3.attn.output,0,1.0,cfg_conditional,163840,0.5605342664942443,0.01013198538088066,0.01807558607299648,0.005732478099548625,0.9998368738558615,0.0225830078125,14.960562638410433,127.0
block.3.attn.output,0,1.0,cfg_null,163840,0.5537351508592984,0.008071039584202307,0.014575631638478232,0.005698196182343797,0.9998938329608332,0.01953125,14.755647914616143,127.0
block.3.attn.output,0,1.0,plain,163840,0.5574669707823684,0.010018148923757632,0.01797083854079788,0.0057356681451046585,0.9998387937652057,0.02197265625,14.871081254613681,127.0
block.3.attn.output,1,0.875,cfg_conditional,163840,0.588945780506918,0.007530846681597353,0.01278699488281484,0.005689218704770369,0.999918267512491,0.020751953125,15.723694328248031,127.0
block.3.attn.output,1,0.875,cfg_null,163840,0.5808146167495308,0.007219186806467228,0.01242941654407505,0.005661306430145477,0.9999227559153775,0.010986328125,15.49454816683071,127.0
block.3.attn.output,1,0.875,plain,163840,0.5864189587195019,0.008123581985797578,0.01385286383567159,0.005690702560883921,0.9999040665533889,0.0152587890625,15.6653793214813,127.0
block.3.attn.output,2,0.75,cfg_conditional,163840,0.6026934148353491,0.00807561759174098,0.013399213253304206,0.005708853457571164,0.9999102555182501,0.0201416015625,16.11552080770177,127.0
block.3.attn.output,2,0.75,cfg_null,163840,0.5947422689414232,0.007509778086074343,0.01262694528075318,0.005693553384624648,0.9999203056144725,0.018310546875,15.907443789985237,127.0
block.3.attn.output,2,0.75,plain,163840,0.5889316533726909,0.007466900863055903,0.012678722259695996,0.00567140085295569,0.9999196271050903,0.0115966796875,15.739188607283465,127.0
block.3.attn.output,3,0.625,cfg_conditional,163840,0.5993393819961421,0.00796459612542972,0.013288958417688271,0.005683548679868628,0.9999117391057722,0.0201416015625,16.039173997293307,127.0
block.3.attn.output,3,0.625,cfg_null,163840,0.5959699585652749,0.0073846707970584,0.012391011813474784,0.005686871907244312,0.9999232407291618,0.0177001953125,15.959809070497048,127.0
block.3.attn.output,3,0.625,plain,163840,0.5814687505776627,0.006870007301585289,0.011814920913222336,0.005661240200933057,0.9999302015026647,0.0079345703125,15.560840997170276,127.0
block.3.attn.output,4,0.5,cfg_conditional,163840,0.5874597545035855,0.007531745669951676,0.012820870897473042,0.005669872378437401,0.9999178178132211,0.013427734375,15.73596864234744,127.0
block.3.attn.output,4,0.5,cfg_null,163840,0.587015130227333,0.007308597409919496,0.01245044128094126,0.005677056446428849,0.999922490435019,0.01220703125,15.732301727054626,127.0
block.3.attn.output,4,0.5,plain,163840,0.5714791855745304,0.0066071753539450745,0.011561532809462908,0.005655056336704975,0.9999331699289592,0.0030517578125,15.307588351993111,127.0
block.3.attn.output,5,0.375,cfg_conditional,163840,0.5778385074220024,0.007319748320973396,0.01266746370647759,0.005664671394754983,0.9999197650243452,0.0091552734375,15.494240588090552,127.0
block.3.attn.output,5,0.375,cfg_null,163840,0.5786709879069397,0.007158913219730991,0.012371301429202232,0.005664686756778041,0.9999234732768665,0.006103515625,15.52257627952756,127.0
block.3.attn.output,5,0.375,plain,163840,0.5635131370368215,0.006549941233021934,0.01162340467777585,0.0056501456839700035,0.9999324488355169,0.0018310546875,15.11902816652313,127.0
block.3.attn.output,6,0.25,cfg_conditional,163840,0.5713958997484296,0.007348238804504659,0.01286015319280361,0.005669850784913626,0.9999173089647949,0.006103515625,15.343305933193898,127.0
block.3.attn.output,6,0.25,cfg_null,163840,0.572527226868724,0.007173073859825111,0.01252879081237099,0.005656263268351904,0.9999215116786354,0.0054931640625,15.374102254552165,127.0
block.3.attn.output,6,0.25,plain,163840,0.5580071418968776,0.006558028039933116,0.011752588000289558,0.005648222162608538,0.9999309375284089,0.0018310546875,15.012399267962598,127.0
block.3.attn.output,7,0.125,cfg_conditional,163840,0.5585333564392838,0.00721363871026239,0.012915323009981338,0.00565806013409347,0.9999165940660685,0.0030517578125,15.02988800289124,127.0
block.3.attn.output,7,0.125,cfg_null,163840,0.5592129903684014,0.0070741247487360066,0.012650143810278219,0.00564936605021695,0.9999199837453077,0.0030517578125,15.049255851685531,127.0
block.3.attn.output,7,0.125,plain,163840,0.5463137756094504,0.006613098722732238,0.012104945944946884,0.005648337135950034,0.9999267348169842,0.0018310546875,14.74597840797244,127.0
block.3.attn.q_post,0,1.0,cfg_conditional,163840,1.6673080632935438,0.017516436812474834,0.010505819049344401,0.014990486198507824,0.9999448207339973,0.0,16.8718521238312,124.0
block.3.attn.q_post,0,1.0,cfg_null,163840,1.6685117611243359,0.017536654117013894,0.010510356909439297,0.015002323543058083,0.9999447745115752,0.0,16.894699457123522,125.0
block.3.attn.q_post,0,1.0,plain,163840,1.66873261487986,0.017544467898648646,0.01051364834737874,0.015017983171264859,0.999944735591566,0.0,16.88223771222933,126.0
block.3.attn.q_post,1,0.875,cfg_conditional,163840,1.6629040921896994,0.01749240460555004,0.010519190305507142,0.014971356612818454,0.9999446769402861,0.0,16.772162970595474,114.0
block.3.attn.q_post,1,0.875,cfg_null,163840,1.6641033847444238,0.017482084405040916,0.010505407635911904,0.014961949442681543,0.9999448208303747,0.0,16.79618775375246,114.0
block.3.attn.q_post,1,0.875,plain,163840,1.66639082222894,0.017487159736885298,0.01049403267445672,0.014961420057557007,0.9999449396713357,0.0,16.809264656126967,116.0
block.3.attn.q_post,2,0.75,cfg_conditional,163840,1.6766972299436804,0.017503570449633635,0.010439314944309637,0.014962882196414284,0.9999455145206642,0.0,16.90041369340551,121.0
block.3.attn.q_post,2,0.75,cfg_null,163840,1.67672557821943,0.01749130262395822,0.010431821910018698,0.014952796105535526,0.9999455959316151,0.0,16.917320912278544,121.0
block.3.attn.q_post,2,0.75,plain,163840,1.6816912312397763,0.017482665792254354,0.010395883303361097,0.01494947019061783,0.9999459666417018,0.0,16.949602262241633,121.0
block.3.attn.q_post,3,0.625,cfg_conditional,163840,1.694547688135476,0.017428710367754827,0.010285169599996194,0.014852082755487573,0.999947113925378,0.001220703125,17.014088067482774,127.0
block.3.attn.q_post,3,0.625,cfg_null,163840,1.6948903739075396,0.01744255764047307,0.010291260077346221,0.014873051865151865,0.9999470503700939,0.001220703125,17.030822273314467,127.0
block.3.attn.q_post,3,0.625,plain,163840,1.7004192943406837,0.017452057657133813,0.010263384869377543,0.014881910959525157,0.9999473353692936,0.0006103515625,17.070173128383367,127.0
block.3.attn.q_post,4,0.5,cfg_conditional,163840,1.7141299601246824,0.017499056728549386,0.010208710620329242,0.014810352646236424,0.9999478952483433,0.0030517578125,17.126517708845963,127.0
block.3.attn.q_post,4,0.5,cfg_null,163840,1.714494005846733,0.017499039412773254,0.010206532862231294,0.014781954400154973,0.9999479175654498,0.003662109375,17.13775875061516,127.0
block.3.attn.q_post,4,0.5,plain,163840,1.7198635910616742,0.017443993847370325,0.010142661277341258,0.01481835871406929,0.9999485658602595,0.0030517578125,17.16947300227608,127.0
block.3.attn.q_post,5,0.375,cfg_conditional,163840,1.730822475541408,0.017870822863596186,0.010325046685106238,0.014772154848924402,0.999946695313826,0.00732421875,17.204878198818896,127.0
block.3.attn.q_post,5,0.375,cfg_null,163840,1.731559869188707,0.017653731678890318,0.010195276520910405,0.014753503496194753,0.9999480271128551,0.0067138671875,17.220492625799704,127.0
block.3.attn.q_post,5,0.375,plain,163840,1.73732020526337,0.01754845178036049,0.010100873590945329,0.014763674233995517,0.9999489862526884,0.008544921875,17.248910017839567,127.0
block.3.attn.q_post,6,0.25,cfg_conditional,163840,1.7410208288491442,0.018101079071826624,0.010396819367055972,0.01470399286756674,0.9999459517691133,0.0146484375,17.254186915600393,127.0
block.3.attn.q_post,6,0.25,cfg_null,163840,1.7421718596373035,0.018022244168835633,0.01034469938722786,0.014676188628982345,0.9999464925493914,0.0128173828125,17.267955870140256,127.0
block.3.attn.q_post,6,0.25,plain,163840,1.7475024834417323,0.01782065070258481,0.010197782762223474,0.014716808755065359,0.9999480015133707,0.0146484375,17.29339359313484,127.0
block.3.attn.q_post,7,0.125,cfg_conditional,163840,1.7444853974721453,0.018170736272228146,0.010416101102685375,0.014650125620141808,0.9999457513835511,0.0177001953125,17.254033126230315,127.0
block.3.attn.q_post,7,0.125,cfg_null,163840,1.7456806278029358,0.018101163625812003,0.010369115253683954,0.014668064859120023,0.9999462438033973,0.0164794921875,17.267134058193896,127.0
block.3.attn.q_post,7,0.125,plain,163840,1.7507125973115263,0.017711449957446397,0.010116709038733658,0.01464465152014327,0.9999488251955223,0.01220703125,17.293749231053148,127.0
block.3.attn.q_pre,0,1.0,cfg_conditional,163840,2.2663067973971724,0.5606610599882207,0.24738974468599464,0.04870526000055122,0.9710651344959836,0.2313232421875,12.073292169045276,127.0
block.3.attn.q_pre,0,1.0,cfg_null,163840,2.268474938024068,0.5664432639106808,0.24970223581313858,0.04896663474750369,0.9705390208231345,0.238037109375,12.07896315206693,127.0
block.3.attn.q_pre,0,1.0,plain,163840,2.262854415339204,0.5689022116256522,0.2514091086767388,0.049087495402214645,0.9701406110707845,0.2392578125,12.012992318220965,127.0
block.3.attn.q_pre,1,0.875,cfg_conditional,163840,2.324197590256272,0.6269942157778253,0.26976803452786097,0.05206346025321125,0.9655294787206955,0.262451171875,12.16243713859498,127.0
block.3.attn.q_pre,1,0.875,cfg_null,163840,2.327127729375345,0.6332950594752901,0.2721359259662473,0.052430642356188176,0.9649298981296665,0.269775390625,12.179238627276083,127.0
block.3.attn.q_pre,1,0.875,plain,163840,2.324110928095896,0.6417613736172446,0.2761319891658651,0.052931655374139554,0.9639238196618064,0.2764892578125,12.115194966473917,127.0
block.3.attn.q_pre,2,0.75,cfg_conditional,163840,2.1703547683554008,0.5858847016035728,0.2699488167307921,0.04986969149331202,0.9658113587998306,0.21728515625,11.247923843503937,127.0
block.3.attn.q_pre,2,0.75,cfg_null,163840,2.1753756677894005,0.5880630631979779,0.27032713103551576,0.04994137156394558,0.965704256686846,0.220947265625,11.29822738527313,127.0
block.3.attn.q_pre,2,0.75,plain,163840,2.1664559680832083,0.5987065667692215,0.27635298182355056,0.050581219801239995,0.9642027332419255,0.228271484375,11.184029166154035,127.0
block.3.attn.q_pre,3,0.625,cfg_conditional,163840,1.9460572754926984,0.49218872978343425,0.25291584989903393,0.045672443583264055,0.9706401428807698,0.1953125,9.991306094672737,127.0
block.3.attn.q_pre,3,0.625,cfg_null,163840,1.9465853641006534,0.4920707946071174,0.2527866507588072,0.045699912379013344,0.9706605669338663,0.1953125,10.01510499969242,127.0
block.3.attn.q_pre,3,0.625,plain,163840,1.9332405039859826,0.5012478241366889,0.2592785652396632,0.046130475689571425,0.9692097101027973,0.1959228515625,9.880779596764272,127.0
block.3.attn.q_pre,4,0.5,cfg_conditional,163840,1.7389255051444594,0.396471300717539,0.22799786393644422,0.041436587137158656,0.9767782952449158,0.1953125,8.87039304718258,127.0
block.3.attn.q_pre,4,0.5,cfg_null,163840,1.7400805807426991,0.39620530261873677,0.22769365223858132,0.04153475379908258,0.976830679242079,0.1953125,8.890803780142717,127.0
block.3.attn.q_pre,4,0.5,plain,163840,1.7274508548646488,0.40925839732192393,0.23691463995598916,0.04198763971494941,0.9750115776173783,0.1953125,8.740695743110237,127.0
block.3.attn.q_pre,5,0.375,cfg_conditional,163840,1.5748130741743123,0.3170902312635698,0.20135102791791518,0.037876751602490086,0.9823703385342536,0.1953125,7.992039477731299,127.0
block.3.attn.q_pre,5,0.375,cfg_null,163840,1.574879926480357,0.3165208482356532,0.20098094014255063,0.0379044267152139,0.9824361314830719,0.1953125,8.004078301857776,127.0
block.3.attn.q_pre,5,0.375,plain,163840,1.5657898598732236,0.3344662827144779,0.21360866568746234,0.03864491534267813,0.9802390138513306,0.1953125,7.857901505597933,127.0
block.3.attn.q_pre,6,0.25,cfg_conditional,163840,1.4563763854340193,0.2568721218716111,0.17637756588250356,0.03525087506885214,0.9867662293233006,0.1953125,7.381452425258366,127.0
block.3.attn.q_pre,6,0.25,cfg_null,163840,1.457321135090661,0.2576427841615969,0.17679204532058665,0.035230941511186845,0.9867067700028956,0.1953125,7.3892956831323815,127.0
block.3.attn.q_pre,6,0.25,plain,163840,1.452459573019741,0.27872292688160244,0.19189720117450335,0.03614414835290347,0.9843992963276064,0.1953125,7.264077494463582,127.0
block.3.attn.q_pre,7,0.125,cfg_conditional,163840,1.3515698126892044,0.20874741489027934,0.1544481187212496,0.033004195778340774,0.9900662939784823,0.1953125,6.8267966443159445,127.0
block.3.attn.q_pre,7,0.125,cfg_null,163840,1.350091809085794,0.20774069163819073,0.15387152950647184,0.03292280879997378,0.9901374983000902,0.1953125,6.826556348425197,127.0
block.3.attn.q_pre,7,0.125,plain,163840,1.348638633035412,0.23023807754046832,0.17071888043297867,0.03392907389978177,0.9879242886224713,0.1953125,6.719778466412402,127.0
block.3.attn.softmax,0,1.0,cfg_conditional,327680,0.06983378340464716,0.0016235923204714199,0.023249382194626682,0.0010663523064656742,0.9997297861594657,0.0,1.538631409171998,125.0
block.3.attn.softmax,0,1.0,cfg_null,327680,0.06986630338916332,0.0016229072912302366,0.023228755673396044,0.001065040011935078,0.9997302993443334,0.0,1.5389029435285433,125.0
block.3.attn.softmax,0,1.0,plain,327680,0.07016400763232553,0.0016261891505900891,0.023176970721394217,0.0010693057989427583,0.9997315464899694,0.0,1.5388644961860236,125.0
block.3.attn.softmax,1,0.875,cfg_conditional,327680,0.07081485321077367,0.001569272907110632,0.022160222551614144,0.0010032121734730622,0.999754503047435,0.0,1.5383286363496556,125.0
block.3.attn.softmax,1,0.875,cfg_null,327680,0.07063181455165221,0.0015703742229837233,0.022233241959759186,0.0010037016239630137,0.9997528800330137,0.0,1.5387755867064468,124.0
block.3.attn.softmax,1,0.875,plain,327680,0.07099740325364616,0.001573835532408926,0.02216750839162698,0.0010081265060519692,0.999754397381698,0.0,1.5390975832000493,125.0
block.3.attn.softmax,2,0.75,cfg_conditional,327680,0.07346312481784216,0.0015257789836507266,0.0207693177690715,0.0009498533561875967,0.9997843467214654,0.0,1.5395277128444882,124.0
block.3.attn.softmax,2,0.75,cfg_null,327680,0.07280568662844188,0.0015343998747035217,0.02107527510226243,0.0009614024621490613,0.999777961606279,0.0,1.5390182855561023,124.0
block.3.attn.softmax,2,0.75,plain,327680,0.07361881604201154,0.0015288094262612265,0.020766558177039842,0.0009533566328667603,0.9997844258636979,0.0,1.5392273429810532,125.0
block.3.attn.softmax,3,0.625,cfg_conditional,327680,0.0766490695135656,0.0014768606287524394,0.0192678220117344,0.0008943164293926107,0.9998144515690319,0.0,1.5405729999692421,126.0
block.3.attn.softmax,3,0.625,cfg_null,327680,0.0761614712271138,0.0014882770199149175,0.019541074981034304,0.0009069879852602877,0.999809129082634,0.0,1.539782426488681,126.0
block.3.attn.softmax,3,0.625,plain,327680,0.0768131117581793,0.0014838517726037288,0.019317688590395163,0.0009003347925772181,0.9998134880061214,0.0,1.5406354769008366,126.0
block.3.attn.softmax,4,0.5,cfg_conditional,327680,0.07967252858804029,0.0014470077249308492,0.018161940515442117,0.0008595346453348956,0.999835111907135,0.0,1.5418393593134843,126.0
block.3.attn.softmax,4,0.5,cfg_null,327680,0.07933021621349536,0.001455735124868648,0.01835032342469532,0.000868920398855585,0.9998316575072675,0.0,1.541267455093504,127.0
block.3.attn.softmax,4,0.5,plain,327680,0.07966054226487335,0.0014514167293362404,0.01822002070372861,0.0008631383061845028,0.9998340420411931,0.0,1.540957473394439,127.0
block.3.attn.softmax,5,0.375,cfg_conditional,327680,0.08225186575069304,0.001422829663996683,0.01729844850339695,0.0008316916109669233,0.9998504149400511,0.0,1.541988342765748,127.0
block.3.attn.softmax,5,0.375,cfg_null,327680,0.08207737726019607,0.0014277807636596219,0.01739554565849941,0.0008374656739592319,0.9998487204677986,0.0,1.5418802096149113,127.0
block.3.attn.softmax,5,0.375,plain,327680,0.08219455858816792,0.0014264925462876988,0.017355072778419245,0.0008344206035567185,0.9998494251870034,0.0,1.5419354776697836,127.0
block.3.attn.softmax,6,0.25,cfg_conditional,327680,0.08401044364155835,0.0014067954817826094,0.01674548330901439,0.0008131451573024681,0.9998598227412948,0.0,1.5418850155327264,127.0
block.3.attn.softmax,6,0.25,cfg_null,327680,0.08393853083867277,0.0014088581712208281,0.016784403505091236,0.0008153466177589046,0.9998591675357187,0.0,1.541877806656004,127.0
block.3.attn.softmax,6,0.25,plain,327680,0.08386989290872233,0.001413616648126466,0.01685487603596847,0.0008199339896529845,0.9998579744258285,0.0,1.541812926765502,127.0
block.3.attn.softmax,7,0.125,cfg_conditional,327680,0.08517465326024867,0.0013940817691417665,0.016367331310198473,0.0007999155531152897,0.9998660871036416,0.0,1.541978730930118,127.0
block.3.attn.softmax,7,0.125,cfg_null,327680,0.08509697478803924,0.0013960027844172802,0.016404846210978284,0.0008021972395462998,0.9998654579572741,0.0,1.541618287093996,127.0
block.3.attn.softmax,7,0.125,plain,327680,0.08501191137358077,0.0013998166216423046,0.016466123382297304,0.0008066376153186342,0.9998644631480694,0.0,1.5424905611774113,127.0
block.3.attn.v,0,1.0,cfg_conditional,163840,0.9274791229911681,0.017136695267061346,0.018476637201055933,0.00876770714631303,0.9998299297419544,0.0640869140625,16.275283933624507,127.0
block.3.attn.v,0,1.0,cfg_null,163840,0.9237220722106436,0.016699577246436215,0.018078573359702158,0.008744574721119492,0.9998371265915279,0.05615234375,16.205228069635826,127.0
block.3.attn.v,0,1.0,plain,163840,0.920935200716482,0.01603762762908199,0.017414501711526295,0.008743971282543584,0.9998489190559202,0.05615234375,16.16152785894439,127.0
block.3.attn.v,1,0.875,cfg_conditional,163840,0.976304458811726,0.02163171395093063,0.022156729650972706,0.008864850080234632,0.9997556463699768,0.0665283203125,17.20216766117126,127.0
block.3.attn.v,1,0.875,cfg_null,163840,0.9709090340239517,0.02150417349426289,0.022148494597005054,0.008818955177008193,0.9997556835681122,0.059814453125,17.107481468380904,127.0
block.3.attn.v,1,0.875,plain,163840,0.9704599387559392,0.019919512548798146,0.020525847336195606,0.008833723703416752,0.9997902363409622,0.0665283203125,17.11998166061762,127.0
block.3.attn.v,2,0.75,cfg_conditional,163840,0.9642374173282492,0.017007886767673435,0.01763869194663657,0.008757413753028232,0.9998447903016268,0.0408935546875,17.19724640132874,127.0
block.3.attn.v,2,0.75,cfg_null,163840,0.9595638356004448,0.016249044364599757,0.0169337815388092,0.00871073810436176,0.9998569460728506,0.0384521484375,17.12413877952756,127.0
block.3.attn.v,2,0.75,plain,163840,0.9481180652097732,0.014305950792705096,0.015088786215184998,0.008657670593532885,0.9998863527896509,0.0360107421875,16.92859559547244,127.0
block.3.attn.v,3,0.625,cfg_conditional,163840,0.9188638406141811,0.012634922225711788,0.013750592489597188,0.008577434495320491,0.9999055198528247,0.0225830078125,16.506544698880415,127.0
block.3.attn.v,3,0.625,cfg_null,163840,0.9164557803163872,0.011913895667717684,0.012999967836532888,0.008588396433019696,0.9999155281598203,0.01953125,16.480833038570374,127.0
block.3.attn.v,3,0.625,plain,163840,0.8962752967571316,0.010532777345916105,0.011751721133032886,0.008533511228935708,0.9999309488381741,0.0140380859375,16.131135234682578,127.0
block.3.attn.v,4,0.5,cfg_conditional,163840,0.8640895403861655,0.01039772462686242,0.012033156450679441,0.00854662383397251,0.9999275993523191,0.008544921875,15.601806640625,127.0
block.3.attn.v,4,0.5,cfg_null,163840,0.8642832944552158,0.01020786162774548,0.011810782058653357,0.008512005132658018,0.9999302502902535,0.008544921875,15.614792230561024,127.0
block.3.attn.v,4,0.5,plain,163840,0.8423396264353055,0.00996238105785651,0.0118270359664976,0.00853341717686149,0.9999300614790637,0.00244140625,15.22768035648376,127.0
block.3.attn.v,5,0.375,cfg_conditional,163840,0.8176915869933189,0.00988326932263756,0.012086793455927185,0.008504658593294145,0.999926958997191,0.003662109375,14.813097856176181,127.0
block.3.attn.v,5,0.375,cfg_null,163840,0.8191343780938284,0.00983590474514308,0.01200768153331787,0.008508211248354058,0.9999279107737564,0.0018310546875,14.844591035617619,127.0
block.3.attn.v,5,0.375,plain,163840,0.7969423825232841,0.009883342884743481,0.01240157770684849,0.008536958782380921,0.9999231077823241,0.0006103515625,14.451207438791831,127.0
block.3.attn.v,6,0.25,cfg_conditional,163840,0.7832097415801735,0.00983228044795261,0.01255382808200953,0.00851771947402522,0.9999212063349069,0.0,14.20953705554872,125.0
block.3.attn.v,6,0.25,cfg_null,163840,0.784646441038782,0.009818387166255231,0.01251313541071672,0.008501699366168713,0.9999217218029091,0.0,14.24182801734744,125.0
block.3.attn.v,6,0.25,plain,163840,0.7637379516839327,0.009834563256533998,0.012876881703796698,0.008519603903928186,0.9999170987308579,0.0,13.875400813545768,125.0
block.3.attn.v,7,0.125,cfg_conditional,163840,0.7446173982045466,0.009839254632523983,0.013213839290149297,0.008525112112267674,0.9999127114279943,0.0,13.528711514210137,123.0
block.3.attn.v,7,0.125,cfg_null,163840,0.7452396686688804,0.009817381097638784,0.013173454809744935,0.008498148379003112,0.9999132502287028,0.0,13.545719657357283,119.0
block.3.attn.v,7,0.125,plain,163840,0.7262339424023576,0.009831105010363978,0.013537104831320623,0.008513474856017922,0.9999083802989005,0.0,13.213587483083169,111.0
block.3.mlp.activation_input,0,1.0,cfg_conditional,655360,0.9675015629854709,0.012494665085883433,0.012914361654701603,0.010030344904044064,0.9999166152891732,0.019073486328125,14.264149102639026,127.0
block.3.mlp.activation_input,0,1.0,cfg_null,655360,0.9541095468981962,0.011979525495576264,0.012555712847148025,0.01001834749020487,0.9999211739334325,0.014495849609375,14.07463974840059,127.0
block.3.mlp.activation_input,0,1.0,plain,655360,0.9581516581427576,0.012036936878539036,0.012562663515993854,0.010029719937920057,0.9999210880518037,0.01434326171875,14.12380188468873,127.0
block.3.mlp.activation_input,1,0.875,cfg_conditional,655360,1.0229834593281808,0.014357135949933323,0.014034572914172061,0.010098816018742874,0.9999015978084845,0.027923583984375,15.171300933117003,127.0
block.3.mlp.activation_input,1,0.875,cfg_null,655360,1.0088097954373945,0.013574695632765218,0.013456149706476208,0.010063940712862696,0.9999095065655303,0.02655029296875,14.957562544214444,127.0
block.3.mlp.activation_input,1,0.875,plain,655360,1.0073725871174848,0.013446839779505297,0.01334842733608857,0.01006059551880174,0.9999109382024262,0.0213623046875,14.938976858544537,127.0
block.3.mlp.activation_input,2,0.75,cfg_conditional,655360,1.041371020533373,0.015412143289189816,0.014799858057597925,0.01011049776246411,0.9998905950772574,0.02655029296875,15.428011436162032,127.0
block.3.mlp.activation_input,2,0.75,cfg_null,655360,1.027843582099295,0.01449387808326629,0.014101248804476269,0.010086300328207365,0.999900642206631,0.0238037109375,15.231459009365773,127.0
block.3.mlp.activation_input,2,0.75,plain,655360,1.0160266304629244,0.014116653451780306,0.013893979772310144,0.010084178517057295,0.9999035169460774,0.018768310546875,15.031355009304256,127.0
block.3.mlp.activation_input,3,0.625,cfg_conditional,655360,1.029047925469748,0.014263889788427866,0.01386124925320322,0.010076825204383067,0.999903979044499,0.021209716796875,15.294740932194268,127.0
block.3.mlp.activation_input,3,0.625,cfg_null,655360,1.018037971186425,0.013559571603780364,0.013319318127179474,0.010056921466653889,0.9999113155337954,0.01861572265625,15.139331967811884,127.0
block.3.mlp.activation_input,3,0.625,plain,655360,0.9980237524932796,0.012934308154801774,0.012959920164714587,0.01001896057476861,0.9999160246556847,0.01251220703125,14.811031311515748,127.0
block.3.mlp.activation_input,4,0.5,cfg_conditional,655360,0.9974634991975485,0.01284711515394343,0.012879784738267447,0.010020423274627443,0.9999170561575311,0.011749267578125,14.889502337598426,127.0
block.3.mlp.activation_input,4,0.5,cfg_null,655360,0.9915528254047098,0.012529135941337123,0.012635873369856276,0.010015651567400408,0.9999201659492748,0.0103759765625,14.806922251783957,127.0
block.3.mlp.activation_input,4,0.5,plain,655360,0.967998955629896,0.011902265811575214,0.012295742410001026,0.010001383268012365,0.9999244053839799,0.006866455078125,14.429681732898622,127.0
block.3.mlp.activation_input,5,0.375,cfg_conditional,655360,0.9639447844229402,0.012252095134444124,0.01271037027476503,0.010017636621836879,0.9999192203409003,0.006561279296875,14.479349692036786,127.0
block.3.mlp.activation_input,5,0.375,cfg_null,655360,0.9611589372526003,0.012118137967938437,0.012607839867334754,0.010006637126440765,0.999920518884119,0.0054931640625,14.441916398176058,127.0
block.3.mlp.activation_input,5,0.375,plain,655360,0.9366023410982892,0.011640491832988362,0.012428424873824633,0.010006037167185422,0.9999227721918521,0.003662109375,14.049522820420153,127.0
block.3.mlp.activation_input,6,0.25,cfg_conditional,655360,0.9374258051347596,0.012209087031844394,0.013024056906657564,0.010004758125259094,0.9999151838685033,0.006103515625,14.171560692974902,127.0
block.3.mlp.activation_input,6,0.25,cfg_null,655360,0.9355802995011715,0.012151278641239622,0.012987959074938181,0.010005503746975553,0.999915654536335,0.005035400390625,14.146715299351008,127.0
block.3.mlp.activation_input,6,0.25,plain,655360,0.9123476461834349,0.01173467874823252,0.012862069406680058,0.009993534931628467,0.9999172838767979,0.003662109375,13.771437997893086,127.0
block.3.mlp.activation_input,7,0.125,cfg_conditional,655360,0.9037201938442022,0.012184544334360623,0.013482651397365134,0.010012815688977028,0.999909105114119,0.006866455078125,13.75392883781373,127.0
block.3.mlp.activation_input,7,0.125,cfg_null,655360,0.9028007523125221,0.012103524265597557,0.013406639543215275,0.009992763766556579,0.9999101283539736,0.006866455078125,13.742085854838214,127.0
block.3.mlp.activation_input,7,0.125,plain,655360,0.8806144160486827,0.011934950725344767,0.013552981313770555,0.009992641523693191,0.9999081554944879,0.004425048828125,13.385897658941314,127.0
block.3.mlp.activation_output,0,1.0,cfg_conditional,655360,0.5901224043616847,0.04335110520303528,0.07346120886551781,0.007445873417121973,0.9973521566475,0.01495361328125,2.0661157322680856,127.0
block.3.mlp.activation_output,0,1.0,cfg_null,655360,0.5749186749291542,0.038676418839168974,0.06727285184106252,0.007362468154558854,0.9977696249592124,0.013427734375,2.0215889037124755,127.0
block.3.mlp.activation_output,0,1.0,plain,655360,0.5813687519619349,0.04235100001697717,0.07284705253602983,0.0074048814633066225,0.9973915467924098,0.0152587890625,2.026922271007628,127.0
block.3.mlp.activation_output,1,0.875,cfg_conditional,655360,0.6207685557200259,0.027961590447750196,0.04504350323498217,0.0071643776062462194,0.9989937066896116,0.011138916015625,2.2482840470441685,127.0
block.3.mlp.activation_output,1,0.875,cfg_null,655360,0.6036207399691244,0.023147382505653395,0.03834755993778047,0.007135686305576883,0.9992683302111122,0.00885009765625,2.1958070289431593,127.0
block.3.mlp.activation_output,1,0.875,plain,655360,0.6077261159582055,0.023825868828899963,0.03920494479874963,0.007144722632000366,0.9992352234192188,0.00885009765625,2.1988912267009106,127.0
block.3.mlp.activation_output,2,0.75,cfg_conditional,655360,0.6369154706886018,0.021452773897203237,0.03368229362368848,0.007326336038969927,0.9994335049616911,0.006866455078125,2.394701139194759,127.0
block.3.mlp.activation_output,2,0.75,cfg_null,655360,0.6196219770517357,0.020232605086789087,0.032653143103572896,0.007296585879417705,0.9994670179489354,0.00457763671875,2.342487245094119,127.0
block.3.mlp.activation_output,2,0.75,plain,655360,0.5959723586189662,0.015285834956417058,0.02564856362103536,0.007287776769886634,0.9996710796797553,0.00274658203125,2.271259938638041,127.0
block.3.mlp.activation_output,3,0.625,cfg_conditional,655360,0.6489144901191028,0.0192785163342913,0.0297088701636989,0.007562858098319936,0.9995588313924372,0.00732421875,2.515669695035679,127.0
block.3.mlp.activation_output,3,0.625,cfg_null,655360,0.6367989180268961,0.018215594551486317,0.02860493954343835,0.007554339810968003,0.9995908551524901,0.00518798828125,2.478768656572958,127.0
block.3.mlp.activation_output,3,0.625,plain,655360,0.5943585558811842,0.014690873023291608,0.0247171894438555,0.007549656832946639,0.9996949204983707,0.00152587890625,2.3533378060408463,127.0
block.3.mlp.activation_output,4,0.5,cfg_conditional,655360,0.6423783958695622,0.017310233805641576,0.026947098341016586,0.007870661037952332,0.9996368657232887,0.005035400390625,2.5874268539308565,127.0
block.3.mlp.activation_output,4,0.5,cfg_null,655360,0.6365406983755866,0.016572725218974647,0.02603560975954443,0.007881440107299298,0.9996610613126671,0.00396728515625,2.5707815575787403,127.0
block.3.mlp.activation_output,4,0.5,plain,655360,0.5901244178361454,0.014685860980817787,0.024886041887010137,0.007925591412165289,0.9996909128467165,0.00091552734375,2.4216070700818157,127.0
block.3.mlp.activation_output,5,0.375,cfg_conditional,655360,0.6404314043235352,0.016529784538115877,0.025810390350197922,0.008289914264819486,0.9996670303364317,0.00213623046875,2.683276078832431,127.0
block.3.mlp.activation_output,5,0.375,cfg_null,655360,0.6381350399648325,0.016139009901209953,0.025290900656543436,0.008273515552183142,0.9996803089649844,0.002593994140625,2.6790444681963583,127.0
block.3.mlp.activation_output,5,0.375,plain,655360,0.5924895170718294,0.014850644253894768,0.025064821952106162,0.00832688949241991,0.999686735562608,0.000457763671875,2.5232017697311764,127.0
block.3.mlp.activation_output,6,0.25,cfg_conditional,655360,0.6559460829518159,0.0160848500578247,0.02452160394866822,0.008631968005102308,0.9996996168790847,0.00244140625,2.8529333880567176,127.0
block.3.mlp.activation_output,6,0.25,cfg_null,655360,0.6543453693556793,0.015798294630623363,0.024143663836392125,0.008637926850148147,0.9997089171995333,0.001983642578125,2.8504210945189468,127.0
block.3.mlp.activation_output,6,0.25,plain,655360,0.6121755675962215,0.015060469464323219,0.024601552661534503,0.008727689357196056,0.9996984199583399,0.000457763671875,2.6947562150129185,127.0
block.3.mlp.activation_output,7,0.125,cfg_conditional,655360,0.6893942854987171,0.015515540450178828,0.022506047376001495,0.009074209509006437,0.9997471582076409,0.001373291015625,3.0778563491941435,127.0
block.3.mlp.activation_output,7,0.125,cfg_null,655360,0.6886029332340425,0.015435359730021036,0.02241547194335703,0.00908741881452535,0.9997493402975852,0.001373291015625,3.0786012664554625,127.0
block.3.mlp.activation_output,7,0.125,plain,655360,0.650543543430377,0.015442903296282926,0.02373846217095792,0.009179681330281398,0.9997190913367424,0.000152587890625,2.923028900867372,127.0
block.3.mlp.input,0,1.0,cfg_conditional,163840,0.6377655921037034,0.01001842360525992,0.015708629830928356,0.007790192176314293,0.9998766469202036,0.0225830078125,11.622328870878444,127.0
block.3.mlp.input,0,1.0,cfg_null,163840,0.6314001242140136,0.009035070666574427,0.014309580122147683,0.007759621453294585,0.9998976163915528,0.0103759765625,11.47772841566191,127.0
block.3.mlp.input,0,1.0,plain,163840,0.63359247376838,0.01035066816055526,0.01633647587224831,0.007809224450109298,0.9998666642093632,0.0250244140625,11.556252306840552,127.0
block.3.mlp.input,1,0.875,cfg_conditional,163840,0.6760203858246138,0.011317894694005765,0.016741942893038837,0.007812357852541574,0.999860007968348,0.025634765625,12.430073895792322,127.0
block.3.mlp.input,1,0.875,cfg_null,163840,0.6694664369324965,0.009873490204205616,0.014748297538926777,0.0077915460955154,0.9998912624594217,0.01953125,12.280422420952263,127.0
block.3.mlp.input,1,0.875,plain,163840,0.6703857339920642,0.010904009774232871,0.01626527717005677,0.007820972679141747,0.999867839041738,0.0238037109375,12.357249823142224,127.0
block.3.mlp.input,2,0.75,cfg_conditional,163840,0.6836294366987946,0.011580269656603227,0.016939395869966706,0.00782020754132091,0.9998566511432818,0.023193359375,12.646349809301181,127.0
block.3.mlp.input,2,0.75,cfg_null,163840,0.6779247320893395,0.010978617309191504,0.016194448719042603,0.007794390709021571,0.9998689223271933,0.0177001953125,12.531920906126969,127.0
block.3.mlp.input,2,0.75,plain,163840,0.6702637959026797,0.010119451791193555,0.015097715038547106,0.00778297109861299,0.9998860439577135,0.0164794921875,12.432991087906004,127.0
block.3.mlp.input,3,0.625,cfg_conditional,163840,0.6773031051075673,0.0109530030327804,0.016171493900121535,0.007782431329061978,0.9998692836416013,0.0152587890625,12.596176027312993,127.0
block.3.mlp.input,3,0.625,cfg_null,163840,0.6732002833761999,0.010691993249811346,0.015882336228662003,0.0077716826551380794,0.9998738814620846,0.013427734375,12.520444374384843,127.0
block.3.mlp.input,3,0.625,plain,163840,0.6605739394506227,0.009708449926022366,0.01469699203407352,0.007750313546693377,0.9998919956300172,0.0067138671875,12.310959222748524,127.0
block.3.mlp.input,4,0.5,cfg_conditional,163840,0.657651471113461,0.010184130128645219,0.015485603812917203,0.007786406326346196,0.9998800922015256,0.0054931640625,12.33396515132874,127.0
block.3.mlp.input,4,0.5,cfg_null,163840,0.6555608321764602,0.010278124181791621,0.01567836831811363,0.007785007674129219,0.9998770871649945,0.0067138671875,12.295402466781496,127.0
block.3.mlp.input,4,0.5,plain,163840,0.6423673617072819,0.00940175893724901,0.014636109331988858,0.007742473637329894,0.9998928864313943,0.0042724609375,12.06353134996309,127.0
block.3.mlp.input,5,0.375,cfg_conditional,163840,0.6366218592133003,0.009538362877594832,0.014982776258078504,0.007756976944300398,0.9998877519187179,0.0042724609375,12.062084768700787,127.0
block.3.mlp.input,5,0.375,cfg_null,163840,0.6359929520085413,0.009549353664822988,0.015014873411198967,0.007756515157592858,0.9998872710221737,0.0048828125,12.050569789616143,127.0
block.3.mlp.input,5,0.375,plain,163840,0.6230979769976639,0.009193281488695883,0.014754150756503501,0.00774543125593965,0.9998911709348987,0.0030517578125,11.81090347410187,127.0
block.3.mlp.input,6,0.25,cfg_conditional,163840,0.6202741078201469,0.00909698518145433,0.014666072735849339,0.007747600764932372,0.9998924531795657,0.0030517578125,11.902710922121063,127.0
block.3.mlp.input,6,0.25,cfg_null,163840,0.6199049143249606,0.009113319414198155,0.014701156909075344,0.0077522747354613845,0.9998919347530132,0.0030517578125,11.89581923597441,127.0
block.3.mlp.input,6,0.25,plain,163840,0.6080827971981905,0.008994394473919549,0.014791397677030542,0.007732768661364631,0.9998906260170427,0.001220703125,11.655302273006889,127.0
block.3.mlp.input,7,0.125,cfg_conditional,163840,0.6011608923686909,0.00894688694432087,0.0148826829188246,0.007751837136424911,0.9998892674973173,0.0,11.7322738527313,123.0
block.3.mlp.input,7,0.125,cfg_null,163840,0.6006339883921452,0.008927478566126903,0.014863425544773337,0.007731997762491005,0.9998895805867009,0.0,11.725223571296752,125.0
block.3.mlp.input,7,0.125,plain,163840,0.5897075428233076,0.008926406700314641,0.015137006146433563,0.007727092197405838,0.9998854484472306,0.0,11.483630082738681,126.0
block.4.attn.input,0,1.0,cfg_conditional,163840,1.5776394644504146,0.37642310812108504,0.23859894266286977,0.04757671803301058,0.9778939321322776,0.826416015625,11.809125284510335,127.0
block.4.attn.input,0,1.0,cfg_null,163840,1.5749920152045556,0.3749415500038666,0.2380593338786992,0.0475548576694127,0.9780560245211403,0.826416015625,11.786436546505906,127.0
block.4.attn.input,0,1.0,plain,163840,1.5741231107712297,0.37743225171415123,0.23977301974127752,0.04760755688815834,0.9777008908212077,0.8135986328125,11.787469818836122,127.0
block.4.attn.input,1,0.875,cfg_conditional,163840,1.5888940462192815,0.30520238995643334,0.1920847967695844,0.04103216126872624,0.9852504515504124,0.806884765625,12.755521038385826,127.0
block.4.attn.input,1,0.875,cfg_null,163840,1.5848110853933592,0.30245004262150554,0.19084296255186511,0.04086711477623837,0.9854605187407349,0.8074951171875,12.729684424212598,127.0
block.4.attn.input,1,0.875,plain,163840,1.5846016179459228,0.30644498664416275,0.1933892930397227,0.04113813494099503,0.9850698773715789,0.8013916015625,12.742372047244094,127.0
block.4.attn.input,2,0.75,cfg_conditional,163840,1.3736836366855067,0.05372297362932177,0.03910869445817035,0.0183972448278098,0.9993492669022241,0.6439208984375,12.25702240711122,127.0
block.4.attn.input,2,0.75,cfg_null,163840,1.3680059671253069,0.04942059569443947,0.036126008864048056,0.01805878549239779,0.9994413834646577,0.63720703125,12.236140694205217,127.0
block.4.attn.input,2,0.75,plain,163840,1.359147654486991,0.05513704265464918,0.040567367697412246,0.018593968218290867,0.9993050175462651,0.6610107421875,12.127671129121556,127.0
block.4.attn.input,3,0.625,cfg_conditional,163840,1.184512313613885,0.017049281213130648,0.014393502724437016,0.014765896073813423,0.9998964326141137,0.0,11.023376945435531,126.0
block.4.attn.input,3,0.625,cfg_null,163840,1.1808551035074337,0.017054420184876566,0.014442432550971487,0.014764866312296477,0.9998957127210896,0.0006103515625,11.009790615772637,127.0
block.4.attn.input,3,0.625,plain,163840,1.1661202433145865,0.01703461217469405,0.01460793796553499,0.014745695811431148,0.9998933296926369,0.0006103515625,10.86074949249508,127.0
block.4.attn.input,4,0.5,cfg_conditional,163840,1.0372686756097027,0.01705797810983739,0.01644509133548333,0.014777724932315906,0.9998648007521195,0.0,9.851098248339074,115.0
block.4.attn.input,4,0.5,cfg_null,163840,1.0360186492056145,0.017085300905411695,0.016491306327846657,0.014797952822645755,0.9998640420195255,0.0,9.85349640132874,118.0
block.4.attn.input,4,0.5,plain,163840,1.0222166175010161,0.01709059392386109,0.01671915094243134,0.014807810567543812,0.9998602523074875,0.0,9.719233475332185,112.0
block.4.attn.input,5,0.375,cfg_conditional,163840,0.9286353915430068,0.0170665925898111,0.01837814145921523,0.014780477855222785,0.9998311567946605,0.0,8.924574964628444,103.0
block.4.attn.input,5,0.375,cfg_null,163840,0.9281254207278186,0.017070242714638115,0.018392172365295147,0.014786238461243783,0.9998309143590643,0.0,8.933864803764763,104.0
block.4.attn.input,5,0.375,plain,163840,0.9167833584338729,0.017050129827266034,0.018597774131058085,0.01474933037141284,0.9998270879289729,0.0,8.816191906065452,100.0
block.4.attn.input,6,0.25,cfg_conditional,163840,0.845734423953357,0.017063239875162957,0.020175647806082456,0.014787651222815867,0.999796524406338,0.0,8.19146103746309,92.0
block.4.attn.input,6,0.25,cfg_null,163840,0.8450742094999617,0.017059465260094716,0.02018694342854098,0.014777715635611343,0.9997963389751428,0.0,8.19757416492372,94.0
block.4.attn.input,6,0.25,plain,163840,0.8365122607310068,0.017034449212136555,0.020363657547888877,0.014742933314699868,0.9997927656571136,0.0,8.098504975086122,92.0
block.4.attn.input,7,0.125,cfg_conditional,163840,0.7538589412498223,0.017066061688233332,0.022638269249601946,0.014790913385857963,0.999743844874488,0.0,7.359796959584154,75.0
block.4.attn.input,7,0.125,cfg_null,163840,0.7525457640155194,0.017068646201506544,0.022681206934751338,0.014771815240314368,0.9997428628951687,0.0,7.356009896345965,76.0
block.4.attn.input,7,0.125,plain,163840,0.7452652376916896,0.017034283546998815,0.02285667261196713,0.014745467535670187,0.999738906454236,0.0,7.270200233759843,83.0
block.4.attn.k_post,0,1.0,cfg_conditional,163840,1.562513684959182,0.013586914319636184,0.008695549005697904,0.01154815368436175,0.9999621930725359,0.0225830078125,20.98206527589813,127.0
block.4.attn.k_post,0,1.0,cfg_null,163840,1.5634376050642977,0.01358888611863953,0.008691671528574162,0.011543360650057366,0.9999622267310522,0.0250244140625,20.97728819359006,127.0
block.4.attn.k_post,0,1.0,plain,163840,1.5627497163832063,0.013460110422249047,0.008613094138580829,0.011514516459203605,0.999962907240065,0.0238037109375,20.97059355007382,127.0
block.4.attn.k_post,1,0.875,cfg_conditional,163840,1.5599963198145708,0.013625578466643907,0.008734365776108699,0.011519711884284333,0.99996185472912,0.0115966796875,21.01733110082431,127.0
block.4.attn.k_post,1,0.875,cfg_null,163840,1.560828435039855,0.013540274090357908,0.008675056006403526,0.011512620693190456,0.9999623726618616,0.01220703125,21.012054203063485,127.0
block.4.attn.k_post,1,0.875,plain,163840,1.5599617416616525,0.01343853495570502,0.00861465675522943,0.011511009166144958,0.9999628941044413,0.01220703125,21.005186546505904,127.0
block.4.attn.k_post,2,0.75,cfg_conditional,163840,1.5609298922779116,0.014324673908631584,0.009177012996866348,0.011536228555860362,0.9999579008121536,0.0323486328125,20.99902055394931,127.0
block.4.attn.k_post,2,0.75,cfg_null,163840,1.5619244430822423,0.01456958160094614,0.009327968241661601,0.011533396509639715,0.9999565008678654,0.0408935546875,20.990888941006396,127.0
block.4.attn.k_post,2,0.75,plain,163840,1.5616626347802942,0.013890336875028095,0.008894582328905044,0.011498070492427815,0.9999604432217801,0.029296875,20.99742018331693,127.0
block.4.attn.k_post,3,0.625,cfg_conditional,163840,1.5609173330363637,0.015013794029292203,0.009618570895158633,0.01142461813412865,0.9999537660455524,0.0433349609375,21.02969192144439,127.0
block.4.attn.k_post,3,0.625,cfg_null,163840,1.561691702347208,0.015211908384290335,0.009740660311780475,0.011400532960271903,0.9999525786002054,0.0457763671875,21.015697088767226,127.0
block.4.attn.k_post,3,0.625,plain,163840,1.5626625444508258,0.014312968064000422,0.009159346728330587,0.011386759940262437,0.9999580691447613,0.057373046875,21.009881928211122,127.0
block.4.attn.k_post,4,0.5,cfg_conditional,163840,1.5615043623907299,0.015359001095314694,0.00983602829760873,0.011399327199660548,0.999951655971598,0.0439453125,21.047233521468996,127.0
block.4.attn.k_post,4,0.5,cfg_null,163840,1.562130912891067,0.01543574469191493,0.009881210700419267,0.011414610179406282,0.9999512183891873,0.047607421875,21.03630967027559,127.0
block.4.attn.k_post,4,0.5,plain,163840,1.5637723436735906,0.014604336421298377,0.009339170423611718,0.0114426037959106,0.9999564138793186,0.0579833984375,21.016052726685533,127.0
block.4.attn.k_post,5,0.375,cfg_conditional,163840,1.563099702695065,0.01602021747314653,0.010249005514827231,0.011540702217246235,0.9999475226825265,0.0469970703125,21.049626868540848,127.0
block.4.attn.k_post,5,0.375,cfg_null,163840,1.5634511364402823,0.016136231015629738,0.010320905233002194,0.011556173555413806,0.9999467778354975,0.0531005859375,21.042129636749507,127.0
block.4.attn.k_post,5,0.375,plain,163840,1.5654417456915928,0.014891793522350467,0.009512837870419419,0.011528751131697846,0.9999547897164766,0.0604248046875,21.008536271222933,127.0
block.4.attn.k_post,6,0.25,cfg_conditional,163840,1.5651145272451628,0.017028904603994345,0.010880292980199846,0.011606635983480374,0.999940873035297,0.0518798828125,21.033993217888778,127.0
block.4.attn.k_post,6,0.25,cfg_null,163840,1.5654275648597071,0.01722727778828452,0.011004838661971831,0.011601318946259199,0.999939525152757,0.054931640625,21.02606825941191,127.0
block.4.attn.k_post,6,0.25,plain,163840,1.5673212076969993,0.01554674646102149,0.009919310977655735,0.01159778896815169,0.9999508535563167,0.06591796875,20.99335918276329,127.0
block.4.attn.k_post,7,0.125,cfg_conditional,163840,1.5683538174237468,0.018538044216246434,0.011820065096470333,0.011553820518452084,0.9999302770225217,0.062255859375,20.991393562376967,127.0
block.4.attn.k_post,7,0.125,cfg_null,163840,1.5686796967522136,0.018480232869413946,0.01178075607638406,0.011584588879327385,0.9999307310056912,0.0677490234375,20.987803541769193,127.0
block.4.attn.k_post,7,0.125,plain,163840,1.5704780719002622,0.01670149922085866,0.010634659292408978,0.011516071052665212,0.9999435874096207,0.0921630859375,20.951105553334152,127.0
block.4.attn.k_pre,0,1.0,cfg_conditional,163840,3.0151397806890143,0.0964619538477073,0.03199253131331244,0.021142933607929137,0.9994994176168377,0.6646728515625,29.808671605868604,127.0
block.4.attn.k_pre,0,1.0,cfg_null,163840,3.029776461051275,0.09871495365574377,0.032581596340441416,0.021483587146283865,0.9994819088758006,0.7080078125,29.93935412309301,127.0
block.4.attn.k_pre,0,1.0,plain,163840,3.0023971104283724,0.0961336623840208,0.032018969792541783,0.02111259945660038,0.9994986119974453,0.654296875,29.65614138625738,127.0
block.4.attn.k_pre,1,0.875,cfg_conditional,163840,3.041256831521292,0.11185552056436512,0.03677937338439548,0.022443965659293498,0.9993406937620383,0.77880859375,30.133013387364667,127.0
block.4.attn.k_pre,1,0.875,cfg_null,163840,3.058132991600153,0.1150695988474537,0.03762740180479989,0.022964180199878115,0.9993116619248469,0.84716796875,30.27652770515502,127.0
block.4.attn.k_pre,1,0.875,plain,163840,3.0204258506841084,0.11061776690673307,0.03662323538969805,0.022291467434222056,0.9993462081245456,0.738525390625,29.891467957984744,127.0
block.4.attn.k_pre,2,0.75,cfg_conditional,163840,2.744640857587301,0.058462791655407166,0.02130070733800828,0.017879960211342905,0.9997755134407873,0.3009033203125,27.25715697281004,127.0
block.4.attn.k_pre,2,0.75,cfg_null,163840,2.7579341947186324,0.0595736662731324,0.021600829485784803,0.018014138998066188,0.9997694719568809,0.3363037109375,27.370326725516733,127.0
block.4.attn.k_pre,2,0.75,plain,163840,2.7123156219686257,0.05666343462691451,0.02089116552954395,0.017699524282600264,0.999784112716441,0.2752685546875,26.907175619771163,127.0
block.4.attn.k_pre,3,0.625,cfg_conditional,163840,2.278872699966553,0.02358242086150958,0.010348283544691065,0.01595968690108478,0.9999464760600763,0.02685546875,22.686940591166337,127.0
block.4.attn.k_pre,3,0.625,cfg_null,163840,2.2844033669055097,0.023954777706419263,0.010486229382015313,0.01594292043440788,0.9999450393065826,0.02685546875,22.72593580831693,127.0
block.4.attn.k_pre,3,0.625,plain,163840,2.2475533041395503,0.021791008669475014,0.00969543575644692,0.01590321491813782,0.9999530129852818,0.0286865234375,22.333984375,127.0
block.4.attn.k_pre,4,0.5,cfg_conditional,163840,1.9045274884449428,0.018397970218842867,0.009660123222408784,0.015747550388849164,0.9999533431218086,0.0030517578125,18.95067109836368,127.0
block.4.attn.k_pre,4,0.5,cfg_null,163840,1.9100936074525185,0.01848429154838572,0.009677165284605145,0.01578196678201351,0.9999531771955708,0.0042724609375,18.999725101500985,127.0
block.4.attn.k_pre,4,0.5,plain,163840,1.8768146022018661,0.018217504576396273,0.009706608503058118,0.015785616562700965,0.9999528908859059,0.001220703125,18.628703440268207,127.0
block.4.attn.k_pre,5,0.375,cfg_conditional,163840,1.639336211458847,0.018229865919429687,0.011120272822624292,0.01579298124813988,0.9999381775391448,0.0,16.286183755228837,119.0
block.4.attn.k_pre,5,0.375,cfg_null,163840,1.64232229708901,0.018213680069237282,0.01109019837429032,0.01578555272239015,0.9999385056234708,0.0,16.31369763471949,119.0
block.4.attn.k_pre,5,0.375,plain,163840,1.6147212564041382,0.018248840517400163,0.01130154226001765,0.01581342137053916,0.9999361418018764,0.0,15.998506320743111,112.0
block.4.attn.k_pre,6,0.25,cfg_conditional,163840,1.4492766957905454,0.0181826345305625,0.012546006282564498,0.015743480675046228,0.9999213115218131,0.0,14.366022545521654,104.0
block.4.attn.k_pre,6,0.25,cfg_null,163840,1.4503121455890475,0.018241404242265436,0.012577571178552497,0.015802174837186912,0.999920911042657,0.0,14.37438003660187,106.0
block.4.attn.k_pre,6,0.25,plain,163840,1.4300502851821764,0.01821094414668418,0.012734478175614823,0.015766272919881884,0.999918923449056,0.0,14.139961783341535,100.0
block.4.attn.k_pre,7,0.125,cfg_conditional,163840,1.2675849094344114,0.01820145207935769,0.01435915806814004,0.01574732960987859,0.9998969133165548,0.0,12.517061008243111,94.0
block.4.attn.k_pre,7,0.125,cfg_null,163840,1.2672658759750237,0.018192311900480235,0.014355560459231354,0.015751284086900342,0.9998969805777002,0.0,12.514749361774115,98.0
block.4.attn.k_pre,7,0.125,plain,163840,1.2510714752328413,0.01824189263360852,0.014581015549262248,0.01580421885123755,0.9998937063551311,0.0,12.331129659817913,89.0
block.4.attn.output,0,1.0,cfg_conditional,163840,0.5880047678593857,0.007542770322453586,0.012827736669402907,0.006529896845589472,0.9999177398080598,0.0,13.803480253444881,107.0
block.4.attn.output,0,1.0,cfg_null,163840,0.5786382480091966,0.007534672447772322,0.0130213868054788,0.006520532459176484,0.9999152383598131,0.0,13.60042541984498,109.0
block.4.attn.output,0,1.0,plain,163840,0.5802934520118789,0.007543136521369166,0.012998831014234423,0.006533057158386213,0.9999155250724002,0.0,13.653799943097933,111.0
block.4.attn.output,1,0.875,cfg_conditional,163840,0.6494437498479235,0.007534712965724446,0.011601794562637343,0.006517906791475872,0.9999327002416502,0.0,15.313393900713583,120.0
block.4.attn.output,1,0.875,cfg_null,163840,0.6409399753872764,0.007536076480341659,0.011757850609627089,0.0065259325321688575,0.9999308824368045,0.0,15.148060716043307,111.0
block.4.attn.output,1,0.875,plain,163840,0.6408431685437653,0.007539088721422868,0.011764327204352493,0.006522547094537615,0.9999308049889457,0.0,15.126876230314961,114.0
block.4.attn.output,2,0.75,cfg_conditional,163840,0.6686175938147974,0.007569028262521713,0.011320414437999794,0.006563216736434277,0.9999359256204868,0.0,15.68740964874508,124.0
block.4.attn.output,2,0.75,cfg_null,163840,0.6671906799160545,0.007555417743806531,0.011324225549369408,0.006547272389491305,0.9999358881279314,0.0,15.661842165969489,123.0
block.4.attn.output,2,0.75,plain,163840,0.6521595334242576,0.007555060199005337,0.011584681066205388,0.00654036675663925,0.9999328989939457,0.0,15.318223848117619,126.0
block.4.attn.output,3,0.625,cfg_conditional,163840,0.679294131237946,0.007574766427782927,0.011150937538616252,0.0065433650092135,0.9999378279552582,0.0018310546875,15.916113665723426,127.0
block.4.attn.output,3,0.625,cfg_null,163840,0.680950229644602,0.007605824485293397,0.011169427887942692,0.006539866539617257,0.9999376204726135,0.0030517578125,15.954676350270669,127.0
block.4.attn.output,3,0.625,plain,163840,0.6589577160178376,0.0075740397969544316,0.011493969359256137,0.006523593559202861,0.9999339517533484,0.00244140625,15.462439829908957,127.0
block.4.attn.output,4,0.5,cfg_conditional,163840,0.6768987926272579,0.007679572912585891,0.011345230625658297,0.006550767994236993,0.9999356442155929,0.00244140625,15.844913993294783,127.0
block.4.attn.output,4,0.5,cfg_null,163840,0.680279796090065,0.007785404921166123,0.011444415909325906,0.006562963593325246,0.9999345124114231,0.0042724609375,15.930920698511319,127.0
block.4.attn.output,4,0.5,plain,163840,0.6635794041680414,0.007793062305678457,0.011743978575478787,0.006555524736422012,0.9999310371565894,0.0103759765625,15.558572603961615,127.0
block.4.attn.output,5,0.375,cfg_conditional,163840,0.6700033409267873,0.007850054061292543,0.011716440175408521,0.00654892495000996,0.9999313656597316,0.0042724609375,15.65379225362943,127.0
block.4.attn.output,5,0.375,cfg_null,163840,0.6730054725545562,0.007911507090177327,0.01175548700985636,0.006564981499038304,0.9999309053452882,0.0054931640625,15.727923535925196,127.0
block.4.attn.output,5,0.375,plain,163840,0.6614115807791867,0.007998690486694089,0.012093363223654325,0.006563393359366057,0.9999268769865398,0.015869140625,15.4851333738312,127.0
block.4.attn.output,6,0.25,cfg_conditional,163840,0.65904856465073,0.007734980916674359,0.011736587152380183,0.006541556798836766,0.9999311252005171,0.0054931640625,15.354436438853346,127.0
block.4.attn.output,6,0.25,cfg_null,163840,0.6610658706538971,0.007785233685146345,0.011776789622258877,0.006552927176239974,0.9999306535222858,0.006103515625,15.405696358267717,127.0
block.4.attn.output,6,0.25,plain,163840,0.6535894140193881,0.007764394885403032,0.011879621546582621,0.006549567825234826,0.9999294348126109,0.0128173828125,15.27095764640748,127.0
block.4.attn.output,7,0.125,cfg_conditional,163840,0.6208649498566576,0.007591692678545552,0.012227607115361055,0.006548686099124233,0.9999252482570479,0.003662109375,14.409496878075787,127.0
block.4.attn.output,7,0.125,cfg_null,163840,0.621509653075074,0.007580869458575809,0.012197508793415463,0.006533744297035575,0.9999256140562942,0.003662109375,14.424130897822343,127.0
block.4.attn.output,7,0.125,plain,163840,0.6163120344946675,0.00756543319526614,0.01227532933292348,0.006542228763345844,0.9999246601810682,0.0030517578125,14.336937130905511,127.0
block.4.attn.q_post,0,1.0,cfg_conditional,163840,1.4971029609961934,0.013224345444788538,0.008833290554704982,0.011388893343678319,0.9999609927777536,0.0,20.456624669352856,120.0
block.4.attn.q_post,0,1.0,cfg_null,163840,1.4977741376604254,0.013228040447810273,0.00883179921137704,0.011389434891350447,0.9999610027616994,0.0,20.452054241510826,121.0
block.4.attn.q_post,0,1.0,plain,163840,1.4972528641872487,0.013234539304420232,0.008839214551514193,0.011400871961166103,0.9999609372888689,0.0,20.444273460568404,121.0
block.4.attn.q_post,1,0.875,cfg_conditional,163840,1.49646847463649,0.013225963640206138,0.008838117116646164,0.011382683488000112,0.9999609448754035,0.0006103515625,20.34818393977608,127.0
block.4.attn.q_post,1,0.875,cfg_null,163840,1.4973695913649632,0.013223813493160657,0.008831362390033695,0.011384205701460814,0.999961005103311,0.0,20.354426827017715,126.0
block.4.attn.q_post,1,0.875,plain,163840,1.4970786834442724,0.013228770105587989,0.008836389330688388,0.011396856139663214,0.9999609593859701,0.0006103515625,20.33643827663632,127.0
block.4.attn.q_post,2,0.75,cfg_conditional,163840,1.501520391534759,0.013193075713049375,0.00878647788430249,0.011332951362032873,0.9999614016055755,0.001220703125,20.37117064468504,127.0
block.4.attn.q_post,2,0.75,cfg_null,163840,1.502180865909181,0.01316915801213661,0.008766692687279103,0.011308357610494113,0.9999615737307411,0.0006103515625,20.37303053487943,127.0
block.4.attn.q_post,2,0.75,plain,163840,1.5036592297011904,0.013364952811139873,0.008888285688104864,0.01133567664498969,0.9999605002403528,0.0054931640625,20.370012418491633,127.0
block.4.attn.q_post,3,0.625,cfg_conditional,163840,1.5052347328959235,0.01325577722912083,0.008806451870545146,0.011302904396461599,0.999961224221363,0.0067138671875,20.38859209676427,127.0
block.4.attn.q_post,3,0.625,cfg_null,163840,1.5055975343269896,0.013288299905419933,0.008825930969234667,0.011327664057921539,0.9999610511099728,0.006103515625,20.395671213705707,127.0
block.4.attn.q_post,3,0.625,plain,163840,1.5084080200955932,0.013737311968133275,0.009107159193745664,0.011317282322272604,0.9999585300287693,0.0115966796875,20.40000134565699,127.0
block.4.attn.q_post,4,0.5,cfg_conditional,163840,1.5082620473712387,0.01347375596631637,0.008933299084068235,0.011455689216427345,0.9999600989024183,0.00732421875,20.431705985482285,127.0
block.4.attn.q_post,4,0.5,cfg_null,163840,1.5084406237692447,0.013477098573086823,0.008934457452763812,0.01142246748929665,0.9999600873805399,0.00732421875,20.433902289923722,127.0
block.4.attn.q_post,4,0.5,plain,163840,1.5117479065187045,0.014007654260692688,0.009265866484941862,0.011428175177400135,0.9999570712115694,0.01220703125,20.446657195804626,127.0
block.4.attn.q_post,5,0.375,cfg_conditional,163840,1.5111783745831218,0.013342523028915861,0.008829217816590691,0.011387320826497672,0.9999610218300595,0.0067138671875,20.48143281711368,127.0
block.4.attn.q_post,5,0.375,cfg_null,163840,1.5111639664373584,0.013364732778757984,0.00884399911299234,0.011393685308064505,0.9999608920322899,0.0067138671875,20.483100470595474,127.0
block.4.attn.q_post,5,0.375,plain,163840,1.5140725538607018,0.01383856970813995,0.009139964708331361,0.011424417749697113,0.9999582296901051,0.008544921875,20.50444355161171,127.0
block.4.attn.q_post,6,0.25,cfg_conditional,163840,1.5136629939971349,0.013252594122966525,0.008755313550984262,0.01132844036841334,0.9999616724811491,0.0091552734375,20.53028016578494,127.0
block.4.attn.q_post,6,0.25,cfg_null,163840,1.5138325479550463,0.013219529448190466,0.008732491229659453,0.0112761193954384,0.999961875519235,0.0079345703125,20.538459837906004,127.0
block.4.attn.q_post,6,0.25,plain,163840,1.516064441782376,0.013737316060276157,0.009061168959365437,0.011347279617712046,0.9999589469510832,0.008544921875,20.556986651082678,127.0
block.4.attn.q_post,7,0.125,cfg_conditional,163840,1.515731935793876,0.013335699427211967,0.008798191231767703,0.011263323952857719,0.9999612962534946,0.006103515625,20.564008097010333,127.0
block.4.attn.q_post,7,0.125,cfg_null,163840,1.5159525526953435,0.013377587731101617,0.008824542501225677,0.011270196398436383,0.9999610633616036,0.006103515625,20.569289800688978,127.0
block.4.attn.q_post,7,0.125,plain,163840,1.5178570973924679,0.01367645516225662,0.00901037072972907,0.011290477199827365,0.9999594058500734,0.008544921875,20.59508316160187,127.0
block.4.attn.q_pre,0,1.0,cfg_conditional,163840,2.412831104832963,0.08521363217145783,0.03531686573534829,0.019524313175848816,0.9993898187024769,0.3399658203125,23.365790900282974,127.0
block.4.attn.q_pre,0,1.0,cfg_null,163840,2.417535883703975,0.08643054664682295,0.035751505170794104,0.019572657970384454,0.9993749970366071,0.34912109375,23.418449341781496,127.0
block.4.attn.q_pre,0,1.0,plain,163840,2.4013576685003137,0.08268267509803481,0.03443163681221693,0.019307051156975775,0.9994193361120466,0.3179931640625,23.240077702079233,127.0
block.4.attn.q_pre,1,0.875,cfg_conditional,163840,2.4913444997533816,0.103408294413425,0.04150702338583098,0.02111118081484875,0.9991628198373314,0.4949951171875,23.977656326894685,127.0
block.4.attn.q_pre,1,0.875,cfg_null,163840,2.495542940906755,0.10514467133065154,0.04213298421242443,0.021211379793714968,0.9991375228545427,0.5035400390625,24.0245620847687,127.0
block.4.attn.q_pre,1,0.875,plain,163840,2.4726974337628382,0.09675613701464687,0.03912979230435314,0.020590068277782335,0.9992546312815788,0.4595947265625,23.777518685408463,127.0
block.4.attn.q_pre,2,0.75,cfg_conditional,163840,2.255231736162545,0.06387885838453654,0.028324742579772074,0.01799557720919438,0.9996048664941961,0.230712890625,21.808029535248522,127.0
block.4.attn.q_pre,2,0.75,cfg_null,163840,2.255499908236913,0.06399385741973129,0.028372360905904104,0.018004576311699338,0.9996035699063333,0.2349853515625,21.823019192913385,127.0
block.4.attn.q_pre,2,0.75,plain,163840,2.2181116149660487,0.055031030347803093,0.024809856265346424,0.017462718242677512,0.9996958992011058,0.1885986328125,21.438372754675196,127.0
block.4.attn.q_pre,3,0.625,cfg_conditional,163840,1.9045456481110077,0.027285945540552792,0.014326747992423236,0.016137051093654976,0.9998975808994253,0.0506591796875,18.490499661663385,127.0
block.4.attn.q_pre,3,0.625,cfg_null,163840,1.9010750605421893,0.027187284789498545,0.014301005443596053,0.016077983080635506,0.9998979287567424,0.0531005859375,18.473630890132874,127.0
block.4.attn.q_pre,3,0.625,plain,163840,1.8626995133665813,0.02428231127312396,0.013036086120641603,0.016026040364898363,0.9999151188499039,0.0360107421875,18.083327886626478,127.0
block.4.attn.q_pre,4,0.5,cfg_conditional,163840,1.6228616257702408,0.019458468113252123,0.011990220117514187,0.015811683876726334,0.9999281150142192,0.0091552734375,15.789016363188976,127.0
block.4.attn.q_pre,4,0.5,cfg_null,163840,1.6222188872959085,0.01940800283676404,0.011963861960154722,0.015793960130901043,0.9999284306853932,0.008544921875,15.794836329662894,127.0
block.4.attn.q_pre,4,0.5,plain,163840,1.5840541334132763,0.01887957108853699,0.011918513824938427,0.015828463373283343,0.999928972353179,0.0054931640625,15.414222056471457,127.0
block.4.attn.q_pre,5,0.375,cfg_conditional,163840,1.421100677063118,0.018328372613039334,0.012897307635457048,0.015790433786588665,0.9999168323297276,0.001220703125,13.850635919045276,127.0
block.4.attn.q_pre,5,0.375,cfg_null,163840,1.4202417193265684,0.018331172985802398,0.012907079644508988,0.01580723448546024,0.9999167147257121,0.001220703125,13.851673997293307,127.0
block.4.attn.q_pre,5,0.375,plain,163840,1.3872958757876337,0.01827209758490535,0.013171017015048369,0.01579431973856984,0.9999132729991441,0.001220703125,13.534627599040354,127.0
block.4.attn.q_pre,6,0.25,cfg_conditional,163840,1.2734206797620664,0.01819895419165727,0.01429139205989467,0.01575568388802111,0.9998978873486042,0.0006103515625,12.431655042753444,127.0
block.4.attn.q_pre,6,0.25,cfg_null,163840,1.2715632813915816,0.018175291827623122,0.014293658910732567,0.015733620507533887,0.9998978570924822,0.0,12.423951156496063,126.0
block.4.attn.q_pre,6,0.25,plain,163840,1.2456478599784544,0.018219786901422844,0.01462675567213513,0.01578795790612588,0.9998930660667136,0.0,12.179969126783957,124.0
block.4.attn.q_pre,7,0.125,cfg_conditional,163840,1.1257626368218379,0.018222377447730354,0.01618669589103996,0.01577866395461598,0.9998690222120831,0.0,10.99742018331693,116.0
block.4.attn.q_pre,7,0.125,cfg_null,163840,1.1229474817438807,0.018213653940893335,0.016219506465795223,0.015775209437086345,0.9998684883539911,0.0,10.977490042138287,112.0
block.4.attn.q_pre,7,0.125,plain,163840,1.1013450256639585,0.018224293806470067,0.016547306594936806,0.01579098523303486,0.9998631759186358,0.0,10.782398614357776,111.0
block.4.attn.softmax,0,1.0,cfg_conditional,327680,0.024883031933100506,0.0023273459031820164,0.09353144381437208,0.0020435910576452887,0.9956555134861526,0.0,1.5429399144931102,37.0
block.4.attn.softmax,0,1.0,cfg_null,327680,0.024763780008342947,0.002326292642453404,0.09393931950896323,0.0020429644164073,0.9956173491909154,0.0,1.5439299335629921,34.0
block.4.attn.softmax,0,1.0,plain,327680,0.024867128806789547,0.0023280893581730504,0.09362115651797344,0.0020444844968835474,0.9956475311378616,0.0,1.543564683809055,38.0
block.4.attn.softmax,1,0.875,cfg_conditional,327680,0.02732027993091808,0.002283817362695139,0.08359421530342984,0.0019945627743054362,0.9965226216885613,0.0,1.5306487796813484,43.0
block.4.attn.softmax,1,0.875,cfg_null,327680,0.027115237737599624,0.002295000799116199,0.08463878581207543,0.0020090370257589917,0.9964336077801554,0.0,1.5306175412155512,42.0
block.4.attn.softmax,1,0.875,plain,327680,0.027226929464845645,0.0022838477401969878,0.08388194280760904,0.001995083733359465,0.9964983170513904,0.0,1.5310428649421752,49.0
block.4.attn.softmax,2,0.75,cfg_conditional,327680,0.029424469081238625,0.002214263677307977,0.07525245982160529,0.001903683113231886,0.9971812061208049,0.0,1.5271020123339074,72.0
block.4.attn.softmax,2,0.75,cfg_null,327680,0.029097396130703397,0.002229009564452653,0.07660512144935937,0.0019221576072678006,0.9970763597609712,0.0,1.5271356537586123,65.0
block.4.attn.softmax,2,0.75,plain,327680,0.02916545557523412,0.002231373716466648,0.07650741853528328,0.0019261947964772847,0.9970846762718769,0.0,1.527169295183317,70.0
block.4.attn.softmax,3,0.625,cfg_conditional,327680,0.033061779983939575,0.0020805834381881585,0.06293017009969952,0.0017217213936085954,0.9980248105261098,0.0,1.5234807532603347,87.0
block.4.attn.softmax,3,0.625,cfg_null,327680,0.03279697881891538,0.002090887320145295,0.06375243682321718,0.0017353495659149412,0.9979719548429014,0.0,1.523567259781004,90.0
block.4.attn.softmax,3,0.625,plain,327680,0.032595097523188045,0.0021106749618967596,0.06475436867140012,0.0017635439984142326,0.9979096207298331,0.0,1.5239997923843505,97.0
block.4.attn.softmax,4,0.5,cfg_conditional,327680,0.036405666551365914,0.001972119037361793,0.054170661443027485,0.001567988467289372,0.9985353307458298,0.0,1.5242545060285433,104.0
block.4.attn.softmax,4,0.5,cfg_null,327680,0.036183704537790774,0.001981095803712081,0.054751049651176435,0.001579625721919068,0.998503657240162,0.0,1.524228073480561,101.0
block.4.attn.softmax,4,0.5,plain,327680,0.03591548877975741,0.0020063550788531987,0.05586322634105471,0.001614487554835307,0.9984422318829959,0.0,1.5237907349593995,117.0
block.4.attn.softmax,5,0.375,cfg_conditional,327680,0.03925895824411391,0.0018958938851355654,0.04829200696938555,0.0014590870484390383,0.9988355453595823,0.0,1.5255713275098426,112.0
block.4.attn.softmax,5,0.375,cfg_null,327680,0.03910087765437199,0.0018999177766571796,0.04859015681057849,0.001465274170212286,0.9988213594754858,0.0,1.52620330570251,114.0
block.4.attn.softmax,5,0.375,plain,327680,0.038785082168599175,0.0019301672576746878,0.049765712736774145,0.0015059357479542314,0.9987631639765086,0.0,1.5242352823572836,123.0
block.4.attn.softmax,6,0.25,cfg_conditional,327680,0.04160268970173008,0.001839454501803779,0.04421479752851854,0.0013808675974084077,0.9990233418032901,0.0,1.5267824187992125,117.0
block.4.attn.softmax,6,0.25,cfg_null,327680,0.04153370128432138,0.0018406803727507451,0.04431775439781444,0.0013835144851177753,0.9990192833972135,0.0,1.5268160602239174,119.0
block.4.attn.softmax,6,0.25,plain,327680,0.041123778196650786,0.001874647078937976,0.04558547782194418,0.0014285936199752204,0.9989618520607934,0.0,1.525703490249754,125.0
block.4.attn.softmax,7,0.125,cfg_conditional,327680,0.04348742103021137,0.001806502560114418,0.041540806911943874,0.0013353260181331772,0.9991383244575273,0.0,1.5277460053211123,120.0
block.4.attn.softmax,7,0.125,cfg_null,327680,0.043393314371126424,0.0018096904043691934,0.04170436000558988,0.0013387399861291647,0.9991310756696817,0.0,1.5271356537586123,119.0
block.4.attn.softmax,7,0.125,plain,327680,0.04289171154285921,0.0018433084619976104,0.042975866331556825,0.0013831771908423972,0.9990774297352177,0.0,1.5261119932640257,125.0
block.4.attn.v,0,1.0,cfg_conditional,163840,1.2890917198617473,0.031794917478043,0.024664589018889165,0.012038190507849577,0.9996988510939517,0.1092529296875,17.070221187561515,127.0
block.4.attn.v,0,1.0,cfg_null,163840,1.283389781727106,0.03007593891448212,0.023434765760724535,0.012052479287232387,0.9997283582426734,0.1129150390625,17.021383450725885,127.0
block.4.attn.v,0,1.0,plain,163840,1.2818148821817317,0.031585166446188584,0.024640973423891436,0.012046321494096901,0.999699425240361,0.1141357421875,16.93493940698819,127.0
block.4.attn.v,1,0.875,cfg_conditional,163840,1.4021292182219687,0.040508863339376776,0.028890962981818334,0.012355542682282917,0.9995872711403246,0.1312255859375,18.71124507874016,127.0
block.4.attn.v,1,0.875,cfg_null,163840,1.396140920360056,0.03895218993289346,0.027899898473606757,0.012310353370679473,0.9996150557436754,0.12939453125,18.65153154988927,127.0
block.4.attn.v,1,0.875,plain,163840,1.3902811562557897,0.03985924004178614,0.02866991317722548,0.012349491762782706,0.9995939471120423,0.1397705078125,18.507378045029526,127.0
block.4.attn.v,2,0.75,cfg_conditional,163840,1.3562802929305342,0.027191505923145693,0.02004858882406425,0.01178498825860359,0.9997999882874326,0.0732421875,18.25643704632136,127.0
block.4.attn.v,2,0.75,cfg_null,163840,1.3511740052138037,0.02631961756782701,0.019479073358625126,0.011745872096323495,0.9998110448289471,0.0634765625,18.21928730161171,127.0
block.4.attn.v,2,0.75,plain,163840,1.3278094872387738,0.02517328157432428,0.01895850407476226,0.01172627519653453,0.9998210522515082,0.0665283203125,17.8406722902313,127.0
block.4.attn.v,3,0.625,cfg_conditional,163840,1.2459382629921156,0.017464739901794566,0.014017339719428043,0.01142356513124696,0.9999018309316856,0.0262451171875,16.878604438361222,127.0
block.4.attn.v,3,0.625,cfg_null,163840,1.2437131240819477,0.017685909254139206,0.014220248151834964,0.011425720453815558,0.9998989820350072,0.0274658203125,16.864763395054133,127.0
block.4.attn.v,3,0.625,plain,163840,1.2127470054603229,0.015440147677311054,0.012731548796074273,0.011401186252350115,0.9999189804681572,0.01953125,16.43301896222933,127.0
block.4.attn.v,4,0.5,cfg_conditional,163840,1.1369884698045913,0.013650634757366286,0.01200595706983058,0.011327128796038722,0.9999279287517006,0.0079345703125,15.463694174458661,127.0
block.4.attn.v,4,0.5,cfg_null,163840,1.1379510819780116,0.01356798411691055,0.011923169925131037,0.011320006882535694,0.9999289174618389,0.0091552734375,15.493495670829232,127.0
block.4.attn.v,4,0.5,plain,163840,1.1115215530073699,0.01311659182717443,0.011800573539654486,0.011285998645968931,0.999930384889183,0.003662109375,15.145652951218011,127.0
block.4.attn.v,5,0.375,cfg_conditional,163840,1.0512744368016802,0.013076960345449671,0.01243914993808282,0.011292188493406385,0.9999226462320029,0.0006103515625,14.33354415292815,127.0
block.4.attn.v,5,0.375,cfg_null,163840,1.053173469106721,0.01303495471012535,0.01237683543355998,0.011268296485587114,0.9999234155856099,0.0006103515625,14.368507205031989,127.0
block.4.attn.v,5,0.375,plain,163840,1.0310446976401682,0.013059850684199039,0.01266661931736823,0.011317080055546214,0.9999197913741409,0.0,14.087130328801674,122.0
block.4.attn.v,6,0.25,cfg_conditional,163840,0.9823515874243146,0.013061173335016028,0.013295823513923244,0.011309946715569019,0.999911620077359,0.0,13.39598648191437,123.0
block.4.attn.v,6,0.25,cfg_null,163840,0.983726201187027,0.013021898231085183,0.013237319708850009,0.011268032905795877,0.9999123913698215,0.0,13.4221450925812,122.0
block.4.attn.v,6,0.25,plain,163840,0.965522063782178,0.013065693853513265,0.01353225818820945,0.011313849539182996,0.9999084469299879,0.0,13.2044418214813,111.0
block.4.attn.v,7,0.125,cfg_conditional,163840,0.8902217205165288,0.013071121179566093,0.01468299512168935,0.011326874142577381,0.9998922194322127,0.0,12.121149498646654,108.0
block.4.attn.v,7,0.125,cfg_null,163840,0.8904028397722751,0.013034671916268909,0.014639072714101621,0.011286916784262857,0.9998928751295082,0.0,12.130295160248524,107.0
block.4.attn.v,7,0.125,plain,163840,0.8746367103430936,0.013051800878223508,0.014922539522842209,0.011295816256632918,0.9998886797308092,0.0,11.948693943774606,96.0
block.4.mlp.activation_input,0,1.0,cfg_conditional,655360,0.9044887543721295,0.012364038160148054,0.013669642768229682,0.009049648912557107,0.999906603029992,0.021209716796875,15.18838957538755,127.0
block.4.mlp.activation_input,0,1.0,cfg_null,655360,0.8939736818702707,0.011236323292037645,0.012568964299407875,0.009012068447263743,0.9999210109225467,0.015106201171875,15.046028677872785,127.0
block.4.mlp.activation_input,0,1.0,plain,655360,0.8996699129735556,0.012101946790613763,0.013451541077565724,0.009042496093418118,0.9999095510834936,0.019378662109375,15.097625011534202,127.0
block.4.mlp.activation_input,1,0.875,cfg_conditional,655360,0.9229127743982657,0.011817400875636083,0.012804461270287398,0.009023344093421759,0.9999180338026974,0.015716552734375,15.477950929656743,127.0
block.4.mlp.activation_input,1,0.875,cfg_null,655360,0.9088341181747728,0.011170804680301863,0.012291357088063972,0.00900419849676135,0.9999244589786801,0.009613037109375,15.265301081139272,127.0
block.4.mlp.activation_input,1,0.875,plain,655360,0.9127717120390596,0.011432258642581176,0.01252477316265906,0.009010648360354524,0.999921566136158,0.0128173828125,15.298643337460014,127.0
block.4.mlp.activation_input,2,0.75,cfg_conditional,655360,0.9013546915621975,0.011670426216001291,0.012947651268974373,0.009013428262640089,0.9999161811453983,0.01220703125,15.131403404896654,127.0
block.4.mlp.activation_input,2,0.75,cfg_null,655360,0.8877968504117228,0.011233448065350881,0.012653174045550263,0.008998897115546889,0.9999199457277471,0.009613037109375,14.920386366956816,127.0
block.4.mlp.activation_input,2,0.75,plain,655360,0.8702414021505603,0.010976830978601318,0.01261354717377859,0.00899143691373223,0.999920446077554,0.006866455078125,14.599802813192053,127.0
block.4.mlp.activation_input,3,0.625,cfg_conditional,655360,0.8960929221199518,0.01154450764125188,0.012883159052233337,0.009020254469466416,0.9999170132792469,0.014495849609375,15.106691375492126,127.0
block.4.mlp.activation_input,3,0.625,cfg_null,655360,0.8874933617875741,0.011371788949864237,0.012813379163714951,0.00901990090885274,0.9999179099275045,0.012969970703125,14.970495269054503,127.0
block.4.mlp.activation_input,3,0.625,plain,655360,0.8598055905307279,0.010863571924949793,0.01263491659579009,0.008984561210065856,0.9999201763454919,0.008087158203125,14.480021319051428,127.0
block.4.mlp.activation_input,4,0.5,cfg_conditional,655360,0.8749775716326855,0.011213093190352713,0.012815292133065046,0.008997880502470412,0.9999178814786398,0.011138916015625,14.847167007566437,127.0
block.4.mlp.activation_input,4,0.5,cfg_null,655360,0.8704942658864869,0.011139678242363747,0.012796957635349167,0.009001882013197359,0.9999181158078494,0.00946044921875,14.777733509934793,127.0
block.4.mlp.activation_input,4,0.5,plain,655360,0.8445511356502904,0.010830830759329124,0.012824363501671883,0.00899804609518604,0.999917764540017,0.008087158203125,14.306089145930732,127.0
block.4.mlp.activation_input,5,0.375,cfg_conditional,655360,0.8551942402986603,0.01094727881823592,0.012800926739652493,0.008996532353082554,0.9999180648320122,0.007781982421875,14.628629909725639,127.0
block.4.mlp.activation_input,5,0.375,cfg_null,655360,0.8528721312840856,0.011010820223272086,0.012910282584441091,0.009006890967553315,0.9999166596042156,0.00701904296875,14.594324066882997,127.0
block.4.mlp.activation_input,5,0.375,plain,655360,0.8296723325026206,0.01087261034798283,0.013104704016327419,0.008996038570412779,0.9999141297757608,0.006103515625,14.162938876414863,127.0
block.4.mlp.activation_input,6,0.25,cfg_conditional,655360,0.8443793905362436,0.010809089944675167,0.012801224266985713,0.008982215775914648,0.9999180612697969,0.005645751953125,14.582723782757135,127.0
block.4.mlp.activation_input,6,0.25,cfg_null,655360,0.842641685214485,0.010817457863506066,0.01283755367591695,0.00898544707345721,0.9999175960651193,0.00579833984375,14.554373673566683,127.0
block.4.mlp.activation_input,6,0.25,plain,655360,0.8217771750897375,0.01079488810294255,0.01313602814748871,0.008982450506734407,0.9999137195891266,0.004730224609375,14.160159854438362,127.0
block.4.mlp.activation_input,7,0.125,cfg_conditional,655360,0.8366912974919466,0.01059702995286356,0.01266539999236165,0.008986323393952,0.9999197938685478,0.002899169921875,14.614959476500983,127.0
block.4.mlp.activation_input,7,0.125,cfg_null,655360,0.8351970596756323,0.010598281295360423,0.012689557718841235,0.008988474187797357,0.9999194863883737,0.0030517578125,14.590606689453125,127.0
block.4.mlp.activation_input,7,0.125,plain,655360,0.8166903832022,0.010553897289328061,0.01292276425240467,0.008979487186424339,0.9999165048080635,0.002593994140625,14.245126078447958,127.0
block.4.mlp.activation_output,0,1.0,cfg_conditional,655360,0.7724358704652583,0.033715484512616106,0.043648263631657074,0.00977498905242875,0.999056403299409,0.012969970703125,3.1047082135057824,127.0
block.4.mlp.activation_output,0,1.0,cfg_null,655360,0.7484430563983402,0.024266849871185683,0.03242310776181516,0.009610796500370177,0.9994763271035498,0.007171630859375,3.0428884911724903,127.0
block.4.mlp.activation_output,0,1.0,plain,655360,0.760569418448415,0.03127657417254427,0.04112257660365762,0.009738382561150161,0.9991626850619023,0.012054443359375,3.0553394227515995,127.0
block.4.mlp.activation_output,1,0.875,cfg_conditional,655360,0.7957024464208047,0.022843142200524823,0.02870814624647302,0.009717133279135126,0.9995890907689627,0.007781982421875,3.203306423397515,127.0
block.4.mlp.activation_output,1,0.875,cfg_null,655360,0.7683572226657868,0.018777265594468143,0.024438197547387033,0.00967234249034341,0.9997015581065105,0.004730224609375,3.1167758731391486,127.0
block.4.mlp.activation_output,1,0.875,plain,655360,0.774123320644441,0.021820049628462557,0.02818678761711743,0.009716200359668293,0.9996038876832305,0.006866455078125,3.123557023176058,127.0
block.4.mlp.activation_output,2,0.75,cfg_conditional,655360,0.7887410772255437,0.021239927053297837,0.026928896778155496,0.010161923398019112,0.9996379879633897,0.005645751953125,3.2688567394346704,127.0
block.4.mlp.activation_output,2,0.75,cfg_null,655360,0.7647534779985322,0.019125533049427424,0.025008755892789978,0.010166275449329376,0.9996874619120866,0.0048828125,3.1890809066652315,127.0
block.4.mlp.activation_output,2,0.75,plain,655360,0.7262437512858098,0.019529903854022108,0.026891665256251144,0.010294698807883584,0.9996385193196687,0.003814697265625,3.0629868394746556,127.0
block.4.mlp.activation_output,3,0.625,cfg_conditional,655360,0.8025121510081491,0.021454973589982676,0.026734764779611182,0.010460833070729514,0.9996431399717859,0.005950927734375,3.4124815933347685,127.0
block.4.mlp.activation_output,3,0.625,cfg_null,655360,0.7876744724138305,0.02114804579453462,0.02684871293305517,0.010478083570086305,0.9996399329347844,0.005035400390625,3.3619894192913384,127.0
block.4.mlp.activation_output,3,0.625,plain,655360,0.7269063948544363,0.018834004582490516,0.025909807254154153,0.010602224835746733,0.9996642981723246,0.00213623046875,3.1664498396745815,127.0
block.4.mlp.activation_output,4,0.5,cfg_conditional,655360,0.7890423183546876,0.01875294315116346,0.0237667140468044,0.010785849209875487,0.9997176103443643,0.003509521484375,3.4738495593934546,127.0
block.4.mlp.activation_output,4,0.5,cfg_null,655360,0.7822295187583765,0.01887148477047667,0.02412525265018271,0.01081037825527087,0.9997090221847259,0.003814697265625,3.4507487139363926,127.0
block.4.mlp.activation_output,4,0.5,plain,655360,0.7239066175887147,0.018075551793545003,0.02496945234974295,0.010946545351204762,0.9996882211358068,0.001373291015625,3.250644713874877,127.0
block.4.mlp.activation_output,5,0.375,cfg_conditional,655360,0.7832391575017703,0.018194691010225913,0.02323005794074435,0.01117942068824469,0.9997301469349301,0.0018310546875,3.577174389456201,127.0
block.4.mlp.activation_output,5,0.375,cfg_null,655360,0.7800280301549363,0.01788789990421823,0.022932380905164616,0.0111757083954938,0.9997370183818205,0.00152587890625,3.5669570081815944,127.0
block.4.mlp.activation_output,5,0.375,plain,655360,0.7265051063229415,0.018051805147806653,0.024847458043581013,0.011348726470064463,0.9996912787156241,0.001068115234375,3.3696296271376722,127.0
block.4.mlp.activation_output,6,0.25,cfg_conditional,655360,0.7986230257943266,0.018067458582134564,0.02262326278930451,0.011697778169842899,0.9997440675693913,0.001068115234375,3.801772951141117,127.0
block.4.mlp.activation_output,6,0.25,cfg_null,655360,0.7962058275279854,0.017970958127904224,0.022570744280658472,0.011666874882703838,0.9997452706506124,0.0006103515625,3.7908490999477116,127.0
block.4.mlp.activation_output,6,0.25,plain,655360,0.7469703907395926,0.018164923526886166,0.02431813061412067,0.011830249373730516,0.9997043258992556,0.000457763671875,3.592446394792692,127.0
block.4.mlp.activation_output,7,0.125,cfg_conditional,655360,0.8477447563250713,0.01836627401016175,0.021664863006382457,0.012340828655968217,0.9997653151582503,0.000152587890625,4.20029167115219,127.0
block.4.mlp.activation_output,7,0.125,cfg_null,655360,0.8452290297950972,0.018374136270810314,0.021738647896729985,0.01235443142826984,0.9997637205297432,0.000152587890625,4.1906882458784445,127.0
block.4.mlp.activation_output,7,0.125,plain,655360,0.8020074498458531,0.018517670148808157,0.02308914979825596,0.012527485358845958,0.9997335217383192,0.00030517578125,3.9974663201279528,127.0
block.4.mlp.input,0,1.0,cfg_conditional,163840,0.618073677983548,0.011453981623134237,0.01853174149156878,0.007178709980207998,0.9998284298793453,0.0146484375,12.320104884350394,127.0
block.4.mlp.input,0,1.0,cfg_null,163840,0.6104408071941675,0.008954664367011641,0.014669177193724802,0.007136203094495386,0.9998924018487373,0.0079345703125,12.130819005290354,127.0
block.4.mlp.input,0,1.0,plain,163840,0.6149026574953206,0.010461161682326322,0.01701271177610081,0.007160260807303231,0.9998553572592159,0.0152587890625,12.257166584645669,127.0
block.4.mlp.input,1,0.875,cfg_conditional,163840,0.6524144775460727,0.018478613243700828,0.028323426103608943,0.007260186682280434,0.9995995024048906,0.023193359375,12.876337006336122,127.0
block.4.mlp.input,1,0.875,cfg_null,163840,0.6437059340960386,0.0159913055882496,0.02484256357012821,0.007252241169554452,0.9996919107276707,0.0189208984375,12.666798989603839,127.0
block.4.mlp.input,1,0.875,plain,163840,0.6474254997224428,0.015055722624605219,0.02325475692733719,0.007245613476285939,0.9997299812063428,0.0177001953125,12.769511065145178,127.0
block.4.mlp.input,2,0.75,cfg_conditional,163840,0.6394633766934654,0.016106947994000458,0.025188225911054043,0.0072343468165527725,0.9996831529130257,0.01708984375,12.767007181963583,127.0
block.4.mlp.input,2,0.75,cfg_null,163840,0.6319747624407173,0.014988827074393852,0.023717445640560508,0.007203775731034767,0.9997189192311574,0.0146484375,12.61674054964321,127.0
block.4.mlp.input,2,0.75,plain,163840,0.6202493076095202,0.011200574504544767,0.018058181391144932,0.0071622605729004364,0.9998369949482849,0.0091552734375,12.39486574187992,127.0
block.4.mlp.input,3,0.625,cfg_conditional,163840,0.6335404381705061,0.014618096358708492,0.02307365951401873,0.007193016748860259,0.9997339308262326,0.013427734375,12.810380590243602,127.0
block.4.mlp.input,3,0.625,cfg_null,163840,0.6289364986396102,0.014332878486978638,0.022789070944333262,0.007189730720356202,0.9997404780471844,0.010986328125,12.720745417076772,127.0
block.4.mlp.input,3,0.625,plain,163840,0.611127686139338,0.009803821850816217,0.016042182465582047,0.00713725965517682,0.9998713270024276,0.0067138671875,12.37350343719242,127.0
block.4.mlp.input,4,0.5,cfg_conditional,163840,0.6162006330577094,0.012271074973707677,0.019914090176792215,0.007174682145964795,0.9998017811307732,0.008544921875,12.617192305917815,127.0
block.4.mlp.input,4,0.5,cfg_null,163840,0.6136359533928123,0.012276385311206126,0.0200059746227867,0.007155392349060641,0.9997999301627641,0.00732421875,12.566696527436024,127.0
block.4.mlp.input,4,0.5,plain,163840,0.5980393463254953,0.008964193186622048,0.014989303365573376,0.007120255129233755,0.9998876541440264,0.0030517578125,12.255172128752461,127.0
block.4.mlp.input,5,0.375,cfg_conditional,163840,0.6000791749887231,0.010581727380436721,0.01763388536293661,0.007155622847363929,0.9998445426523745,0.0048828125,12.407303457185039,127.0
block.4.mlp.input,5,0.375,cfg_null,163840,0.5989019377671119,0.010399902437053883,0.017364950388752916,0.007157997273090189,0.9998492325017319,0.0042724609375,12.387584776390256,127.0
block.4.mlp.input,5,0.375,plain,163840,0.5851458642139366,0.008358092404173317,0.01428377591867845,0.0071095365254151945,0.999897992402829,0.0030517578125,12.100940614234744,127.0
block.4.mlp.input,6,0.25,cfg_conditional,163840,0.5890835822255676,0.008928017995719816,0.015155774605005312,0.007117115011643094,0.999885145385274,0.003662109375,12.273251991572343,127.0
block.4.mlp.input,6,0.25,cfg_null,163840,0.5883386090327927,0.008978739304074747,0.015261176414778335,0.007122013777937752,0.9998835414938684,0.003662109375,12.260972871555119,127.0
block.4.mlp.input,6,0.25,plain,163840,0.5759522241253852,0.008233290410524573,0.01429509265812329,0.00711164995920619,0.9998978268148162,0.0006103515625,11.996234082800196,127.0
block.4.mlp.input,7,0.125,cfg_conditional,163840,0.5794451879457728,0.008216731918510883,0.01418034369677058,0.0071066674257437516,0.9998994779884866,0.001220703125,12.152488888718011,127.0
block.4.mlp.input,7,0.125,cfg_null,163840,0.5784754596247639,0.008202261809861252,0.014179100726557635,0.007095589405775371,0.999899487199577,0.001220703125,12.131972425565944,127.0
block.4.mlp.input,7,0.125,plain,163840,0.5672751979213468,0.008218108378208884,0.014486986930368727,0.007120071183135934,0.9998950838004124,0.0,11.889807032787894,120.0
block.5.attn.input,0,1.0,cfg_conditional,163840,1.1725747003896905,0.14993000652515906,0.1278639275393983,0.024923055733722776,0.9937100455218913,0.78857421875,11.533534733329232,127.0
block.5.attn.input,0,1.0,cfg_null,163840,1.1631345052130497,0.14928985328908248,0.12835132361732943,0.02502154597477215,0.9937468694750916,0.7879638671875,11.413814514640748,127.0
block.5.attn.input,0,1.0,plain,163840,1.1691558690098687,0.15034122017955218,0.128589544101483,0.024948223041873517,0.9936605077476182,0.7855224609375,11.50528074249508,127.0
block.5.attn.input,1,0.875,cfg_conditional,163840,1.2009436606611332,0.1682564119709224,0.14010350150671957,0.026583672263097567,0.9924132519938382,0.7965087890625,11.85486801027313,127.0
block.5.attn.input,1,0.875,cfg_null,163840,1.1913880744542964,0.16831798632512185,0.1412788913488313,0.026624245333828612,0.9923522354816399,0.7952880859375,11.716380682517224,127.0
block.5.attn.input,1,0.875,plain,163840,1.1954377905961213,0.16914381704431478,0.14149110758826597,0.026643860281583186,0.992292839088164,0.7928466796875,11.785730076587106,127.0
block.5.attn.input,2,0.75,cfg_conditional,163840,1.0826262781339848,0.031002619605483846,0.028636492787631182,0.014027030112329442,0.9996354370325027,0.601806640625,11.614144392839567,127.0
block.5.attn.input,2,0.75,cfg_null,163840,1.072491148900558,0.030716585248609193,0.028640409088781443,0.014090872330687888,0.9996415597467454,0.6134033203125,11.477742833415354,127.0
block.5.attn.input,2,0.75,plain,163840,1.062955272177168,0.03125402869004344,0.029402957497946518,0.014208460001727551,0.9996260616487634,0.615234375,11.364347202571357,127.0
block.5.attn.input,3,0.625,cfg_conditional,163840,0.991332112273761,0.016220825421333723,0.016362655078456963,0.012338045886704663,0.9998661244169915,0.0048828125,11.20299331785187,127.0
block.5.attn.input,3,0.625,cfg_null,163840,0.9852774855279312,0.016159000386681006,0.016400456342532475,0.012312122209163334,0.9998655037339518,0.0042724609375,11.128664992925689,127.0
block.5.attn.input,3,0.625,plain,163840,0.9650524067249006,0.014219137284852272,0.014734057120387663,0.01227946885030846,0.9998914652882681,0.001220703125,10.888148029958169,127.0
block.5.attn.input,4,0.5,cfg_conditional,163840,0.9141605585392271,0.014913717466115596,0.01631411170259501,0.012268835823481084,0.9998669241673734,0.001220703125,10.693830354945867,127.0
block.5.attn.input,4,0.5,cfg_null,163840,0.9110541525626343,0.014903533028191312,0.016358558913617052,0.012329537239479294,0.9998661994916268,0.0006103515625,10.657247708538385,127.0
block.5.attn.input,4,0.5,plain,163840,0.8891376633245862,0.01417409274836049,0.015941392804531475,0.012271467335521891,0.999872960590589,0.0,10.397060123954232,123.0
block.5.attn.input,5,0.375,cfg_conditional,163840,0.8556948423891941,0.014428049565949692,0.016861208986214047,0.012265410604668237,0.9998578780907815,0.0006103515625,10.23688368909941,127.0
block.5.attn.input,5,0.375,cfg_null,163840,0.8542111058408046,0.01436758473765083,0.016819711941708764,0.012267488998882215,0.9998585727699232,0.0006103515625,10.22035613773376,127.0
block.5.attn.input,5,0.375,plain,163840,0.8328148152193712,0.014200630532003402,0.017051366369200367,0.012310848427437371,0.9998546535353231,0.0,9.964320866141732,110.0
block.5.attn.input,6,0.25,cfg_conditional,163840,0.8094291175491033,0.014178716591246733,0.01751693419947497,0.012270734445804976,0.999846614984285,0.0006103515625,9.831499715489665,127.0
block.5.attn.input,6,0.25,cfg_null,163840,0.8087794286298001,0.014144313079097508,0.01748846790411102,0.012239343074371333,0.9998470961219682,0.0006103515625,9.826131505290354,127.0
block.5.attn.input,6,0.25,plain,163840,0.7887593586958828,0.014168594493582053,0.01796313962855299,0.01226697453053589,0.9998387101574595,0.0,9.581779419906496,106.0
block.5.attn.input,7,0.125,cfg_conditional,163840,0.7513140670106364,0.014202895002962608,0.01890407171460765,0.012307892268879073,0.9998213673935464,0.0,9.242755559485728,106.0
block.5.attn.input,7,0.125,cfg_null,163840,0.7504120636616218,0.01417240710949318,0.01888616640881169,0.012274355144629111,0.9998217082384037,0.0,9.234181802103839,105.0
block.5.attn.input,7,0.125,plain,163840,0.7324556438298531,0.014178265924041129,0.0193571665990667,0.012282496631907235,0.999812684087588,0.0,9.002925842765748,99.0
block.5.attn.k_post,0,1.0,cfg_conditional,163840,2.178939742650124,0.02507376329133921,0.0115073229426911,0.017146780482107715,0.9999339626318069,0.0787353515625,18.72893085629921,127.0
block.5.attn.k_post,0,1.0,cfg_null,163840,2.1796947453491753,0.024782190873013053,0.011369569489439256,0.017184353712355004,0.9999355328196396,0.07568359375,18.727032518762304,127.0
block.5.attn.k_post,0,1.0,plain,163840,2.179466993484819,0.025085402121153018,0.011509879340289146,0.017166221450077047,0.9999339481195724,0.078125,18.71223509781004,127.0
block.5.attn.k_post,1,0.875,cfg_conditional,163840,2.1792131563787978,0.027843077200534735,0.012776665338603969,0.01728734441491042,0.9999186973539907,0.0946044921875,18.679425096887304,127.0
block.5.attn.k_post,1,0.875,cfg_null,163840,2.180008153411765,0.026995586927322637,0.012383250441093029,0.017247411401467617,0.9999236322553671,0.0946044921875,18.676541546198326,127.0
block.5.attn.k_post,1,0.875,plain,163840,2.1813270454761167,0.02732654793397792,0.012527487792649348,0.017263822656434512,0.9999218875540405,0.1031494140625,18.64322692390502,127.0
block.5.attn.k_post,2,0.75,cfg_conditional,163840,2.1800889274177844,0.030440093963092326,0.01396277627956545,0.017358567745986875,0.9999029512435492,0.089111328125,18.632005105807085,127.0
block.5.attn.k_post,2,0.75,cfg_null,163840,2.181038722699677,0.03099391636927607,0.014210621776999898,0.017386488039824143,0.9998995191489228,0.096435546875,18.62570935346949,127.0
block.5.attn.k_post,2,0.75,plain,163840,2.1845040862506013,0.03011297692610916,0.013784811443312022,0.017356260378937803,0.9999054650978928,0.1129150390625,18.580490472748522,127.0
block.5.attn.k_post,3,0.625,cfg_conditional,163840,2.1866235030577936,0.03721240920683992,0.017018205994219746,0.01779494586878627,0.9998564712953836,0.1483154296875,18.58335479976624,127.0
block.5.attn.k_post,3,0.625,cfg_null,163840,2.1870082322801254,0.03713232429476454,0.0169785937458732,0.017762363572364846,0.9998570750226007,0.1483154296875,18.578323003813978,127.0
block.5.attn.k_post,3,0.625,plain,163840,2.1919106440671814,0.03865585439346336,0.01763568898125145,0.017798758713820462,0.9998461535527104,0.16845703125,18.529057540292815,127.0
block.5.attn.k_post,4,0.5,cfg_conditional,163840,2.194519161123373,0.04206984205998411,0.019170414551517783,0.018117347238603542,0.9998186624805792,0.19775390625,18.52414108636811,127.0
block.5.attn.k_post,4,0.5,cfg_null,163840,2.1946202134478314,0.0417161269875366,0.01900835813500459,0.01802414946055251,0.9998216920635212,0.1849365234375,18.524107444943404,127.0
block.5.attn.k_post,4,0.5,plain,163840,2.1996210427290985,0.04473867996459651,0.020339267126254005,0.018238268069922015,0.9997961383958763,0.2130126953125,18.484665277436022,127.0
block.5.attn.k_post,5,0.375,cfg_conditional,163840,2.2010624766114213,0.04559734346461684,0.020716060515835442,0.01835101028088957,0.9997889213145637,0.224609375,18.47221314437746,127.0
block.5.attn.k_post,5,0.375,cfg_null,163840,2.2011080325740258,0.04517965362515188,0.02052586831565817,0.018306752986518404,0.9997927368347281,0.21484375,18.473438653420274,127.0
block.5.attn.k_post,5,0.375,plain,163840,2.2057070741590534,0.048175798139204036,0.02184143067028586,0.018524461924630486,0.9997658537495943,0.247802734375,18.4388168214813,127.0
block.5.attn.k_post,6,0.25,cfg_conditional,163840,2.2064254817273166,0.048560829780112745,0.022008823856628296,0.018510381663622864,0.9997625255771625,0.2496337890625,18.429161732591044,127.0
block.5.attn.k_post,6,0.25,cfg_null,163840,2.2065765160057973,0.048385190592748976,0.021927719361544157,0.018518255642493386,0.9997640987826063,0.245361328125,18.426023468257874,127.0
block.5.attn.k_post,6,0.25,plain,163840,2.2106577521355395,0.051467636984935054,0.023281594328754096,0.018714988828492096,0.9997345302565948,0.272216796875,18.40271957277313,127.0
block.5.attn.k_post,7,0.125,cfg_conditional,163840,2.21149848721923,0.053295331921168816,0.024099194382982886,0.018783304601038255,0.9997161667730334,0.2886962890625,18.371375376783956,127.0
block.5.attn.k_post,7,0.125,cfg_null,163840,2.212042248924525,0.0533511198995405,0.024118490469826847,0.018774465017008878,0.9997157556094954,0.2862548828125,18.369164654589074,127.0
block.5.attn.k_post,7,0.125,plain,163840,2.2155320526641598,0.05686335151689982,0.025665776962478196,0.01898635769368866,0.9996788338298351,0.299072265625,18.344529519869585,127.0
block.5.attn.k_pre,0,1.0,cfg_conditional,163840,2.647106595507126,0.03999331326752624,0.015108312349569143,0.022822603422449107,0.999886435051077,0.0823974609375,18.333514356237696,127.0
block.5.attn.k_pre,0,1.0,cfg_null,163840,2.6314482086582016,0.03748222460253472,0.014243952998659711,0.02266866493743578,0.9998990218499837,0.0726318359375,18.22835126261073,127.0
block.5.attn.k_pre,0,1.0,plain,163840,2.640237631935849,0.03929675964987006,0.014883796509277568,0.022755230624701993,0.9998897297474846,0.0775146484375,18.26108917476624,127.0
block.5.attn.k_pre,1,0.875,cfg_conditional,163840,2.6327382981277547,0.04610536160165426,0.017512322297450384,0.022829041454254195,0.999847328434705,0.0701904296875,18.1772979976624,127.0
block.5.attn.k_pre,1,0.875,cfg_null,163840,2.6163848627072053,0.04620917097791096,0.01766145785222812,0.022804796796734195,0.99984470198719,0.067138671875,18.059610682209644,127.0
block.5.attn.k_pre,1,0.875,plain,163840,2.6097576129795135,0.048140170147898786,0.018446222709908304,0.02291656089632852,0.9998307092805998,0.0701904296875,17.972445750799704,127.0
block.5.attn.k_pre,2,0.75,cfg_conditional,163840,2.4449237426627564,0.0357613127971669,0.014626759997929178,0.02243549372170577,0.9998932839501853,0.04150390625,16.827253206508367,127.0
block.5.attn.k_pre,2,0.75,cfg_null,163840,2.4256023183609527,0.03555671857919805,0.014658923398137548,0.022349414238348686,0.9998927467600999,0.04150390625,16.687674935408463,127.0
block.5.attn.k_pre,2,0.75,plain,163840,2.408227691849148,0.03884011923593754,0.016128092608267582,0.022564301175542312,0.9998702999231034,0.0445556640625,16.521370955339567,127.0
block.5.attn.k_pre,3,0.625,cfg_conditional,163840,2.178109978907635,0.026461437622753353,0.012148806937666337,0.022154821000597735,0.9999262005269257,0.0146484375,14.921750046136811,127.0
block.5.attn.k_pre,3,0.625,cfg_null,163840,2.1663678658265493,0.02655892476508383,0.012259655981811113,0.022110910968925167,0.9999248496430807,0.013427734375,14.840443528543307,127.0
block.5.attn.k_pre,3,0.625,plain,163840,2.1401805324803562,0.0274433242668976,0.012822901549848336,0.022137252938622964,0.9999177861613597,0.01708984375,14.618732121985728,127.0
block.5.attn.k_pre,4,0.5,cfg_conditional,163840,1.955707583846406,0.02549681390021317,0.01303712994253828,0.02206848832432513,0.9999150381723387,0.001220703125,13.317933570681594,127.0
block.5.attn.k_pre,4,0.5,cfg_null,163840,1.9494252596723272,0.025428073063909557,0.013043882004577945,0.02199182614476598,0.9999149394830726,0.001220703125,13.277525413693406,127.0
block.5.attn.k_pre,4,0.5,plain,163840,1.9153745194973266,0.025532762123423855,0.013330427999075975,0.022123329791398305,0.9999111593498696,0.00244140625,13.015280896284448,127.0
block.5.attn.k_pre,5,0.375,cfg_conditional,163840,1.786974252705207,0.025484489220071595,0.014261251487810727,0.022076069624418437,0.9998983236807367,0.0,12.109990157480315,119.0
block.5.attn.k_pre,5,0.375,cfg_null,163840,1.7832317830777906,0.025443922961038666,0.014268432854602567,0.022028439756729766,0.9998982231049818,0.0,12.087349478654035,118.0
block.5.attn.k_pre,5,0.375,plain,163840,1.7498948774377547,0.025453648628850477,0.014545815841303808,0.022030945645337852,0.9998942214299054,0.0,11.839777428334154,120.0
block.5.attn.k_pre,6,0.25,cfg_conditional,163840,1.651087210440612,0.025499341800734224,0.01544397027576116,0.022098432677961456,0.9998807567978337,0.0,11.153569259042815,109.0
block.5.attn.k_pre,6,0.25,cfg_null,163840,1.6476903160263432,0.025457488125438608,0.015450408294462292,0.022045932869146155,0.9998806632173153,0.0,11.130284587229331,111.0
block.5.attn.k_pre,6,0.25,plain,163840,1.6190495685159252,0.02544830974613838,0.015718054740884276,0.0220447685376584,0.9998765121336218,0.0,10.92512956754429,114.0
block.5.attn.k_pre,7,0.125,cfg_conditional,163840,1.474801023164016,0.02549122914989277,0.01728452092825666,0.02207451709951158,0.9998506610216891,0.0,9.938666876845472,99.0
block.5.attn.k_pre,7,0.125,cfg_null,163840,1.4728571356049744,0.02545557813362413,0.017283127818889424,0.022024345779567512,0.9998506683108102,0.0,9.92504209984006,97.0
block.5.attn.k_pre,7,0.125,plain,163840,1.448441470765571,0.02547515930379967,0.017587979782389702,0.022059347636604797,0.9998453679316868,0.0,9.753225732037402,101.0
block.5.attn.output,0,1.0,cfg_conditional,163840,0.7860991339277447,0.011258430700357393,0.014321896837749508,0.008182433276299344,0.999897491873839,0.0201416015625,13.922878475639763,127.0
block.5.attn.output,0,1.0,cfg_null,163840,0.7751925578427603,0.010955336414647535,0.014132406592156307,0.008148481756022119,0.9999001499762789,0.015869140625,13.693862074003444,127.0
block.5.attn.output,0,1.0,plain,163840,0.7833811732074695,0.011430978220587177,0.014591846998038354,0.008180183256078704,0.9998936047407228,0.023193359375,13.827937569205217,127.0
block.5.attn.output,1,0.875,cfg_conditional,163840,0.7956318660252146,0.010756815303376658,0.013519839718229386,0.008158230619148565,0.999908636330466,0.0213623046875,14.275507889394685,127.0
block.5.attn.output,1,0.875,cfg_null,163840,0.7846743000205284,0.010442859408895683,0.01330852738342836,0.008168559723414367,0.9999114540985903,0.0177001953125,14.074231245386319,127.0
block.5.attn.output,1,0.875,plain,163840,0.7886151584496106,0.010588952714051697,0.013427275142503222,0.008182721558154813,0.9999098785616495,0.0164794921875,14.129907803272637,127.0
block.5.attn.output,2,0.75,cfg_conditional,163840,0.7864207793892735,0.009920841375459696,0.012615182146082309,0.008119251476405265,0.9999204258560744,0.013427734375,14.1240493894562,127.0
block.5.attn.output,2,0.75,cfg_null,163840,0.7774267621511313,0.009833787621349312,0.012649149862218958,0.008148415977431375,0.9999199963394307,0.013427734375,13.94641786109744,127.0
block.5.attn.output,2,0.75,plain,163840,0.76295724548013,0.00970810741443399,0.01272431380912395,0.008116543514914006,0.9999190429918224,0.0054931640625,13.720914585383857,127.0
block.5.attn.output,3,0.625,cfg_conditional,163840,0.7718017865009752,0.009817647756086016,0.01272042631644467,0.008140392485799149,0.9999190921213463,0.0091552734375,13.94893616203248,127.0
block.5.attn.output,3,0.625,cfg_null,163840,0.7683649579955755,0.009713145798762358,0.012641318032124897,0.008112335626001735,0.9999200956096925,0.0079345703125,13.886454424520178,127.0
block.5.attn.output,3,0.625,plain,163840,0.742847637110369,0.009571902932609365,0.012885418832108654,0.008115971779599334,0.9999169861063825,0.00244140625,13.49804014671506,127.0
block.5.attn.output,4,0.5,cfg_conditional,163840,0.747427290721943,0.009405720616149055,0.012584127891642854,0.008096172806503637,0.9999208208836231,0.00244140625,13.612372931532972,127.0
block.5.attn.output,4,0.5,cfg_null,163840,0.7464908379275158,0.009418154705577818,0.012616571064322051,0.008106544126687553,0.9999204126677265,0.003662109375,13.590352216104822,127.0
block.5.attn.output,4,0.5,plain,163840,0.7226559490359482,0.009489221969078091,0.013131036950207205,0.008075824116489962,0.9999137897869466,0.001220703125,13.23177307609498,127.0
block.5.attn.output,5,0.375,cfg_conditional,163840,0.7269055076054192,0.00936894138935001,0.012888802315191267,0.008110052653791656,0.9999169568796252,0.0018310546875,13.30371766578494,127.0
block.5.attn.output,5,0.375,cfg_null,163840,0.7271226949639334,0.009368067086872671,0.012883750090261374,0.00810566690976105,0.9999170122865695,0.001220703125,13.307994932640256,127.0
block.5.attn.output,5,0.375,plain,163840,0.7058058095717527,0.009379735590838007,0.013289399808892417,0.008105009392237475,0.9999117019368962,0.0006103515625,12.962435023991143,127.0
block.5.attn.output,6,0.25,cfg_conditional,163840,0.7125263735385782,0.009356529798078538,0.013131485578016923,0.00810325639835116,0.9999137831869207,0.0006103515625,13.083520123339074,127.0
block.5.attn.output,6,0.25,cfg_null,163840,0.7128571549174385,0.009380831653729256,0.013159483059149097,0.00811181849353014,0.9999134204438955,0.0006103515625,13.087682048166831,127.0
block.5.attn.output,6,0.25,plain,163840,0.6946248909499637,0.009373632476173442,0.013494524308442408,0.008124048911028104,0.9999089555909539,0.0,12.78447188730315,127.0
block.5.attn.output,7,0.125,cfg_conditional,163840,0.6892589683254255,0.009370972235956398,0.013595720428162792,0.008096187349937773,0.9999075948075054,0.0006103515625,12.708994948019193,127.0
block.5.attn.output,7,0.125,cfg_null,163840,0.689359883338865,0.00936114635740783,0.013579476531282603,0.008104566056256621,0.9999078008215047,0.0006103515625,12.713132843257874,127.0
block.5.attn.output,7,0.125,plain,163840,0.67442733920158,0.009355867783622724,0.013872313946671641,0.00810327857918885,0.9999037854425591,0.0,12.4522964597687,115.0
block.5.attn.q_post,0,1.0,cfg_conditional,163840,1.9386532276473025,0.019697416942169085,0.010160361152403383,0.01686625524982901,0.9999483845949174,0.001220703125,17.622714305487204,127.0
block.5.attn.q_post,0,1.0,cfg_null,163840,1.9393751203989567,0.019688657821132157,0.010152062700011292,0.01687210506700012,0.9999484730790391,0.0006103515625,17.623848502091537,127.0
block.5.attn.q_post,0,1.0,plain,163840,1.9395750433965406,0.019674332002801425,0.01014363020899061,0.01685276757639258,0.9999485596384932,0.0,17.62993759996309,126.0
block.5.attn.q_post,1,0.875,cfg_conditional,163840,1.928756962050718,0.01981154884402412,0.010271666795675401,0.016882252273194353,0.99994724645933,0.0030517578125,17.503960076279526,127.0
block.5.attn.q_post,1,0.875,cfg_null,163840,1.9287613205929577,0.01972569904812905,0.010227133257766073,0.016852831479241104,0.999947706246912,0.0018310546875,17.505555640994096,127.0
block.5.attn.q_post,1,0.875,plain,163840,1.9308729074438997,0.019643740138404746,0.010173502389864301,0.016818743909425393,0.999948257197341,0.0,17.511736051304133,125.0
block.5.attn.q_post,2,0.75,cfg_conditional,163840,1.9362087788195728,0.019921741574078437,0.010289046197912556,0.016767749657128662,0.9999470664744607,0.003662109375,17.56856122354823,127.0
block.5.attn.q_post,2,0.75,cfg_null,163840,1.9371583178209228,0.01999964361016696,0.010324217399362704,0.016800220932009325,0.99994671157119,0.0030517578125,17.582887664554626,127.0
block.5.attn.q_post,2,0.75,plain,163840,1.9400738859091238,0.01957639973093111,0.010090543392762361,0.016727250091798852,0.9999490987907931,0.0006103515625,17.59874238742618,127.0
block.5.attn.q_post,3,0.625,cfg_conditional,163840,1.9424816937686114,0.02047099906200794,0.010538580171786395,0.01677737967552275,0.9999444677223289,0.00732421875,17.58002333753691,127.0
block.5.attn.q_post,3,0.625,cfg_null,163840,1.9434686548008422,0.020549312344432875,0.010573523938073842,0.01674462794555893,0.9999440990544199,0.00732421875,17.590668445497048,127.0
block.5.attn.q_post,3,0.625,plain,163840,1.9486795515235662,0.01972762483739843,0.01012358590306676,0.016705528556803982,0.9999487596798547,0.0048828125,17.626813753383367,127.0
block.5.attn.q_post,4,0.5,cfg_conditional,163840,1.9505007089241362,0.021609272626182834,0.011078833515575674,0.016740786740774637,0.9999386353792861,0.0140380859375,17.576563076710137,127.0
block.5.attn.q_post,4,0.5,cfg_null,163840,1.9511873558394373,0.021466014175336036,0.011001513571258746,0.016783494669152788,0.9999394849349061,0.0128173828125,17.590365672674704,127.0
block.5.attn.q_post,4,0.5,plain,163840,1.9570931127221642,0.020320589630269767,0.01038304692718754,0.0167070405629147,0.9999460949628429,0.01220703125,17.625290277436022,127.0
block.5.attn.q_post,5,0.375,cfg_conditional,163840,1.9564962639486791,0.02237364845445031,0.01143556921969016,0.0167989116579065,0.9999346271403582,0.02197265625,17.571646622785433,127.0
block.5.attn.q_post,5,0.375,cfg_null,163840,1.95706583166914,0.022441051771129737,0.011466682115639533,0.01676517102832804,0.9999342766813137,0.0225830078125,17.579552357591044,127.0
block.5.attn.q_post,5,0.375,plain,163840,1.9634365050373235,0.021155620233984474,0.010774792146172468,0.016738593887544083,0.9999419539304857,0.0164794921875,17.612977515994096,127.0
block.5.attn.q_post,6,0.25,cfg_conditional,163840,1.9591122689051668,0.022526079561840558,0.011498105503891855,0.01674515291113039,0.9999339171727023,0.025634765625,17.55013533464567,127.0
block.5.attn.q_post,6,0.25,cfg_null,163840,1.9597736734957942,0.022499816054086852,0.011480823708562354,0.016750350834718118,0.9999341161172413,0.0244140625,17.55594088336614,127.0
block.5.attn.q_post,6,0.25,plain,163840,1.9657872250329076,0.021383224004094002,0.010877689981801587,0.016707378968499144,0.9999408459100522,0.02197265625,17.593864380843996,127.0
block.5.attn.q_post,7,0.125,cfg_conditional,163840,1.9573936576275055,0.022014157724355738,0.011246668567956022,0.016672382002911944,0.9999367695974948,0.02197265625,17.495069128321852,127.0
block.5.attn.q_post,7,0.125,cfg_null,163840,1.9584592905207203,0.02175469086054556,0.01110806385705437,0.01666986768350398,0.9999383186054969,0.0238037109375,17.505108690637304,127.0
block.5.attn.q_post,7,0.125,plain,163840,1.9647309609184331,0.021396345439336273,0.010890216454539067,0.016657139417202416,0.9999407229740346,0.0213623046875,17.547477662093996,127.0
block.5.attn.q_pre,0,1.0,cfg_conditional,163840,2.2433648509472355,1.0337621254132525,0.4608087378104182,0.054379498626682475,0.892002906461508,0.1251220703125,12.143290362020178,127.0
block.5.attn.q_pre,0,1.0,cfg_null,163840,2.219607239558429,1.012718001358963,0.4562600010083019,0.053677030938432325,0.8942985564738452,0.11474609375,12.057812307763287,127.0
block.5.attn.q_pre,0,1.0,plain,163840,2.23091467273424,1.02659988772695,0.46016994745421386,0.05412983267184472,0.8923595011764199,0.1251220703125,12.071826364111713,127.0
block.5.attn.q_pre,1,0.875,cfg_conditional,163840,2.17866171430397,0.9292530778229139,0.42652472007100367,0.05108930905249025,0.9082657240018855,0.1190185546875,12.070192352054626,127.0
block.5.attn.q_pre,1,0.875,cfg_null,163840,2.1645555716318645,0.9216295440487241,0.42578234355697553,0.05084088783062768,0.9086528868114034,0.1153564453125,11.999353123462106,127.0
block.5.attn.q_pre,1,0.875,plain,163840,2.1636171665172235,0.9355623237721256,0.43240659126313974,0.051266873255163145,0.9056789344828592,0.123291015625,11.9166000246063,127.0
block.5.attn.q_pre,2,0.75,cfg_conditional,163840,1.9727841915545123,0.7804676837529028,0.3956173650894428,0.046272778297667114,0.922146192554312,0.101318359375,11.091106745201772,127.0
block.5.attn.q_pre,2,0.75,cfg_null,163840,1.957335389089561,0.7776109588695543,0.3972803859798672,0.04612090048520372,0.9215388791249325,0.1007080078125,10.98750076894685,127.0
block.5.attn.q_pre,2,0.75,plain,163840,1.9384457345797461,0.77984170938412,0.4023025744144389,0.046236399143762694,0.9195684541551614,0.0994873046875,10.843529888964074,127.0
block.5.attn.q_pre,3,0.625,cfg_conditional,163840,1.7985268261620355,0.6820045084803041,0.37920174364908804,0.043147406979913684,0.9293319207402231,0.09765625,10.08668914554626,127.0
block.5.attn.q_pre,3,0.625,cfg_null,163840,1.787842547732685,0.6809238928567478,0.38086345675142663,0.043044436841778125,0.9287617363620252,0.09765625,10.011731245386319,127.0
block.5.attn.q_pre,3,0.625,plain,163840,1.7599729088982525,0.684709869749051,0.3890456871734924,0.043241198036590586,0.9257572533971055,0.09765625,9.79969895730807,127.0
block.5.attn.q_pre,4,0.5,cfg_conditional,163840,1.6591612185261968,0.60536326017585,0.3648610233992712,0.04064346329116901,0.9353489367970632,0.09765625,9.270351139579232,127.0
block.5.attn.q_pre,4,0.5,cfg_null,163840,1.6538000250720029,0.6057256467756503,0.3662629323937024,0.04068096256711371,0.9348681700693233,0.09765625,9.234109713336615,127.0
block.5.attn.q_pre,4,0.5,plain,163840,1.6234795095077372,0.6136454947250172,0.3779816690825272,0.04092658633350297,0.9307911575106834,0.09765625,8.982236366572343,127.0
block.5.attn.q_pre,5,0.375,cfg_conditional,163840,1.5520680275898981,0.5370267015109701,0.34600719296104737,0.03858441038685996,0.942516537394146,0.09765625,8.69930237296998,127.0
block.5.attn.q_pre,5,0.375,cfg_null,163840,1.548510269589462,0.5362752945783741,0.3463169118797968,0.03849485629068709,0.9424197273298109,0.09765625,8.680592934916339,127.0
block.5.attn.q_pre,5,0.375,plain,163840,1.5230527722204603,0.5534387631412834,0.363374646785498,0.039088078111767996,0.9367526640031623,0.09765625,8.425307386503444,127.0
block.5.attn.q_pre,6,0.25,cfg_conditional,163840,1.4636110671722684,0.47127833831492105,0.32199697644090797,0.036532668723423714,0.9507544915015237,0.09765625,8.27587217796506,127.0
block.5.attn.q_pre,6,0.25,cfg_null,163840,1.4607241218606104,0.47044184621575436,0.3220607089150584,0.0365174467602067,0.9507580095196726,0.09765625,8.258469949557087,127.0
block.5.attn.q_pre,6,0.25,plain,163840,1.440375054305003,0.4927510904622782,0.3420991560424074,0.03715218900231321,0.9445416272210554,0.09765625,8.027175542876476,127.0
block.5.attn.q_pre,7,0.125,cfg_conditional,163840,1.3441472896961122,0.3947079714572617,0.2936493451893194,0.03413667469465267,0.9597262569723561,0.09765625,7.642207108144685,127.0
block.5.attn.q_pre,7,0.125,cfg_null,163840,1.3405690054797592,0.3923555528460938,0.29267837108144884,0.03406699747342756,0.960004800753068,0.09765625,7.628615972563976,127.0
block.5.attn.q_pre,7,0.125,plain,163840,1.3259572146673542,0.42001286069668115,0.3167620011042745,0.034871897049863064,0.9532430032697181,0.09765625,7.419058732160433,127.0
block.5.attn.softmax,0,1.0,cfg_conditional,327680,0.062260394202248825,0.001651664613438509,0.02652833530210529,0.0011056978507265,0.9996483584509529,0.0,1.538405531034695,126.0
block.5.attn.softmax,0,1.0,cfg_null,327680,0.06237671142788982,0.001647424177541629,0.026410885406264524,0.0011020431532537955,0.9996513307389718,0.0,1.5376221664308563,126.0
block.5.attn.softmax,0,1.0,plain,327680,0.0623004747061203,0.0016562044625741564,0.026584138730670913,0.0011100386536398057,0.9996468778566452,0.0,1.5388188399667815,126.0
block.5.attn.softmax,1,0.875,cfg_conditional,327680,0.06291962393648148,0.0015860151291330236,0.02520700267907092,0.0010279930141673227,0.9996824297559724,0.0,1.5376918522391732,126.0
block.5.attn.softmax,1,0.875,cfg_null,327680,0.06288956602550881,0.001587652329279452,0.02524508324060433,0.0010298033692015978,0.999681460701345,0.0,1.5374323326771653,126.0
block.5.attn.softmax,1,0.875,plain,327680,0.0630633091806276,0.0015873538548938475,0.025170798607274267,0.001029952292774914,0.999683413039584,0.0,1.5376990611158956,126.0
block.5.attn.softmax,2,0.75,cfg_conditional,327680,0.06300664935560633,0.0015896138246076818,0.025229302634964475,0.0010361528649998773,0.9996818592591277,0.0,1.5367090420460139,126.0
block.5.attn.softmax,2,0.75,cfg_null,327680,0.06263385199385349,0.0016025849047826186,0.02558656148020222,0.0010518338731235186,0.9996727695973912,0.0,1.5367739219365157,126.0
block.5.attn.softmax,2,0.75,plain,327680,0.06290600777163721,0.0016061488413622491,0.02553251904321963,0.001059794683090753,0.9996741568290423,0.0,1.536324568620817,126.0
block.5.attn.softmax,3,0.625,cfg_conditional,327680,0.06664074483860181,0.001542605545835516,0.023148083797256087,0.0009791255733015687,0.9997322448080119,0.0,1.5385521115280512,127.0
block.5.attn.softmax,3,0.625,cfg_null,327680,0.06631509068868903,0.001554562190934759,0.023442057830132947,0.0009925635236751498,0.9997253447754104,0.0,1.537586122047244,127.0
block.5.attn.softmax,3,0.625,plain,327680,0.06617967435057934,0.0015688922098972525,0.023706556813595417,0.0010144752136167616,0.9997191860637515,0.0,1.536439910648376,127.0
block.5.attn.softmax,4,0.5,cfg_conditional,327680,0.06965717167066773,0.0015099472169920261,0.021676837872931565,0.0009388877298898011,0.999765135354829,0.0,1.5382877860482282,127.0
block.5.attn.softmax,4,0.5,cfg_null,327680,0.0695029623606191,0.0015143688004017866,0.02178855042961218,0.0009445359295268089,0.9997626601471737,0.0,1.5379802073080708,127.0
block.5.attn.softmax,4,0.5,plain,327680,0.06897162419167062,0.001538670690769328,0.022308749558998295,0.0009748743740992159,0.9997512757095326,0.0,1.537355437992126,127.0
block.5.attn.softmax,5,0.375,cfg_conditional,327680,0.07179245085060959,0.0014826150041777092,0.02065140535824346,0.0009070031675802986,0.9997868256817997,0.0,1.538946196788878,127.0
block.5.attn.softmax,5,0.375,cfg_null,327680,0.07173686532598413,0.0014848248639730075,0.020698212240327467,0.0009097207276405957,0.9997858777398001,0.0,1.5389077494463583,127.0
block.5.attn.softmax,5,0.375,plain,327680,0.07107503431564073,0.0015036127138975577,0.021155286499336567,0.0009362148490436922,0.9997762948798343,0.0,1.5371463805671752,127.0
block.5.attn.softmax,6,0.25,cfg_conditional,327680,0.07344987364176271,0.0014532528135258868,0.019785640757039844,0.0008749344086486255,0.9998043336294231,0.0,1.5389990618848426,127.0
block.5.attn.softmax,6,0.25,cfg_null,327680,0.0734500053040981,0.0014538611743017877,0.019793887941634638,0.0008752750895073821,0.9998041498064123,0.0,1.5389485997477854,127.0
block.5.attn.softmax,6,0.25,plain,327680,0.0726791094490584,0.0014786432409400277,0.02034481781833644,0.0009056497624565556,0.9997930989852891,0.0,1.538215697281004,127.0
block.5.attn.softmax,7,0.125,cfg_conditional,327680,0.07530826576761702,0.001423852641597107,0.018906990183398587,0.0008426982455297466,0.9998212948813264,0.0,1.538886122816191,127.0
block.5.attn.softmax,7,0.125,cfg_null,327680,0.07529081416736362,0.0014263205832054796,0.018944151407832007,0.0008441906032765146,0.9998206275194516,0.0,1.5390735536109743,127.0
block.5.attn.softmax,7,0.125,plain,327680,0.0743629470665037,0.0014536696372890556,0.01954830590548033,0.0008756232972690978,0.9998090344281093,0.0,1.538561723363681,127.0
block.5.attn.v,0,1.0,cfg_conditional,163840,1.0235578875881128,0.011726353222766469,0.011456463151681792,0.009797294029446135,0.999934372614765,0.015869140625,15.397310031680611,127.0
block.5.attn.v,0,1.0,cfg_null,163840,1.0094984873787263,0.011940716224718402,0.011828364652357017,0.009791899165053764,0.9999300428682806,0.010986328125,15.18315352792815,127.0
block.5.attn.v,0,1.0,plain,163840,1.0176134989800634,0.011971175678957825,0.011763970987959898,0.009800857580812306,0.9999308039177169,0.0152587890625,15.294400913508857,127.0
block.5.attn.v,1,0.875,cfg_conditional,163840,1.047614043228483,0.014030666467412491,0.013392972877848701,0.009890467510989964,0.9999103560618348,0.0244140625,15.906112550750493,127.0
block.5.attn.v,1,0.875,cfg_null,163840,1.0331709708139731,0.013772271550150664,0.013330099218041638,0.009848321704623686,0.9999111868035345,0.0213623046875,15.682401882381889,127.0
block.5.attn.v,1,0.875,plain,163840,1.034416782031521,0.013342815577827622,0.01289887771505725,0.00985322110082123,0.9999168561320351,0.023193359375,15.717547559362696,127.0
block.5.attn.v,2,0.75,cfg_conditional,163840,1.0362247619738925,0.01262654535983904,0.012185141509055314,0.00984228277800483,0.9999257645731505,0.0152587890625,15.893194243663878,127.0
block.5.attn.v,2,0.75,cfg_null,163840,1.02381242686004,0.012240394795087423,0.011955700550175821,0.009780437071414383,0.9999285284635203,0.010986328125,15.688995601624017,127.0
block.5.attn.v,2,0.75,plain,163840,1.0016409350865352,0.012121552959839823,0.012101694864130728,0.009814369890909802,0.9999267728940194,0.0103759765625,15.394921490526574,127.0
block.5.attn.v,3,0.625,cfg_conditional,163840,1.0062484686250253,0.011760856108088146,0.011687825099658149,0.009779344839994052,0.9999316950935897,0.0067138671875,15.560514194758857,127.0
block.5.attn.v,3,0.625,cfg_null,163840,1.0006124338337223,0.011716961066875675,0.011709789595541595,0.009771321128893362,0.9999314424905418,0.0048828125,15.469860167015256,127.0
block.5.attn.v,3,0.625,plain,163840,0.9657762929128446,0.011549005961012979,0.011958262017573882,0.00976985991781092,0.9999284978295401,0.0030517578125,14.98947023406742,127.0
block.5.attn.v,4,0.5,cfg_conditional,163840,0.9619779829024121,0.011361843397228831,0.01181091833614391,0.009762420747327383,0.9999302551446814,0.0018310546875,14.971741203248031,127.0
block.5.attn.v,4,0.5,cfg_null,163840,0.9599713512574639,0.011384311931628794,0.011859012163973972,0.009773705970049918,0.9999296823989388,0.0018310546875,14.933495709276574,127.0
block.5.attn.v,4,0.5,plain,163840,0.9268191401247569,0.011323746533361356,0.012217860036681044,0.00975269989690446,0.9999253663208445,0.001220703125,14.47687103992372,127.0
block.5.attn.v,5,0.375,cfg_conditional,163840,0.9242397421042184,0.011273676995711931,0.012197784278400675,0.00975165654715653,0.9999256120833021,0.0006103515625,14.432190421998031,127.0
block.5.attn.v,5,0.375,cfg_null,163840,0.9235320486546802,0.01126919317145942,0.012202276237056834,0.009746519725823433,0.9999255582880524,0.001220703125,14.419017401267224,127.0
block.5.attn.v,5,0.375,plain,163840,0.8930487180750146,0.01125464173502133,0.01260249469847619,0.009745467604776792,0.9999205979260645,0.0,13.987830454908957,125.0
block.5.attn.v,6,0.25,cfg_conditional,163840,0.8931791784191261,0.011272815820581735,0.012621001578355136,0.0097647302176334,0.9999203641369868,0.0,13.963219349778543,125.0
block.5.attn.v,6,0.25,cfg_null,163840,0.8931716949535589,0.011276091697894767,0.01262477501426092,0.009762281253096815,0.9999203135197597,0.0,13.959643746924213,125.0
block.5.attn.v,6,0.25,plain,163840,0.8649514285594769,0.011259053486455551,0.013016977733890569,0.009749278565665875,0.9999152898294785,0.0,13.553015040600394,117.0
block.5.attn.v,7,0.125,cfg_conditional,163840,0.8446278443628171,0.01127318057209985,0.013346920359468235,0.009767387534632377,0.9999109401630561,0.0,13.204883965920276,123.0
block.5.attn.v,7,0.125,cfg_null,163840,0.8442776069965429,0.01126056755873141,0.01333751773754852,0.009747095797669659,0.9999110601389056,0.0,13.200265478900098,125.0
block.5.attn.v,7,0.125,plain,163840,0.8184110706761061,0.011265667948103573,0.013765292713839727,0.009756103736009436,0.9999052847940815,0.0,12.81368225578248,110.0
block.5.mlp.activation_input,0,1.0,cfg_conditional,655360,0.943475244391289,0.011529638468564456,0.01222039320809434,0.009855258012971846,0.9999253335221462,0.0030517578125,14.58731223279097,127.0
block.5.mlp.activation_input,0,1.0,cfg_null,655360,0.9351182225661943,0.011451532101457999,0.01224607950643094,0.009850166759717038,0.999925019736874,0.003204345703125,14.46325347179503,127.0
block.5.mlp.activation_input,0,1.0,plain,655360,0.943708300943477,0.011436367058391034,0.012118540280887082,0.009841492301360088,0.9999265731160373,0.00274658203125,14.574186069758857,127.0
block.5.mlp.activation_input,1,0.875,cfg_conditional,655360,0.9601155801561053,0.011891137418604737,0.01238511036001661,0.009869761887185247,0.9999233031625081,0.004119873046875,14.945891372800812,127.0
block.5.mlp.activation_input,1,0.875,cfg_null,655360,0.9485234212885694,0.011861555038375682,0.012505284289408222,0.009866445032492743,0.999921809060666,0.00335693359375,14.767840528112696,127.0
block.5.mlp.activation_input,1,0.875,plain,655360,0.9626494203089007,0.011888850189273567,0.012350134886549458,0.00986371735467657,0.9999237348000618,0.00701904296875,14.950894333246186,127.0
block.5.mlp.activation_input,2,0.75,cfg_conditional,655360,0.9396380196658443,0.01400722450692977,0.014907043152544043,0.009911270038466303,0.9998889068175313,0.009613037109375,14.619129811684916,127.0
block.5.mlp.activation_input,2,0.75,cfg_null,655360,0.9278530112931904,0.013415267948543908,0.014458397812220759,0.009903796750132953,0.9998954842576506,0.009002685546875,14.440090149406373,127.0
block.5.mlp.activation_input,2,0.75,plain,655360,0.9254466180893538,0.014114427706242647,0.015251476887324764,0.009921113423844784,0.9998837546145508,0.01861572265625,14.335647943451649,127.0
block.5.mlp.activation_input,3,0.625,cfg_conditional,655360,0.9442294852230687,0.01858903399796062,0.019686987420827123,0.009979355744145834,0.9998063900010185,0.01678466796875,14.689291405865527,127.0
block.5.mlp.activation_input,3,0.625,cfg_null,655360,0.936870107173991,0.018814477991133338,0.020082269513205,0.009997942221219169,0.9997985312936385,0.01678466796875,14.57365020992249,127.0
block.5.mlp.activation_input,3,0.625,plain,655360,0.9256290125784895,0.01972097804349205,0.021305488241510573,0.010093674719191582,0.9997738848591311,0.039215087890625,14.307349497877707,127.0
block.5.mlp.activation_input,4,0.5,cfg_conditional,655360,0.9362748627107491,0.02158255428351088,0.02305151525805574,0.010034702700678366,0.9997347895173293,0.024566650390625,14.603749673197589,127.0
block.5.mlp.activation_input,4,0.5,cfg_null,655360,0.932531102348929,0.02176810748129726,0.023343036416121805,0.010053011155235315,0.9997280436188467,0.02471923828125,14.542009248508244,127.0
block.5.mlp.activation_input,4,0.5,plain,655360,0.9227955520065242,0.025840961215445657,0.028002910459697317,0.010289439545073564,0.9996107793244499,0.056915283203125,14.275024894654281,127.0
block.5.mlp.activation_input,5,0.375,cfg_conditional,655360,0.931564668296639,0.023852064057561975,0.02560430302833978,0.010100667369417815,0.9996731069936118,0.03265380859375,14.597236453078864,127.0
block.5.mlp.activation_input,5,0.375,cfg_null,655360,0.9300091479687256,0.02379532802269745,0.02558612253940715,0.010096068865227403,0.9996736053232956,0.033721923828125,14.573119156003937,127.0
block.5.mlp.activation_input,5,0.375,plain,655360,0.9224574353548252,0.03039086625231191,0.03294554858308665,0.010423388653028364,0.9994626509354576,0.06988525390625,14.327357735220842,127.0
block.5.mlp.activation_input,6,0.25,cfg_conditional,655360,0.9338905955299676,0.0257646137820841,0.027588471182176437,0.010161203945938002,0.9996208745252213,0.04058837890625,14.700492798812746,127.0
block.5.mlp.activation_input,6,0.25,cfg_null,655360,0.9332899577708124,0.025874571066699936,0.027724043156429144,0.010166647296104702,0.9996171262771515,0.041046142578125,14.688380684439592,127.0
block.5.mlp.activation_input,6,0.25,plain,655360,0.9282231385665608,0.03386677611165291,0.036485597809975734,0.010528443207846872,0.99934207834419,0.080718994140625,14.485999880813239,127.0
block.5.mlp.activation_input,7,0.125,cfg_conditional,655360,0.9361658250006468,0.025789194628402103,0.02754767792168047,0.010166486135500596,0.9996218869585028,0.039520263671875,14.769040806086982,127.0
block.5.mlp.activation_input,7,0.125,cfg_null,655360,0.9356046319343215,0.02591714315820315,0.02770095644419865,0.010163042118223942,0.9996177199824601,0.03936767578125,14.757255494125246,127.0
block.5.mlp.activation_input,7,0.125,plain,655360,0.9327679647648582,0.033380985138714986,0.035787019279902056,0.010503359617293428,0.9993665128410415,0.077362060546875,14.608267235943652,127.0
block.5.mlp.activation_output,0,1.0,cfg_conditional,655360,0.9595218145177715,0.020285474878388245,0.021141233655623714,0.011612428348837512,0.9997802727910445,0.003814697265625,3.589620515117495,127.0
block.5.mlp.activation_output,0,1.0,cfg_null,655360,0.9429218709840398,0.0199218323681665,0.021127765704889143,0.011608096726797612,0.9997807282732272,0.003814697265625,3.544380007766363,127.0
block.5.mlp.activation_output,0,1.0,plain,655360,0.9544373579296539,0.02042153793547501,0.021396415140091534,0.011624070649503437,0.9997746240866451,0.004425048828125,3.568703959307333,127.0
block.5.mlp.activation_output,1,0.875,cfg_conditional,655360,1.0117229052366619,0.02614994250986985,0.025846941266742265,0.011852481422124583,0.9996671403682785,0.0091552734375,3.8260380301888532,127.0
block.5.mlp.activation_output,1,0.875,cfg_null,655360,0.9862458297582624,0.02315183472094896,0.023474709876972238,0.01186915344934505,0.9997266909448355,0.006103515625,3.744021438238189,127.0
block.5.mlp.activation_output,1,0.875,plain,655360,1.0025371877352964,0.021243994614756494,0.021190231020503176,0.011843963282456117,0.9997784468167379,0.00579833984375,3.8003383846733514,127.0
block.5.mlp.activation_output,2,0.75,cfg_conditional,655360,0.9813590738364305,0.029902936934885715,0.030470943543616565,0.01246383346125981,0.9995367199572452,0.00885009765625,3.8364933043953,127.0
block.5.mlp.activation_output,2,0.75,cfg_null,655360,0.9554966756792364,0.02676612414107768,0.028012786252814934,0.01242637042195156,0.9996098588223358,0.0067138671875,3.7469146007627954,127.0
block.5.mlp.activation_output,2,0.75,plain,655360,0.9285478791328672,0.020659603579376806,0.022249368119466238,0.012439528896439355,0.999758459371607,0.00213623046875,3.681697094534326,127.0
block.5.mlp.activation_output,3,0.625,cfg_conditional,655360,0.9874165708265674,0.030203829832238897,0.030588741089239813,0.012840957528166542,0.9995335798874315,0.00946044921875,3.9766230545644685,127.0
block.5.mlp.activation_output,3,0.625,cfg_null,655360,0.9712717496190453,0.028436229657258075,0.02927731571355947,0.012825136680783089,0.9995734059488347,0.00823974609375,3.9186492679625986,127.0
block.5.mlp.activation_output,3,0.625,plain,655360,0.9207548071907693,0.02070748885020742,0.02248968855605125,0.012860180477775884,0.9997545959182174,0.0018310546875,3.7773985374630907,127.0
block.5.mlp.activation_output,4,0.5,cfg_conditional,655360,0.9699992931639967,0.02542453856268373,0.026210883597401993,0.01326677435303054,0.9996606204951217,0.00579833984375,4.057601568267101,127.0
block.5.mlp.activation_output,4,0.5,cfg_null,655360,0.9624205177170189,0.025033747244783352,0.026011236028266015,0.013291054979640648,0.9996661877491393,0.0054931640625,4.030568280557948,127.0
block.5.mlp.activation_output,4,0.5,plain,655360,0.9135114764042485,0.02053111619731121,0.022474940630330682,0.01331994600014923,0.999756219022308,0.00091552734375,3.878599151851624,127.0
block.5.mlp.activation_output,5,0.375,cfg_conditional,655360,0.9678486157957693,0.023065665528063224,0.023831893905327885,0.013779565652987458,0.9997230493443546,0.003509521484375,4.217582161970965,127.0
block.5.mlp.activation_output,5,0.375,cfg_null,655360,0.9640834346107421,0.02266510498051037,0.02350948493338818,0.013791945052290089,0.9997308465393447,0.003662109375,4.205880953570989,127.0
block.5.mlp.activation_output,5,0.375,plain,655360,0.9187998628544065,0.0209331898574144,0.022783187834162187,0.013923688941946465,0.9997509727895054,0.000762939453125,4.053470881905143,127.0
block.5.mlp.activation_output,6,0.25,cfg_conditional,655360,0.9992505719554773,0.02190967619121085,0.02192610823162687,0.014401811309926415,0.9997685449834881,0.002288818359375,4.528353233037032,127.0
block.5.mlp.activation_output,6,0.25,cfg_null,655360,0.9975781918957959,0.021696654618465785,0.02174932731561974,0.01440338119457465,0.9997724838210923,0.00244140625,4.521763118233268,127.0
block.5.mlp.activation_output,6,0.25,plain,655360,0.9553004946951955,0.021701877350638398,0.022717330799208624,0.014555911139939325,0.9997525557476507,0.0006103515625,4.375446950356792,127.0
block.5.mlp.activation_output,7,0.125,cfg_conditional,655360,1.1139739234861128,0.02186778395810689,0.019630427155487632,0.015262940793394363,0.9998135324409422,0.000762939453125,5.098881759042815,127.0
block.5.mlp.activation_output,7,0.125,cfg_null,655360,1.1123083543930985,0.021823066542585767,0.019619619376582804,0.015244415167856573,0.9998137701041198,0.000762939453125,5.091242752675935,127.0
block.5.mlp.activation_output,7,0.125,plain,655360,1.073436494558425,0.022248208442312695,0.02072615245996909,0.015441046714363438,0.9997923226767237,0.000762939453125,4.954984169306718,127.0
block.5.mlp.input,0,1.0,cfg_conditional,163840,0.6963977722388953,0.013058935846090327,0.018752121799738515,0.011315207675940542,0.9998242202585608,0.0,8.342520646222933,99.0
block.5.mlp.input,0,1.0,cfg_null,163840,0.6918480660495274,0.01308033602995925,0.018906370736350177,0.011339529537541892,0.9998212942191037,0.0,8.269619678887794,96.0
block.5.mlp.input,0,1.0,plain,163840,0.6955903854633572,0.01305550957917991,0.018768962096109447,0.011302056727414822,0.9998238950451764,0.0,8.32277312992126,99.0
block.5.mlp.input,1,0.875,cfg_conditional,163840,0.7183400285388928,0.01305210359732346,0.01816981245479457,0.01130270860793985,0.9998349799374354,0.0,8.535218726931594,107.0
block.5.mlp.input,1,0.875,cfg_null,163840,0.7110470150522306,0.013035598982385188,0.018332963512163323,0.011278270276561564,0.9998320012677855,0.0,8.438244917261319,100.0
block.5.mlp.input,1,0.875,plain,163840,0.7158062269964547,0.0130484078528711,0.018228966668287626,0.011302134278385889,0.9998339045745853,0.0,8.487111489603839,101.0
block.5.mlp.input,2,0.75,cfg_conditional,163840,0.7005325957004117,0.01303550152180902,0.018607987125532348,0.011282091530114613,0.9998268978930549,0.0,8.206988957923228,105.0
block.5.mlp.input,2,0.75,cfg_null,163840,0.6931610168581107,0.013054050037643521,0.01883263732402838,0.011307791103227771,0.9998227333571861,0.0,8.116060992864174,105.0
block.5.mlp.input,2,0.75,plain,163840,0.6859986426818702,0.013049127356627792,0.01902208917733863,0.011294813990135566,0.9998191318051307,0.0,7.99993560070128,103.0
block.5.mlp.input,3,0.625,cfg_conditional,163840,0.7006209451053306,0.013065798673461589,0.018648883914678414,0.011319584349230282,0.9998261204342562,0.0,8.159852515994094,107.0
block.5.mlp.input,3,0.625,cfg_null,163840,0.696206855192486,0.01304850781739461,0.01874228574463976,0.011296920969779477,0.9998244259510557,0.0,8.101979653666339,109.0
block.5.mlp.input,3,0.625,plain,163840,0.682592656906447,0.013044244665921394,0.01910985202366333,0.011292878243689231,0.9998174670325657,0.0,7.8929078109621065,106.0
block.5.mlp.input,4,0.5,cfg_conditional,163840,0.6941786799599637,0.013069720714691126,0.018827603169035548,0.011322421076084766,0.9998228353314133,0.0,8.032596618171752,108.0
block.5.mlp.input,4,0.5,cfg_null,163840,0.6921469116363761,0.013035940175366877,0.018834065364168515,0.011285501018428068,0.999822689064038,0.0,8.001492718073326,108.0
block.5.mlp.input,4,0.5,plain,163840,0.6796264384145497,0.013037913851875065,0.01918394152277279,0.01128288163713691,0.9998160359136624,0.0,7.798212006336122,108.0
block.5.mlp.input,5,0.375,cfg_conditional,163840,0.6941152212922663,0.013050558362256706,0.018801717585100467,0.011298785160298409,0.9998232896942579,0.0,7.955466443159449,113.0
block.5.mlp.input,5,0.375,cfg_null,163840,0.693605726269335,0.013048893116048945,0.018813127720606376,0.011301986040021106,0.9998230804555328,0.0,7.944114865280512,113.0
block.5.mlp.input,5,0.375,plain,163840,0.6827437829726496,0.013059939376997055,0.019128609740149374,0.011308565030810768,0.9998171089159786,0.0,7.749729907418799,113.0
block.5.mlp.input,6,0.25,cfg_conditional,163840,0.7031273952153367,0.013078020828881787,0.01859978848481159,0.011334398448529636,0.9998270672714927,0.0,7.962353323388287,119.0
block.5.mlp.input,6,0.25,cfg_null,163840,0.7030707118784232,0.01304675364834353,0.018556815734061764,0.01129197052841704,0.9998278696870889,0.0,7.961622823880413,118.0
block.5.mlp.input,6,0.25,plain,163840,0.6942224591321516,0.013055724064707456,0.0188062542387759,0.011302379941939477,0.9998232355670384,0.0,7.778065598855807,119.0
block.5.mlp.input,7,0.125,cfg_conditional,163840,0.7156362324803609,0.013037676078842998,0.018218300705171168,0.01128586821526767,0.9998341024145457,0.0,8.020701971579724,123.0
block.5.mlp.input,7,0.125,cfg_null,163840,0.7152720386522825,0.013043634865346591,0.018235907683352818,0.01130406244466542,0.9998337731686932,0.0,8.019168883796752,123.0
block.5.mlp.input,7,0.125,plain,163840,0.7082249638071902,0.01302149161413483,0.01838609520926157,0.011269966894742823,0.9998310011408502,0.0,7.848823126845472,123.0
block.6.attn.input,0,1.0,cfg_conditional,163840,0.8053875895491088,0.030644251762248612,0.03804907371294932,0.01199323814631299,0.9994168766484153,0.675048828125,10.107195996862696,127.0
block.6.attn.input,0,1.0,cfg_null,163840,0.8003200856875741,0.033228088207706306,0.04151849841324332,0.012343578852273041,0.9993332289762348,0.6927490234375,9.98169906496063,127.0
block.6.attn.input,0,1.0,plain,163840,0.8035803997551744,0.03136703869558376,0.03903410126123075,0.012059099252969574,0.9993913403657886,0.67138671875,10.064365657295768,127.0
block.6.attn.input,1,0.875,cfg_conditional,163840,0.8730313010706222,0.05149402004752374,0.058983016971298985,0.013894169253659428,0.9986377114066863,0.7196044921875,11.06622650867372,127.0
block.6.attn.input,1,0.875,cfg_null,163840,0.8652103316059311,0.05206403874497307,0.060175008137427294,0.013972279923616538,0.9985980468109986,0.72998046875,10.932098148375983,127.0
block.6.attn.input,1,0.875,plain,163840,0.868698635859338,0.051969655300805315,0.05982472304609487,0.013911429258865127,0.9986035431790069,0.718994140625,10.9967041015625,127.0
block.6.attn.input,2,0.75,cfg_conditional,163840,0.8277653685247217,0.01169671891391352,0.014130476290352549,0.009920773733558975,0.9999001682581417,0.0091552734375,11.0490982175812,127.0
block.6.attn.input,2,0.75,cfg_null,163840,0.8174002368438215,0.01161492098515306,0.014209588475287282,0.009891417825429016,0.9998990499056769,0.0018310546875,10.9052474855438,127.0
block.6.attn.input,2,0.75,plain,163840,0.806034130870385,0.011485095462243543,0.014248894708517515,0.009932457263867888,0.999898495596642,0.015869140625,10.73429137703002,127.0
block.6.attn.input,3,0.625,cfg_conditional,163840,0.7888575497873132,0.011547197014808878,0.01463787348922776,0.009881428842784956,0.9998928679619716,0.00244140625,10.913672259473426,127.0
block.6.attn.input,3,0.625,cfg_null,163840,0.7831726879551195,0.0114662017124016,0.014640706818237106,0.009885215292028704,0.9998928340450591,0.001220703125,10.839526559424213,127.0
block.6.attn.input,3,0.625,plain,163840,0.7613848720053904,0.011417423133815536,0.014995600193294495,0.009892224540482174,0.9998875965142879,0.0,10.517260934424213,123.0
block.6.attn.input,4,0.5,cfg_conditional,163840,0.7450347384545187,0.011434236972463182,0.015347253466572678,0.00990165931370619,0.9998822582552179,0.0,10.593598132997048,121.0
block.6.attn.input,4,0.5,cfg_null,163840,0.7427967794094664,0.011407808831443473,0.015357913695469759,0.009882102447324926,0.9998820825269583,0.0,10.56691087137057,119.0
block.6.attn.input,4,0.5,plain,163840,0.7197817240775854,0.011430851514968794,0.01588099715871177,0.009901350099221773,0.9998739333100594,0.0,10.227901428703248,113.0
block.6.attn.input,5,0.375,cfg_conditional,163840,0.7078665486147949,0.011429545255897169,0.016146468961223466,0.009903990100696269,0.9998696760135496,0.0,10.259322519377461,115.0
block.6.attn.input,5,0.375,cfg_null,163840,0.706992969950838,0.011442575932271333,0.016184851078599852,0.009915079862765097,0.9998690301138052,0.0,10.250450795091043,111.0
block.6.attn.input,5,0.375,plain,163840,0.684576912195078,0.011437836886793956,0.016707891667159545,0.009912687593164549,0.9998604606894157,0.0,9.91461806409941,104.0
block.6.attn.input,6,0.25,cfg_conditional,163840,0.6725934280525397,0.011443172327764983,0.017013506005995493,0.00991468584773969,0.9998552970171137,0.0,9.862459438053643,103.0
block.6.attn.input,6,0.25,cfg_null,163840,0.6724998398338012,0.011436480940007881,0.017005923663616404,0.009906347950804672,0.9998554260615863,0.0,9.865511195866143,102.0
block.6.attn.input,6,0.25,plain,163840,0.6517925538969178,0.01141775320019643,0.017517464923359906,0.009884047479611979,0.9998466192669073,0.0,9.542423758919783,100.0
block.6.attn.input,7,0.125,cfg_conditional,163840,0.6185891739700279,0.0114129896276125,0.01845003130973884,0.009879833840065544,0.9998298546163696,0.0,9.066599447896161,93.0
block.6.attn.input,7,0.125,cfg_null,163840,0.6182620595486279,0.011448442835419513,0.018517136315590238,0.009912350053258478,0.9998285900653541,0.0,9.06604676734744,92.0
block.6.attn.input,7,0.125,plain,163840,0.5997693255652973,0.011439417622204032,0.019073028803902402,0.009907271739594848,0.9998181751471491,0.0,8.759409987081693,103.0
block.6.attn.k_post,0,1.0,cfg_conditional,163840,2.19849352297866,0.03791981097227385,0.017248088555156468,0.016522314159510644,0.9998534699493173,0.2679443359375,20.670867679625985,127.0
block.6.attn.k_post,0,1.0,cfg_null,163840,2.198420708072945,0.038517123777650375,0.017520360700847414,0.01655601807073026,0.9998488179818461,0.2642822265625,20.670420729269193,127.0
block.6.attn.k_post,0,1.0,plain,163840,2.1983007065841393,0.039018450838273634,0.01774936919294495,0.016549675406099595,0.9998450149562463,0.28076171875,20.67126176488681,127.0
block.6.attn.k_post,1,0.875,cfg_conditional,163840,2.1954975726554293,0.03747452545067784,0.017068807507426585,0.016480584255475605,0.9998565855573934,0.2679443359375,20.642113873339074,127.0
block.6.attn.k_post,1,0.875,cfg_null,163840,2.1952005816278524,0.0376211332081931,0.017137902350725112,0.016521835422020105,0.9998554661791512,0.2740478515625,20.633357491080215,127.0
block.6.attn.k_post,1,0.875,plain,163840,2.19578875368361,0.03968404376593532,0.018072796711141807,0.016570861759328183,0.9998394510645755,0.272216796875,20.632377083845963,127.0
block.6.attn.k_post,2,0.75,cfg_conditional,163840,2.1900339405288167,0.033013308746438416,0.015074336582412442,0.016160750012886638,0.999887680315231,0.2191162109375,20.68604476808563,127.0
block.6.attn.k_post,2,0.75,cfg_null,163840,2.1899315470227445,0.03283307650656215,0.014992741006539391,0.016137180492501103,0.9998889759064693,0.220947265625,20.688120924581693,127.0
block.6.attn.k_post,2,0.75,plain,163840,2.1907789256472645,0.033968191401407236,0.015505074931908683,0.016271155726644792,0.9998813423220626,0.235595703125,20.675779327632874,127.0
block.6.attn.k_post,3,0.625,cfg_conditional,163840,2.189020990372736,0.03297043799508853,0.015061727658205088,0.01612878713358441,0.999887786374015,0.2093505859375,20.703264371616633,127.0
block.6.attn.k_post,3,0.625,cfg_null,163840,2.1888752723169294,0.032889503152317374,0.015025754810370608,0.01613837809982215,0.9998883678484035,0.2105712890625,20.704826294906496,127.0
block.6.attn.k_post,3,0.625,plain,163840,2.1899445207446644,0.03307679143528925,0.01510394036102882,0.01617659679291137,0.9998872678673016,0.21484375,20.684132012795274,127.0
block.6.attn.k_post,4,0.5,cfg_conditional,163840,2.1900256174392116,0.03378413172247002,0.015426363716226148,0.016140443764948033,0.9998823434949146,0.208740234375,20.720661794106793,127.0
block.6.attn.k_post,4,0.5,cfg_null,163840,2.1897951481576605,0.033569633903295454,0.015330033921912093,0.016102271429804204,0.9998837743559982,0.20263671875,20.72140671136811,127.0
block.6.attn.k_post,4,0.5,plain,163840,2.1904667904225477,0.03319421519664149,0.015153945881205633,0.016097980592076056,0.9998865098038894,0.2191162109375,20.701635165477363,127.0
block.6.attn.k_post,5,0.375,cfg_conditional,163840,2.1905631959689997,0.03394796293706269,0.015497367526092185,0.016123623837324887,0.9998811639224728,0.2008056640625,20.73934720257136,127.0
block.6.attn.k_post,5,0.375,cfg_null,163840,2.190231752587399,0.033776802234493905,0.015421565409501604,0.01610416451958372,0.9998822927501894,0.201416015625,20.73978454109252,127.0
block.6.attn.k_post,5,0.375,plain,163840,2.1905945330271153,0.03308912074754744,0.015105086883341484,0.01605643564325874,0.9998870931232903,0.201416015625,20.724429633673722,127.0
block.6.attn.k_post,6,0.25,cfg_conditional,163840,2.1900244780310407,0.034029141332292526,0.015538247025844524,0.01609945514460378,0.9998804801657399,0.1910400390625,20.75565368171752,127.0
block.6.attn.k_post,6,0.25,cfg_null,163840,2.1898794194396847,0.03370970478512753,0.015393406817692589,0.016034935140373817,0.9998826619322947,0.191650390625,20.754207100455215,127.0
block.6.attn.k_post,6,0.25,plain,163840,2.1900113728070183,0.03302264859242696,0.015078756668784152,0.016064220755492898,0.999887447633079,0.2001953125,20.73945293276329,127.0
block.6.attn.k_post,7,0.125,cfg_conditional,163840,2.1891006978929486,0.034400835171166565,0.015714596959508546,0.01607912705774197,0.9998777516599845,0.201416015625,20.762574203371063,127.0
block.6.attn.k_post,7,0.125,cfg_null,163840,2.1888531571910623,0.03453784800483693,0.01577896986436453,0.016076624558741058,0.9998767951087314,0.198974609375,20.7572540523499,127.0
block.6.attn.k_post,7,0.125,plain,163840,2.188311064107141,0.033050958917609966,0.015103409866958371,0.015980626419536747,0.9998870601337206,0.205078125,20.74577271468996,127.0
block.6.attn.k_pre,0,1.0,cfg_conditional,163840,1.9430509523909603,0.03121538745761974,0.016065140967718126,0.027027455426993186,0.9998709776785926,0.0,10.531433586060531,108.0
block.6.attn.k_pre,0,1.0,cfg_null,163840,1.9314708669347571,0.03128447490259583,0.016197228463634177,0.027114467571058752,0.9998688638211893,0.0,10.478539654589074,108.0
block.6.attn.k_pre,0,1.0,plain,163840,1.9383643116668077,0.031211361233412026,0.016101906667159615,0.02702605919762675,0.9998703945124529,0.0,10.501656119279035,108.0
block.6.attn.k_pre,1,0.875,cfg_conditional,163840,1.9705661099991998,0.031157844760225654,0.015811621138779406,0.02695473852768231,0.99987502475467,0.0,10.701558270792322,110.0
block.6.attn.k_pre,1,0.875,cfg_null,163840,1.9598322819847993,0.03121048034837678,0.01592507717893528,0.02702226874677933,0.9998732143094153,0.0,10.640854722871556,112.0
block.6.attn.k_pre,1,0.875,plain,163840,1.9628712106461186,0.03125876934059193,0.015925023084067996,0.027090580954885014,0.9998732209471012,0.0,10.653090589628444,106.0
block.6.attn.k_pre,2,0.75,cfg_conditional,163840,1.825003724070261,0.031205508849418452,0.017098874066854817,0.02700712158721217,0.9998538369090513,0.0,9.984001099593996,104.0
block.6.attn.k_pre,2,0.75,cfg_null,163840,1.8050612911454715,0.031247936457707386,0.01731128832632481,0.027064316080775086,0.9998501788716413,0.0,9.885032834030511,103.0
block.6.attn.k_pre,2,0.75,plain,163840,1.7981899685913858,0.031221387912223467,0.017362674944005375,0.02703425377026747,0.9998492896357283,0.0,9.845210999015748,97.0
block.6.attn.k_pre,3,0.625,cfg_conditional,163840,1.690835151594122,0.03118052502692203,0.018440901821519966,0.026982119553053963,0.9998299917616026,0.0,9.262604000061517,93.0
block.6.attn.k_pre,3,0.625,cfg_null,163840,1.676683410891623,0.03125269767824253,0.018639593780929123,0.027069436175483474,0.9998263322286364,0.0,9.193403589443898,94.0
block.6.attn.k_pre,3,0.625,plain,163840,1.6555768203861498,0.031215021112325037,0.018854468562228593,0.027016871793436793,0.9998222861680475,0.0,9.083362489234744,92.0
block.6.attn.k_pre,4,0.5,cfg_conditional,163840,1.5821294684940292,0.031171335004961297,0.01970213919005765,0.0269762323856213,0.9998059741068588,0.0,8.684423251414863,85.0
block.6.attn.k_pre,4,0.5,cfg_null,163840,1.5743750158371523,0.03124218103830839,0.019844179896170284,0.027064277101926847,0.9998031996524873,0.0,8.646788109005906,85.0
block.6.attn.k_pre,4,0.5,plain,163840,1.5438083733488497,0.03125129183439228,0.0202429863536765,0.027070535719558107,0.9997951741779098,0.0,8.490422766978346,86.0
block.6.attn.k_pre,5,0.375,cfg_conditional,163840,1.4942473045369942,0.031216119208189997,0.02089086532959321,0.027036992455458632,0.9997818620600766,0.0,8.2176773191437,80.0
block.6.attn.k_pre,5,0.375,cfg_null,163840,1.4892121873670985,0.031251926364340606,0.02098554298000574,0.027083315560101084,0.9997798609855745,0.0,8.193359375,79.0
block.6.attn.k_pre,5,0.375,plain,163840,1.4569599428845186,0.031254395158929804,0.02145178754678164,0.027072455197870226,0.999769979619516,0.0,8.03300031526821,78.0
block.6.attn.k_pre,6,0.25,cfg_conditional,163840,1.4092259821966804,0.03122246524703066,0.022155754748689454,0.027033845689314263,0.9997546532767895,0.0,7.773004967396654,74.0
block.6.attn.k_pre,6,0.25,cfg_null,163840,1.4062815528105206,0.031177543608565377,0.022170200232133865,0.02697794560369431,0.9997543617949215,0.0,7.758327694389764,73.0
block.6.attn.k_pre,6,0.25,plain,163840,1.376688211517545,0.031186254004837384,0.022653098750994815,0.027004292932066676,0.9997434710698245,0.0,7.6116318590059056,73.0
block.6.attn.k_pre,7,0.125,cfg_conditional,163840,1.277337644725114,0.03119923988528954,0.02442520974319495,0.027031034198631686,0.9997018555668599,0.0,7.081793837659941,65.0
block.6.attn.k_pre,7,0.125,cfg_null,163840,1.2746749217557147,0.03119767232240323,0.024475002834002654,0.02702593027115796,0.9997006053817762,0.0,7.068476639394685,66.0
block.6.attn.k_pre,7,0.125,plain,163840,1.2491458222798055,0.03124905317517063,0.025016337258478155,0.02706206993552627,0.9996873028557578,0.0,6.945747916154035,64.0
block.6.attn.output,0,1.0,cfg_conditional,163840,0.6342620878015169,0.008442133266531064,0.013310165354188577,0.007270437958846727,0.999911420887061,0.001220703125,12.83675066129429,127.0
block.6.attn.output,0,1.0,cfg_null,163840,0.6266848585699791,0.008397405669161,0.0133997264403721,0.007258694245798053,0.9999102425296207,0.001220703125,12.678631159264272,127.0
block.6.attn.output,0,1.0,plain,163840,0.6318422734908529,0.00840589140711069,0.013303781275458424,0.007269354604148211,0.9999115140894982,0.001220703125,12.791430856299213,127.0
block.6.attn.output,1,0.875,cfg_conditional,163840,0.684202614063211,0.008884462756266896,0.01298513418927992,0.007300725417665627,0.9999156913531813,0.01708984375,13.803590789554626,127.0
block.6.attn.output,1,0.875,cfg_null,163840,0.6763662813245894,0.008713316498283774,0.012882541218967475,0.00728175982962425,0.9999170169968026,0.0091552734375,13.671783687561517,127.0
block.6.attn.output,1,0.875,plain,163840,0.677377852930733,0.008476435881869816,0.012513600563106386,0.007279831585468084,0.9999217058350688,0.00732421875,13.707621416707678,127.0
block.6.attn.output,2,0.75,cfg_conditional,163840,0.6662218210558932,0.008890086490723134,0.01334403378837586,0.0072910572460275005,0.9999109652483482,0.0164794921875,13.47479872816191,127.0
block.6.attn.output,2,0.75,cfg_null,163840,0.6599222507956682,0.008767833852081566,0.013286161879691416,0.007290292578867827,0.9999117396685953,0.0146484375,13.365834153543307,127.0
block.6.attn.output,2,0.75,plain,163840,0.649239371866834,0.008457876268017925,0.013027361916912098,0.007282957565292457,0.9999151490998699,0.00244140625,13.197804848978839,127.0
block.6.attn.output,3,0.625,cfg_conditional,163840,0.6477479429104753,0.008982322183576153,0.013867002252784602,0.007310177804437205,0.9999038507317949,0.0152587890625,13.08639406219242,127.0
block.6.attn.output,3,0.625,cfg_null,163840,0.6449821467025197,0.00891146752474118,0.013816611157845505,0.00728660550316079,0.9999045511629557,0.0146484375,13.044712336983268,127.0
block.6.attn.output,3,0.625,plain,163840,0.6247928701884182,0.008431160203189654,0.013494328449438094,0.0072623611398996285,0.9999089536582412,0.001220703125,12.717208261564961,127.0
block.6.attn.output,4,0.5,cfg_conditional,163840,0.6278091489887959,0.008563284957525171,0.013639949292421022,0.0072898736225939925,0.9999069738673428,0.009765625,12.706068144069881,127.0
block.6.attn.output,4,0.5,cfg_null,163840,0.626990313796921,0.008601971180384662,0.01371946422631785,0.007277415205315307,0.9999058856226349,0.008544921875,12.6959228515625,127.0
block.6.attn.output,4,0.5,plain,163840,0.6040865647460429,0.008407014677077248,0.013916903913616326,0.007267798857572008,0.9999031667152,0.001220703125,12.323416161724902,127.0
block.6.attn.output,5,0.375,cfg_conditional,163840,0.6144983172082021,0.008430339910312548,0.013719061019749236,0.0072755849420516275,0.9999059119727216,0.0042724609375,12.458255797859252,127.0
block.6.attn.output,5,0.375,cfg_null,163840,0.6146661621465691,0.00843399127172366,0.01372125519691866,0.007256531108153623,0.9999058709830481,0.0054931640625,12.466507558747539,127.0
block.6.attn.output,5,0.375,plain,163840,0.5905538738722185,0.008384930821271988,0.014198418116018123,0.007262664804460192,0.9998992166186578,0.0,12.071350578248031,119.0
block.6.attn.output,6,0.25,cfg_conditional,163840,0.6038160081949345,0.008418706681086947,0.013942503290454452,0.007258210672313764,0.9999028156265809,0.001220703125,12.280965489665354,127.0
block.6.attn.output,6,0.25,cfg_null,163840,0.6047269567341568,0.008431893085173635,0.013943306133912545,0.007266339837257435,0.999902803870114,0.001220703125,12.296517439714567,127.0
block.6.attn.output,6,0.25,plain,163840,0.5809442423764819,0.008384193938807528,0.014432011417326583,0.007257483355464017,0.9998958647757121,0.0,11.907483198511319,122.0
block.6.attn.output,7,0.125,cfg_conditional,163840,0.5746938472571191,0.008382488055401992,0.014586006263003631,0.007257843225250048,0.9998936487660167,0.0,11.752199187992126,126.0
block.6.attn.output,7,0.125,cfg_null,163840,0.5744936896036386,0.008397488840914583,0.014617199445146695,0.0072728825893134,0.9998931893606432,0.0,11.745816929133857,124.0
block.6.attn.output,7,0.125,plain,163840,0.5525027624034191,0.008380584574425434,0.015168403028374744,0.007254337773377098,0.9998849873800073,0.0,11.385055902436024,119.0
block.6.attn.q_post,0,1.0,cfg_conditional,163840,1.908890294118982,0.01823154210572838,0.00955085903149969,0.01505969618422114,0.9999543895064511,0.0103759765625,18.806700218380904,127.0
block.6.attn.q_post,0,1.0,cfg_null,163840,1.9103412961409942,0.01826302745485564,0.009560086195983968,0.0150937153214727,0.9999543021528784,0.0091552734375,18.818239227054626,127.0
block.6.attn.q_post,0,1.0,plain,163840,1.9093660859662187,0.01799257581941789,0.009423324291587015,0.015048674105923966,0.9999556001098237,0.009765625,18.818594864972933,127.0
block.6.attn.q_post,1,0.875,cfg_conditional,163840,1.901625305211431,0.018586778260612436,0.00977415383023938,0.015052812379508396,0.9999522322908617,0.0103759765625,18.722803311085137,127.0
block.6.attn.q_post,1,0.875,cfg_null,163840,1.903839119014909,0.01823728122478716,0.009579213412855786,0.015075668906956708,0.9999541190821458,0.009765625,18.73776413324311,127.0
block.6.attn.q_post,1,0.875,plain,163840,1.902453661726843,0.01842018978916247,0.009682332957556822,0.015082166255024277,0.9999531251410179,0.01220703125,18.7444107175812,127.0
block.6.attn.q_post,2,0.75,cfg_conditional,163840,1.8932883457341008,0.018302749494515234,0.009667174857836329,0.015079597612202632,0.9999532718769523,0.0054931640625,18.589650552103837,127.0
block.6.attn.q_post,2,0.75,cfg_null,163840,1.8948010448840196,0.01805950885508902,0.009531084492406134,0.015013546392310673,0.9999545785541237,0.0048828125,18.609479769008367,127.0
block.6.attn.q_post,2,0.75,plain,163840,1.8972721587926675,0.017905420120511988,0.00943745473601749,0.014997009211333534,0.9999554680575586,0.003662109375,18.658874992310533,127.0
block.6.attn.q_post,3,0.625,cfg_conditional,163840,1.8918916955545895,0.017946000812720842,0.009485744271138179,0.014940804852744804,0.999955010142798,0.006103515625,18.524650513656496,127.0
block.6.attn.q_post,3,0.625,cfg_null,163840,1.8930845496995359,0.01797510231071919,0.00949513972504405,0.01498221799638486,0.9999549201994428,0.0048828125,18.543552188422737,127.0
block.6.attn.q_post,3,0.625,plain,163840,1.8978136947974924,0.017911952369994336,0.009438203770526402,0.015024686491437933,0.9999554612171332,0.00244140625,18.62782395730807,127.0
block.6.attn.q_post,4,0.5,cfg_conditional,163840,1.894033732371924,0.01783673022511806,0.009417324475409888,0.014914905501927932,0.9999556567994687,0.003662109375,18.533959576464074,127.0
block.6.attn.q_post,4,0.5,cfg_null,163840,1.8945544126273353,0.017983218794707444,0.009492057169141227,0.01498376205661316,0.999954949449991,0.003662109375,18.54498915784941,127.0
block.6.attn.q_post,4,0.5,plain,163840,1.8983315924426207,0.017715398654777354,0.009332088622084513,0.01492236851167945,0.999956460293344,0.0030517578125,18.61541988342766,127.0
block.6.attn.q_post,5,0.375,cfg_conditional,163840,1.8964067347517624,0.01799964741612891,0.009491448794335274,0.014916176603810527,0.9999549554973085,0.003662109375,18.567937415415848,127.0
block.6.attn.q_post,5,0.375,cfg_null,163840,1.8970360256955308,0.01798621506862698,0.009481219557774343,0.01493063089203588,0.9999550531592711,0.003662109375,18.577063853346456,127.0
block.6.attn.q_post,5,0.375,plain,163840,1.899709315442652,0.017734223497118888,0.009335230054913232,0.014876367316446704,0.9999564287436081,0.00244140625,18.632370355561022,127.0
block.6.attn.q_post,6,0.25,cfg_conditional,163840,1.8995547881861186,0.01784986081921836,0.009396865481444291,0.01487874284348436,0.9999558514033463,0.00244140625,18.60748531311516,127.0
block.6.attn.q_post,6,0.25,cfg_null,163840,1.899893447191027,0.017984819595043833,0.009466225393657842,0.014859568529846,0.9999551965442606,0.00244140625,18.616308978223426,127.0
block.6.attn.q_post,6,0.25,plain,163840,1.901785103216186,0.017738464305211858,0.009327270612864523,0.014839706592169932,0.9999565033329441,0.00244140625,18.658298282172737,127.0
block.6.attn.q_post,7,0.125,cfg_conditional,163840,1.9055996619858688,0.01793000629696419,0.009409114965038838,0.014824629431473113,0.999955734331913,0.0042724609375,18.687499038816437,127.0
block.6.attn.q_post,7,0.125,cfg_null,163840,1.9061067033011045,0.017924860150351662,0.00940391223602979,0.014829991968122158,0.9999557822547701,0.0042724609375,18.691065029835137,127.0
block.6.attn.q_post,7,0.125,plain,163840,1.907555609044455,0.01779838415070659,0.009330466732564756,0.014825426421180055,0.9999564717634658,0.0054931640625,18.728166715366633,127.0
block.6.attn.q_pre,0,1.0,cfg_conditional,163840,1.6590827324177946,0.23716951154868013,0.1429521909392976,0.036414385308362184,0.9909462086892955,0.23681640625,7.5174935408464565,127.0
block.6.attn.q_pre,0,1.0,cfg_null,163840,1.6537548002851852,0.23939177800629352,0.14475651285487492,0.03655353193095721,0.9907625333998977,0.244140625,7.472298689714567,127.0
block.6.attn.q_pre,0,1.0,plain,163840,1.6607075445133217,0.2465461146574607,0.1484584781179592,0.03677764918758797,0.9902838688279029,0.247802734375,7.485466904527559,127.0
block.6.attn.q_pre,1,0.875,cfg_conditional,163840,1.7337849973324226,0.284077535134403,0.16384819084920027,0.039026669257781775,0.9882422949461408,0.2655029296875,7.7556027389886815,127.0
block.6.attn.q_pre,1,0.875,cfg_null,163840,1.7285472214655984,0.2885503039263835,0.16693226562924202,0.03921492570154896,0.9878060322558604,0.267333984375,7.706813061331201,127.0
block.6.attn.q_pre,1,0.875,plain,163840,1.7343914803408693,0.2987804019161091,0.1722681443623029,0.03969067301577454,0.98702164791211,0.2667236328125,7.713036724901575,127.0
block.6.attn.q_pre,2,0.75,cfg_conditional,163840,1.573782778663093,0.15383515893945007,0.09774866075871726,0.032463129863280926,0.995699960470398,0.1947021484375,7.276390255905512,127.0
block.6.attn.q_pre,2,0.75,cfg_null,163840,1.5563749035385848,0.1531233494795484,0.09838461744108447,0.03239025268570863,0.9956477183983568,0.191650390625,7.184659702571358,127.0
block.6.attn.q_pre,2,0.75,plain,163840,1.5473657732369368,0.16966892171313752,0.10965017105051177,0.032950939858349314,0.9946063886697362,0.1995849609375,7.106779804379921,127.0
block.6.attn.q_pre,3,0.625,cfg_conditional,163840,1.4599122058549776,0.08466759568973699,0.05799499130850308,0.029229894532684497,0.9984217097469799,0.13916015625,6.864047313299705,127.0
block.6.attn.q_pre,3,0.625,cfg_null,163840,1.447737745958146,0.08453157495727562,0.05838873455725967,0.029257612960127945,0.9983963937035114,0.12939453125,6.805059478038878,127.0
block.6.attn.q_pre,3,0.625,plain,163840,1.4194184530770948,0.09486250483043782,0.06683195122959658,0.029608514721410018,0.9979214926300921,0.13916015625,6.64856918214813,127.0
block.6.attn.q_pre,4,0.5,cfg_conditional,163840,1.365501182756059,0.05161602227593699,0.03780005680533927,0.02787706718569467,0.9993010614292752,0.074462890625,6.493020846149114,127.0
block.6.attn.q_pre,4,0.5,cfg_null,163840,1.3585793647202977,0.04930738365415185,0.036293340628137084,0.027801448313636356,0.9993553792682596,0.072021484375,6.463858536847933,127.0
block.6.attn.q_pre,4,0.5,plain,163840,1.3234517679691264,0.055150192505193436,0.041671478961279367,0.02801044315271035,0.9991579998730291,0.078125,6.277739757627953,127.0
block.6.attn.q_pre,5,0.375,cfg_conditional,163840,1.2862014896916796,0.03614975393838156,0.028105824964521818,0.027226693454873895,0.9996056555617091,0.0299072265625,6.180737112450787,127.0
block.6.attn.q_pre,5,0.375,cfg_null,163840,1.282740143103582,0.035211998227408815,0.02745060908611903,0.027238955035046787,0.9996237724031979,0.029296875,6.163334884042815,127.0
block.6.attn.q_pre,5,0.375,plain,163840,1.2469320805262292,0.03778938076298669,0.030305885423237207,0.027292987818420045,0.9995431846100995,0.037841796875,5.9767931840551185,127.0
block.6.attn.q_pre,6,0.25,cfg_conditional,163840,1.2080345187453314,0.03172145029254183,0.02625872837266921,0.02706577012712046,0.9996552572890867,0.0048828125,5.853382020484744,127.0
block.6.attn.q_pre,6,0.25,cfg_null,163840,1.2063213864619955,0.031619649461874094,0.026211629684035495,0.027047865002762704,0.9996564720043791,0.006103515625,5.846514363927166,127.0
block.6.attn.q_pre,6,0.25,plain,163840,1.1731373111627263,0.032755114857478985,0.027920955668023682,0.027166277689506302,0.9996101497268687,0.01220703125,5.674654742864173,127.0
block.6.attn.q_pre,7,0.125,cfg_conditional,163840,1.0797636707514016,0.0312620817923163,0.02895270755920246,0.027084272325743085,0.9995811399866388,0.0,5.282232329601378,125.0
block.6.attn.q_pre,7,0.125,cfg_null,163840,1.0775636242102637,0.031232112730218167,0.028984008023756266,0.027024842105682723,0.999580157482759,0.0,5.2732548751230315,124.0
block.6.attn.q_pre,7,0.125,plain,163840,1.0482724630630298,0.03135999512056161,0.029915881820388922,0.027068444518288003,0.9995527299095824,0.0018310546875,5.117576779343012,127.0
block.6.attn.softmax,0,1.0,cfg_conditional,327680,0.08205110149023254,0.0013874723210468135,0.016909856124380975,0.000801457877491704,0.9998570604517468,0.0,1.5398304856668308,127.0
block.6.attn.softmax,0,1.0,cfg_null,327680,0.08215350693261043,0.0013932921885919064,0.016959619139993717,0.0008064359297827544,0.9998562027509272,0.0,1.5393595057209646,126.0
block.6.attn.softmax,0,1.0,plain,327680,0.0820722947992937,0.0013971088626969228,0.01702290481962917,0.000811019606080554,0.9998551299004154,0.0,1.5400731845164861,127.0
block.6.attn.softmax,1,0.875,cfg_conditional,327680,0.08130599197272338,0.0013649826733563557,0.016788217451602847,0.0007787225001809458,0.9998590972387815,0.0,1.5402101531742125,127.0
block.6.attn.softmax,1,0.875,cfg_null,327680,0.08152715477476098,0.0013636558024303204,0.016726400009883312,0.0007761790138981674,0.9998601352441506,0.0,1.5401356614480808,127.0
block.6.attn.softmax,1,0.875,plain,327680,0.08116287129220813,0.0013786428002999643,0.01698612651758561,0.0007921263231264691,0.9998557791374943,0.0,1.540287047859252,127.0
block.6.attn.softmax,2,0.75,cfg_conditional,327680,0.0802096830810053,0.001404538325435904,0.017510832501575074,0.000816774570318766,0.9998466880126278,0.0,1.5399169921875,127.0
block.6.attn.softmax,2,0.75,cfg_null,327680,0.08015306095542084,0.0014025819920155309,0.017498795121444113,0.000816263971858612,0.9998469176729543,0.0,1.5401044229822836,127.0
block.6.attn.softmax,2,0.75,plain,327680,0.08038845685518543,0.0014134059387667106,0.01758220015732942,0.0008267380199089496,0.9998454555092199,0.0,1.5395998016117125,127.0
block.6.attn.softmax,3,0.625,cfg_conditional,327680,0.08100374684461455,0.0014120549924205403,0.01743197132756359,0.000823472011046311,0.9998480887759267,0.0,1.5403158833661417,127.0
block.6.attn.softmax,3,0.625,cfg_null,327680,0.08096243880655357,0.001412525775683776,0.017446680170526658,0.0008242671413008195,0.9998478291216363,0.0,1.5400491549274113,127.0
block.6.attn.softmax,3,0.625,plain,327680,0.08117979410666772,0.0014235533917474278,0.017535809340399694,0.0008354838413620004,0.999846281801313,0.0,1.5396598755843995,127.0
block.6.attn.softmax,4,0.5,cfg_conditional,327680,0.08181628263098469,0.0014142642296861307,0.017285852940359992,0.0008268433501827943,0.9998506557618346,0.0,1.5402534064345472,127.0
block.6.attn.softmax,4,0.5,cfg_null,327680,0.08175875485535132,0.0014126421521410434,0.01727817595363712,0.000825503474805518,0.9998507825713763,0.0,1.53989776851624,127.0
block.6.attn.softmax,4,0.5,plain,327680,0.08165162449559453,0.0014307239940887916,0.017522296744579596,0.0008438812693070105,0.9998465152896122,0.0,1.5398497093380905,127.0
block.6.attn.softmax,5,0.375,cfg_conditional,327680,0.08244460002822714,0.0014149256602741967,0.017162138694223256,0.000829166109798085,0.9998527931405191,0.0,1.5398208738312007,127.0
block.6.attn.softmax,5,0.375,cfg_null,327680,0.08242651944590217,0.0014186247394700952,0.01721078057167222,0.000831766225821226,0.9998519178715967,0.0,1.5398689330093505,127.0
block.6.attn.softmax,5,0.375,plain,327680,0.08209766905072578,0.001434965386598212,0.01747875918025868,0.0008495311139760023,0.9998472919121734,0.0,1.5397487850639764,127.0
block.6.attn.softmax,6,0.25,cfg_conditional,327680,0.08280308588323308,0.0014177168260542275,0.017121545784579303,0.0008334086397046691,0.9998534590824714,0.0,1.5394556240772639,127.0
block.6.attn.softmax,6,0.25,cfg_null,327680,0.08283926470385763,0.0014177571598910233,0.017114555096057023,0.0008329009306431107,0.9998535917555861,0.0,1.539426788570374,127.0
block.6.attn.softmax,6,0.25,plain,327680,0.082272251705833,0.0014393487416303528,0.017494947710642333,0.0008550963190052132,0.9998469937604144,0.0,1.5386169914185532,127.0
block.6.attn.softmax,7,0.125,cfg_conditional,327680,0.08239647145767585,0.0014332799426347899,0.017394918948331603,0.0008504542434902035,0.9998487300209985,0.0,1.5389245701587106,127.0
block.6.attn.softmax,7,0.125,cfg_null,327680,0.08238457573719603,0.0014361665319090643,0.01743246862726327,0.0008532303962311485,0.9998480659919167,0.0,1.5384896345964567,127.0
block.6.attn.softmax,7,0.125,plain,327680,0.08169316070975867,0.001454496184517437,0.01780438132005939,0.000871577830491296,0.9998415339610296,0.0,1.5385569174458662,127.0
block.6.attn.v,0,1.0,cfg_conditional,163840,0.7489501142006925,0.010452355636421704,0.013956010471507636,0.008425445411179311,0.9999026131383496,0.010986328125,13.273743156373031,127.0
block.6.attn.v,0,1.0,cfg_null,163840,0.7406666760870791,0.010346675191924188,0.013969408272268136,0.008398642264424083,0.9999024232994667,0.010986328125,13.134549358698326,127.0
block.6.attn.v,0,1.0,plain,163840,0.7457744444664062,0.010295109947834013,0.013804589342291096,0.008401757252824993,0.9999047121308039,0.00732421875,13.230912816806102,127.0
block.6.attn.v,1,0.875,cfg_conditional,163840,0.8274867328926053,0.012799475729534706,0.015467892379122742,0.008483270384162366,0.9998805017629833,0.028076171875,14.662797582431102,127.0
block.6.attn.v,1,0.875,cfg_null,163840,0.8173945921192456,0.012249731216304216,0.014986313017492002,0.008471090670617087,0.999887755768089,0.01953125,14.519840751107283,127.0
block.6.attn.v,1,0.875,plain,163840,0.8202409223400741,0.011467557671172864,0.013980718784984473,0.008447174524497215,0.9999023013163676,0.0201416015625,14.569058155450294,127.0
block.6.attn.v,2,0.75,cfg_conditional,163840,0.8270388687090167,0.011921201483921062,0.014414318280505616,0.00842130950439568,0.999896162904025,0.0189208984375,14.796349232591043,127.0
block.6.attn.v,2,0.75,cfg_null,163840,0.8174453894677911,0.011510220172501775,0.014080720646055218,0.008440905780221896,0.999900889735204,0.0164794921875,14.64339128629429,127.0
block.6.attn.v,2,0.75,plain,163840,0.8022917501730319,0.010029593972341455,0.012501180487245883,0.008404200056425282,0.9999218593705732,0.0048828125,14.403773029958169,127.0
block.6.attn.v,3,0.625,cfg_conditional,163840,0.8149892465568017,0.011404621632818301,0.01399358541355115,0.00843314634797494,0.999902099201413,0.0146484375,14.659914031742126,127.0
block.6.attn.v,3,0.625,cfg_null,163840,0.8103817077027885,0.011101861425485861,0.013699545929974919,0.008392269097600292,0.9999061779122813,0.0140380859375,14.587705116572343,127.0
block.6.attn.v,3,0.625,plain,163840,0.7833444317388972,0.009692455365565709,0.012373171969895841,0.008386938972320835,0.9999234639419953,0.00244140625,14.164635365403543,127.0
block.6.attn.v,4,0.5,cfg_conditional,163840,0.7936144724108418,0.010219737138317964,0.012877458128091402,0.008386162293544075,0.9999170857673317,0.00732421875,14.36826690914124,127.0
block.6.attn.v,4,0.5,cfg_null,163840,0.7930071218127929,0.01030609986581485,0.01299622611491229,0.008382388558913689,0.9999155490933224,0.008544921875,14.355300542876476,127.0
block.6.attn.v,4,0.5,plain,163840,0.7637845018824654,0.009646901097751306,0.012630396497932364,0.008352791726861142,0.9999202414851178,0.0,13.885224109559548,120.0
block.6.attn.v,5,0.375,cfg_conditional,163840,0.7774007906711305,0.009914978331272065,0.012754011123030193,0.008366969877748076,0.999918664312879,0.0042724609375,14.126836821788878,127.0
block.6.attn.v,5,0.375,cfg_null,163840,0.7774507124208796,0.009987401635011271,0.012846347010104103,0.008377179921513189,0.9999174874736306,0.00244140625,14.134050504429133,127.0
block.6.attn.v,5,0.375,plain,163840,0.7486568045893058,0.00967653071657437,0.01292518902821256,0.008378963813142093,0.9999164784007409,0.0,13.666170375553643,124.0
block.6.attn.v,6,0.25,cfg_conditional,163840,0.7601805144051074,0.009913412509788517,0.013040866375727128,0.008388870928741276,0.9999149743359433,0.0018310546875,13.856431855930119,127.0
block.6.attn.v,6,0.25,cfg_null,163840,0.7610554374253279,0.00990464312416188,0.013014351697781134,0.00836534492481853,0.9999153206794603,0.0018310546875,13.871714674581693,127.0
block.6.attn.v,6,0.25,plain,163840,0.7336524929150691,0.00967368327888507,0.013185647663307183,0.008375516717560672,0.9999130761826962,0.0,13.423783910556102,125.0
block.6.attn.v,7,0.125,cfg_conditional,163840,0.7154898657806806,0.009753500357180415,0.01363191964506477,0.00838554853885185,0.9999070989961641,0.001220703125,13.076695720041831,127.0
block.6.attn.v,7,0.125,cfg_null,163840,0.7157333349191901,0.00974462261982142,0.013614878816454226,0.00836563520444784,0.9999073313787675,0.001220703125,13.080026221087598,127.0
block.6.attn.v,7,0.125,plain,163840,0.6902244573673709,0.009664697491344841,0.014002253018108892,0.008372444515477894,0.999901990054659,0.0,12.646042230561024,121.0
block.6.mlp.activation_input,0,1.0,cfg_conditional,655360,0.8084000766883146,0.013392236598951564,0.016566347511759394,0.008598737250147615,0.9998632275526759,0.051422119140625,14.689222921536663,127.0
block.6.mlp.activation_input,0,1.0,cfg_null,655360,0.8035315979809067,0.013031555607884377,0.016217850848217707,0.008593112123189518,0.9998688782385754,0.050811767578125,14.602406419168307,127.0
block.6.mlp.activation_input,0,1.0,plain,655360,0.8062177036963868,0.014003249544548185,0.017369067288333404,0.00860965605024686,0.9998497402422243,0.053863525390625,14.648701825479822,127.0
block.6.mlp.activation_input,1,0.875,cfg_conditional,655360,0.8397710437414199,0.017740723727765383,0.02112566735895702,0.008712707788641572,0.999778137964603,0.05615234375,15.18652007335753,127.0
block.6.mlp.activation_input,1,0.875,cfg_null,655360,0.8311153365850796,0.017024362224802494,0.020483754149878745,0.008686161998556097,0.999791305743332,0.05584716796875,15.035355935885212,127.0
block.6.mlp.activation_input,1,0.875,plain,655360,0.8381542185002858,0.018609725264560277,0.022203223289693354,0.00873745681594391,0.9997551634572354,0.06195068359375,15.155940018300935,127.0
block.6.mlp.activation_input,2,0.75,cfg_conditional,655360,0.8335678459073657,0.017647081415716203,0.02117053998946754,0.008701058787738835,0.9997771482430088,0.05523681640625,15.139029194989542,127.0
block.6.mlp.activation_input,2,0.75,cfg_null,655360,0.822743011724052,0.0171943967303409,0.020898866943044787,0.008677995040067277,0.9997827575589111,0.0537109375,14.94317963367372,127.0
block.6.mlp.activation_input,2,0.75,plain,655360,0.8143745756564522,0.019346417354726222,0.02375616569209744,0.008763660536984564,0.9997198415892289,0.062255859375,14.783665213997908,127.0
block.6.mlp.activation_input,3,0.625,cfg_conditional,655360,0.8433000208692489,0.01756912062938544,0.020833772316613614,0.008701160195476199,0.9997841081094966,0.054473876953125,15.43529600609006,127.0
block.6.mlp.activation_input,3,0.625,cfg_null,655360,0.8371452413278703,0.017338563327362624,0.020711535431845007,0.008693885504811493,0.9997865961546207,0.053863525390625,15.319420521653543,127.0
block.6.mlp.activation_input,3,0.625,plain,655360,0.8177239408121534,0.019172899860828777,0.023446665682536443,0.008742331432779249,0.9997269658148975,0.058746337890625,14.963483434962475,127.0
block.6.mlp.activation_input,4,0.5,cfg_conditional,655360,0.8418280402139464,0.01627712158162932,0.019335447150813093,0.008648371404514864,0.9998138081149809,0.047760009765625,15.535367229792076,127.0
block.6.mlp.activation_input,4,0.5,cfg_null,655360,0.8393227416823946,0.01624853208856366,0.019359099046922065,0.008650743204321354,0.9998133843096719,0.04730224609375,15.486420158326156,127.0
block.6.mlp.activation_input,4,0.5,plain,655360,0.8189367232914808,0.017887175904238193,0.0218419511489799,0.008711934977850833,0.9997627335637259,0.0537109375,15.102129358006275,127.0
block.6.mlp.activation_input,5,0.375,cfg_conditional,655360,0.8415418295406125,0.014531113104608256,0.017267249938770858,0.008602470406788233,0.999851283629319,0.03997802734375,15.656919704647514,127.0
block.6.mlp.activation_input,5,0.375,cfg_null,655360,0.8403262710756016,0.01454342988574633,0.017306884702213365,0.008602328344664434,0.9998506119253846,0.0390625,15.633690300888903,127.0
block.6.mlp.activation_input,5,0.375,plain,655360,0.8207459750058492,0.016019964384843148,0.019518785193834157,0.008632084513396698,0.9998102519418234,0.0445556640625,15.261300154558317,127.0
block.6.mlp.activation_input,6,0.25,cfg_conditional,655360,0.8446624781081357,0.012899544791735015,0.015271833573840349,0.008532022518226512,0.9998835032366815,0.027313232421875,15.864606241541585,127.0
block.6.mlp.activation_input,6,0.25,cfg_null,655360,0.8444179929992731,0.012832374336752493,0.015196708790125862,0.008537307185108079,0.9998846451409195,0.0274658203125,15.857140248216043,127.0
block.6.mlp.activation_input,6,0.25,plain,655360,0.827516534367797,0.013809736744396683,0.01668817017045707,0.008568728425184302,0.9998610217804972,0.03265380859375,15.532146063376599,127.0
block.6.mlp.activation_input,7,0.125,cfg_conditional,655360,0.8572353348258911,0.011097025360713041,0.012945132928948739,0.008459637783066664,0.9999162129804652,0.0091552734375,16.233208123154526,127.0
block.6.mlp.activation_input,7,0.125,cfg_null,655360,0.8563371740079314,0.011107797618875018,0.01297128976298784,0.008464890125644508,0.9999158712501168,0.008697509765625,16.214006078524854,127.0
block.6.mlp.activation_input,7,0.125,plain,655360,0.8439152735553852,0.011082969118276616,0.013132798357333265,0.008478495794397346,0.9999137723462286,0.013885498046875,15.977002241480069,127.0
block.6.mlp.activation_output,0,1.0,cfg_conditional,655360,0.9044073905694432,0.01986684844161933,0.02196670289161452,0.012055070373212472,0.9997588893896504,0.000457763671875,3.5820175531342273,127.0
block.6.mlp.activation_output,0,1.0,cfg_null,655360,0.8921689314508717,0.01947763285440033,0.021831776659970912,0.012043143787556864,0.9997619018266487,0.00030517578125,3.54627113642655,127.0
block.6.mlp.activation_output,0,1.0,plain,655360,0.8962520665086114,0.019502272265739157,0.021759807307012522,0.012050945210978803,0.9997634379983474,0.00030517578125,3.5587448961152806,127.0
block.6.mlp.activation_output,1,0.875,cfg_conditional,655360,0.9863854635623494,0.023826347049926384,0.024155209023333627,0.012444374217816367,0.9997082348552534,0.00457763671875,3.86276725708969,127.0
block.6.mlp.activation_output,1,0.875,cfg_null,655360,0.9623991592195276,0.021983559713825117,0.022842455236196407,0.0124063571793954,0.9997390917010185,0.00244140625,3.7816649910033218,127.0
block.6.mlp.activation_output,1,0.875,plain,655360,0.9713599483023176,0.02271645815607178,0.023386241316387595,0.012446449527109849,0.9997265047927161,0.00274658203125,3.8363995889979083,127.0
block.6.mlp.activation_output,2,0.75,cfg_conditional,655360,0.9743618389185676,0.027789304180125936,0.028520517809861014,0.013439163909765916,0.9995934149607943,0.005035400390625,3.9638969841904528,127.0
block.6.mlp.activation_output,2,0.75,cfg_null,655360,0.94638086443985,0.025270352066364715,0.02670209533592154,0.01339605820629366,0.9996434722451104,0.0042724609375,3.862631489911417,127.0
block.6.mlp.activation_output,2,0.75,plain,655360,0.9150656235909443,0.021849588225218187,0.0238776188963093,0.013530976245132642,0.9997150107285058,0.00244140625,3.79946731206939,127.0
block.6.mlp.activation_output,3,0.625,cfg_conditional,655360,0.9897666670146645,0.027603073007227724,0.027888464955567908,0.013853784997301943,0.9996111886691531,0.005035400390625,4.144410861758735,127.0
block.6.mlp.activation_output,3,0.625,cfg_null,655360,0.9749038821919355,0.028229661185366413,0.028956353237506813,0.013848754740590686,0.9995808175297107,0.00457763671875,4.084776630551796,127.0
block.6.mlp.activation_output,3,0.625,plain,655360,0.9157104440771012,0.021773695418870767,0.02377792626447041,0.013951144217477385,0.9997174517797064,0.001068115234375,3.92687339482345,127.0
block.6.mlp.activation_output,4,0.5,cfg_conditional,655360,0.9826264357770323,0.025600697385445657,0.02605333670389335,0.014175121789652323,0.9996605581490812,0.003509521484375,4.244106022391732,127.0
block.6.mlp.activation_output,4,0.5,cfg_null,655360,0.9771556524278839,0.025836025704756734,0.026440030961867138,0.014189030764949883,0.9996504068825482,0.0042724609375,4.220637524221826,127.0
block.6.mlp.activation_output,4,0.5,plain,655360,0.9166289880335701,0.021846494228502544,0.023833518810450767,0.0143097979105395,0.9997162478157946,0.0006103515625,4.044570322111835,127.0
block.6.mlp.activation_output,5,0.375,cfg_conditional,655360,0.9862410668746648,0.023818255486319977,0.024150541167179858,0.014505943357575112,0.999708338194917,0.00274658203125,4.397116833784449,127.0
block.6.mlp.activation_output,5,0.375,cfg_null,655360,0.9832678447522331,0.023570494523241458,0.023971590903779455,0.014520893184152861,0.9997126551174678,0.002593994140625,4.386019969549705,127.0
block.6.mlp.activation_output,5,0.375,plain,655360,0.925316317277245,0.021687913023553728,0.02343837736199302,0.014646136972876889,0.9997255733851486,0.00030517578125,4.205867737296998,127.0
block.6.mlp.activation_output,6,0.25,cfg_conditional,655360,1.007490680567184,0.0222487026225101,0.02208328379770701,0.01502317608520638,0.9997562556349173,0.001983642578125,4.670816256305364,127.0
block.6.mlp.activation_output,6,0.25,cfg_null,655360,1.0070742806513928,0.02230176421313849,0.022145103535672988,0.015013935408294543,0.9997548901785833,0.002288818359375,4.667401651697834,127.0
block.6.mlp.activation_output,6,0.25,plain,655360,0.9557221797020387,0.022141595191636547,0.02316739703429247,0.01520222721603215,0.9997318548472424,0.000457763671875,4.499653493325542,127.0
block.6.mlp.activation_output,7,0.125,cfg_conditional,655360,1.0897138309960641,0.02239221036888638,0.020548707130218353,0.01581380394352081,0.9997890132758779,0.001068115234375,5.252597838874877,127.0
block.6.mlp.activation_output,7,0.125,cfg_null,655360,1.0876225642435209,0.022387289388585332,0.02058369339197782,0.01578663716086375,0.9997882834198395,0.001068115234375,5.239983506090059,127.0
block.6.mlp.activation_output,7,0.125,plain,655360,1.0481582062502162,0.022548948530699418,0.021512924667515827,0.016017236448060503,0.9997687969052046,0.000457763671875,5.09714562123216,127.0
block.6.mlp.input,0,1.0,cfg_conditional,163840,0.6797001456187305,0.014106000863653,0.02075327032747995,0.012209404602237583,0.9997846985611099,0.0,7.031745009534941,107.0
block.6.mlp.input,0,1.0,cfg_null,163840,0.6781047471074412,0.014103846581668422,0.020798920287507974,0.01221557511525253,0.9997837827596154,0.0,6.966168260949803,106.0
block.6.mlp.input,0,1.0,plain,163840,0.678031644246174,0.014139059560568828,0.020853096873212216,0.012256418752967591,0.9997826190814774,0.0,6.996772345595472,106.0
block.6.mlp.input,1,0.875,cfg_conditional,163840,0.7138913779420295,0.01412629014327833,0.019787730430364484,0.012248386604510487,0.9998042944818095,0.0,7.177378737081693,115.0
block.6.mlp.input,1,0.875,cfg_null,163840,0.7074402786406023,0.014094994811451484,0.01992393596606633,0.012206502951510956,0.9998016056767278,0.0,7.090117687315453,114.0
block.6.mlp.input,1,0.875,plain,163840,0.7101452922130916,0.014082647610321183,0.019830656859576048,0.012189970329651856,0.9998034101253487,0.0,7.121702179195374,116.0
block.6.mlp.input,2,0.75,cfg_conditional,163840,0.6940946071289147,0.014076975028883198,0.020281060945152498,0.012187703027515085,0.9997943933816249,0.0,6.8815552718996065,114.0
block.6.mlp.input,2,0.75,cfg_null,163840,0.6868024116311315,0.014096274356682483,0.02052449746529621,0.01221033286000477,0.9997894415946728,0.0,6.789055771715059,112.0
block.6.mlp.input,2,0.75,plain,163840,0.6807042755246033,0.014095184072211425,0.020706765887945372,0.01221348765404997,0.9997856789629181,0.0,6.673795444758858,114.0
block.6.mlp.input,3,0.625,cfg_conditional,163840,0.6881577972519429,0.014081371042325014,0.02046241588565428,0.012188995858261364,0.9997907048247815,0.0,6.906002975824311,111.0
block.6.mlp.input,3,0.625,cfg_null,163840,0.6841258033602973,0.014105597805091132,0.02061842680952405,0.012214376975889962,0.9997875220420028,0.0,6.8542095995324805,111.0
block.6.mlp.input,3,0.625,plain,163840,0.6712255890166087,0.014098071561587853,0.021003477507826378,0.012197408189454606,0.9997794923309797,0.0,6.642254206139271,112.0
block.6.mlp.input,4,0.5,cfg_conditional,163840,0.678165529633831,0.014115296534989366,0.02081393983945304,0.012228785720061808,0.9997834623895948,0.0,6.905570443220965,109.0
block.6.mlp.input,4,0.5,cfg_null,163840,0.6765714765657547,0.014077844543308569,0.020807623482395465,0.012185998593243142,0.9997835589999494,0.0,6.877840297428642,109.0
block.6.mlp.input,4,0.5,plain,163840,0.6632004371499348,0.014077792404120916,0.02122705537502268,0.012191126999612934,0.9997747587795704,0.0,6.664846825787402,111.0
block.6.mlp.input,5,0.375,cfg_conditional,163840,0.6710412537140009,0.014108590109901452,0.02102492213677605,0.012218601392963536,0.9997790281448642,0.0,6.88356414554626,109.0
block.6.mlp.input,5,0.375,cfg_null,163840,0.6706218625298422,0.014096622008695341,0.02102022435641673,0.012215646082779053,0.9997791448830079,0.0,6.875307578740157,109.0
block.6.mlp.input,5,0.375,plain,163840,0.6579005527845286,0.014098570323428277,0.021429637448633895,0.012204782427474825,0.9997704561838473,0.0,6.661160686823327,110.0
block.6.mlp.input,6,0.25,cfg_conditional,163840,0.666056148379001,0.014093830849081685,0.021160124237847255,0.012207008086328842,0.9997761917294581,0.0,6.820025106114666,110.0
block.6.mlp.input,6,0.25,cfg_null,163840,0.6661923604008865,0.014098704509498865,0.0211631134602247,0.012212508312236992,0.9997761165286781,0.0,6.821164108636811,110.0
block.6.mlp.input,6,0.25,plain,163840,0.6551848446242715,0.014074032507277883,0.021481010470180993,0.012178172942656574,0.9997693822579621,0.0,6.619003175750492,111.0
block.6.mlp.input,7,0.125,cfg_conditional,163840,0.6563627358536338,0.0140951105739469,0.021474574658196396,0.01220734605029925,0.9997695114079668,0.0,6.64298951156496,110.0
block.6.mlp.input,7,0.125,cfg_null,163840,0.6561098858939743,0.014102554770236208,0.021494196434825773,0.012216490894356013,0.999769052743405,0.0,6.639240895669292,110.0
block.6.mlp.input,7,0.125,plain,163840,0.6472410630393316,0.014100689753323875,0.021785839246832524,0.01220769771469037,0.999762749265261,0.0,6.45445816160187,111.0
block.7.attn.input,0,1.0,cfg_conditional,163840,0.800191011160242,0.044293601499987414,0.05535378538652118,0.010037887554088343,0.9985321053106255,0.6072998046875,11.791031003937007,127.0
block.7.attn.input,0,1.0,cfg_null,163840,0.7940891222164317,0.043037429584614394,0.054197228472907345,0.009966555591016401,0.9985913955274583,0.7464599609375,11.648160679133857,127.0
block.7.attn.input,0,1.0,plain,163840,0.7974724466553968,0.045178431041600194,0.056652027579233294,0.010079446001984137,0.998461300314954,0.6341552734375,11.747345210999017,127.0
block.7.attn.input,1,0.875,cfg_conditional,163840,0.8396411296306702,0.040650643387173856,0.04841430696118317,0.011428595858313883,0.9990095305548045,0.8001708984375,12.65575499046506,127.0
block.7.attn.input,1,0.875,cfg_null,163840,0.8293446248747127,0.03798025303288253,0.04579550152461665,0.011203709401737072,0.9991121803742872,0.797119140625,12.489513487327756,127.0
block.7.attn.input,1,0.875,plain,163840,0.8331932972411829,0.04194416997455154,0.05034146351565049,0.011500397763593639,0.9989276010221767,0.8087158203125,12.56586029773622,127.0
block.7.attn.input,2,0.75,cfg_conditional,163840,0.7785422460422365,0.01192044953798159,0.015311243029623464,0.008481834524729948,0.999882843712325,0.0213623046875,12.471053957000493,127.0
block.7.attn.input,2,0.75,cfg_null,163840,0.7664369943771927,0.011889149640210738,0.015512233526608238,0.00847080290026625,0.9998797406983744,0.0213623046875,12.276875653604822,127.0
block.7.attn.input,2,0.75,plain,163840,0.7569143510360707,0.011807981002834344,0.015600154742305361,0.008493863072011009,0.999878413198392,0.0238037109375,12.096096249077263,127.0
block.7.attn.input,3,0.625,cfg_conditional,163840,0.736133295213483,0.009938295937292436,0.013500674404912321,0.008399601111267429,0.9999088667091672,0.0030517578125,12.241874154158465,127.0
block.7.attn.input,3,0.625,cfg_null,163840,0.7286427042878963,0.009955868172997985,0.013663580400119248,0.00841737351425138,0.9999066530155744,0.003662109375,12.126190906434548,127.0
block.7.attn.input,3,0.625,plain,163840,0.7082702007789194,0.009823642278059468,0.013869907652836343,0.008410152521816271,0.9999038129596365,0.003662109375,11.755520077202263,127.0
block.7.attn.input,4,0.5,cfg_conditional,163840,0.6963258661432069,0.009700386533492176,0.013930814587170867,0.008390295359376765,0.9999029801000326,0.001220703125,11.879142701156496,127.0
block.7.attn.input,4,0.5,cfg_null,163840,0.6926591923054768,0.00974067700401875,0.014062726824713694,0.008411390027559662,0.9999011393140876,0.0006103515625,11.8199722410187,127.0
block.7.attn.input,4,0.5,plain,163840,0.6698910776025471,0.0096961362364078,0.014474198210116501,0.008396019472497684,0.9998952774984085,0.0,11.415246678149606,126.0
block.7.attn.input,5,0.375,cfg_conditional,163840,0.6641204244582214,0.009715668304491087,0.01462937736392759,0.0084132508043119,0.9998930033320259,0.0,11.510548028420276,125.0
block.7.attn.input,5,0.375,cfg_null,163840,0.6621137671721427,0.009710851557274634,0.014666439573895636,0.008410481516482094,0.999892458875246,0.0006103515625,11.477531373031496,127.0
block.7.attn.input,5,0.375,plain,163840,0.6401963501382731,0.009684777772126611,0.015127824096521074,0.008381762735134756,0.9998855778472214,0.0,11.085772176427165,123.0
block.7.attn.input,6,0.25,cfg_conditional,163840,0.6307667436867055,0.009713403379218017,0.01539935875890526,0.008413801576307733,0.9998814405326403,0.0,11.049679733636811,118.0
block.7.attn.input,6,0.25,cfg_null,163840,0.6296951180571139,0.009711992002924795,0.015423324279360077,0.008409513335882047,0.999881091527134,0.0,11.035973256028543,121.0
block.7.attn.input,6,0.25,plain,163840,0.6101306672683503,0.009720206989694887,0.015931352923487296,0.00841924163157195,0.9998731051159938,0.0,10.683334230437993,123.0
block.7.attn.input,7,0.125,cfg_conditional,163840,0.5787328353367359,0.009715210436611306,0.016787038583975466,0.008413233759548434,0.999859122868166,0.0,10.218236727977363,106.0
block.7.attn.input,7,0.125,cfg_null,163840,0.5775158551347264,0.009717649669918461,0.016826637023933257,0.008420358141247064,0.9998584547936703,0.0,10.202228215735728,107.0
block.7.attn.input,7,0.125,plain,163840,0.5612443326786672,0.009693760472463562,0.017271907987378453,0.008387501231334226,0.9998508626551332,0.0,9.904016209399606,120.0
block.7.attn.k_post,0,1.0,cfg_conditional,163840,2.363273150874513,0.05157624472585865,0.021824072560877365,0.0190731289787891,0.9997643104584659,0.1025390625,19.28524948480561,127.0
block.7.attn.k_post,0,1.0,cfg_null,163840,2.3622008477208123,0.05233120349500988,0.022153579169824633,0.019189862447024097,0.9997571749375336,0.1019287109375,19.284379613681104,127.0
block.7.attn.k_post,0,1.0,plain,163840,2.362145788054069,0.05153386294849726,0.02181654629833443,0.01907354630111513,0.9997643065377317,0.0982666015625,19.290103461798722,127.0
block.7.attn.k_post,1,0.875,cfg_conditional,163840,2.36372281983348,0.04833360260688344,0.020448083929861312,0.01897495659151218,0.9997929831269385,0.106201171875,19.296711598794293,127.0
block.7.attn.k_post,1,0.875,cfg_null,163840,2.3632081513567136,0.04988860604817512,0.021110542471484858,0.01906344113610885,0.999779547808617,0.1129150390625,19.294846902682085,127.0
block.7.attn.k_post,1,0.875,plain,163840,2.3614012276155703,0.04890938245977699,0.020712017037936133,0.01896432541886952,0.999787478157898,0.1019287109375,19.305194043737696,127.0
block.7.attn.k_post,2,0.75,cfg_conditional,163840,2.3667642576041072,0.04600232387986457,0.01943680015111985,0.01884965697001917,0.9998127499590407,0.108642578125,19.30258923628199,127.0
block.7.attn.k_post,2,0.75,cfg_null,163840,2.3665272317842514,0.04663292910551057,0.019705215507007504,0.018859538267906827,0.9998076265854486,0.1123046875,19.302488312007874,127.0
block.7.attn.k_post,2,0.75,plain,163840,2.363594059334696,0.04648196113102394,0.019665797071815146,0.01880112497715345,0.9998084054702286,0.107421875,19.295414000984252,127.0
block.7.attn.k_post,3,0.625,cfg_conditional,163840,2.3770295468006477,0.04650587786853269,0.019564703321053402,0.018847257873835586,0.999810395522669,0.120849609375,19.250368133304626,127.0
block.7.attn.k_post,3,0.625,cfg_null,163840,2.3771739760825645,0.04636053415531428,0.019502373247293227,0.01880997967118674,0.9998115819828187,0.1251220703125,19.251958892101378,127.0
block.7.attn.k_post,3,0.625,plain,163840,2.373582058543787,0.04795636820565658,0.020204217517164006,0.018911961397884626,0.9997978844086622,0.126953125,19.244663508858267,127.0
block.7.attn.k_post,4,0.5,cfg_conditional,163840,2.3846187612636496,0.04696830268761373,0.019696357107718318,0.018847032323310486,0.9998080354975765,0.1397705078125,19.198786217396652,127.0
block.7.attn.k_post,4,0.5,cfg_null,163840,2.3846118609843048,0.04689188806203833,0.019664369212137777,0.018924467157489744,0.9998086469901912,0.140380859375,19.204985851377952,127.0
block.7.attn.k_post,4,0.5,plain,163840,2.380618077667643,0.048988208191505525,0.020577936734606592,0.018966430350042175,0.9997906502861579,0.147705078125,19.196191021776574,127.0
block.7.attn.k_post,5,0.375,cfg_conditional,163840,2.387743935478457,0.04711097438524921,0.019730329406452495,0.01883849145158365,0.9998075751593025,0.1617431640625,19.173473448265256,127.0
block.7.attn.k_post,5,0.375,cfg_null,163840,2.387823470449447,0.047315071789585356,0.019815146460839293,0.01887465910958781,0.99980587911468,0.1544189453125,19.173790638841044,127.0
block.7.attn.k_post,5,0.375,plain,163840,2.3835795786495866,0.049731354320035843,0.020864146834237884,0.01901920908308057,0.9997851281561968,0.1678466796875,19.167504498339074,127.0
block.7.attn.k_post,6,0.25,cfg_conditional,163840,2.3875966678403655,0.04752438961709839,0.019904697580301646,0.01888141899839866,0.9998042860566881,0.1666259765625,19.15306271530512,127.0
block.7.attn.k_post,6,0.25,cfg_null,163840,2.3878037115771584,0.048022324224137394,0.02011150413717146,0.018931981986065695,0.9998002498049828,0.1739501953125,19.154994694266733,127.0
block.7.attn.k_post,6,0.25,plain,163840,2.3832722123132,0.05022760535658661,0.021075060203817747,0.01900473488612988,0.9997808791249884,0.1751708984375,19.1388900636688,127.0
block.7.attn.k_post,7,0.125,cfg_conditional,163840,2.381138020962902,0.05022973262217292,0.021094842961627506,0.018876708360312477,0.9997805139588054,0.179443359375,19.113240880290356,127.0
block.7.attn.k_post,7,0.125,cfg_null,163840,2.3813992199013483,0.05006571374710301,0.02102365421501105,0.018879255545834896,0.9997819927576526,0.1812744140625,19.1094009519562,127.0
block.7.attn.k_post,7,0.125,plain,163840,2.376165834496914,0.052205912588884414,0.02197065197679586,0.01904069723577777,0.9997623271045163,0.1934814453125,19.080824964628444,127.0
block.7.attn.k_pre,0,1.0,cfg_conditional,163840,2.2715362983330443,0.02922311858302322,0.01286491376099447,0.025307879458991066,0.999917248002687,0.0,13.148779681348426,121.0
block.7.attn.k_pre,0,1.0,cfg_null,163840,2.2558552985287124,0.029192273037491664,0.012940667363075597,0.02526097523096311,0.9999162887782506,0.0,13.067160779096948,119.0
block.7.attn.k_pre,0,1.0,plain,163840,2.263916896252346,0.02923330055068088,0.012912709207247512,0.02532047968347646,0.9999166432808827,0.0,13.113172636257381,121.0
block.7.attn.k_pre,1,0.875,cfg_conditional,163840,2.216230988652937,0.029189821956615382,0.013170929432025247,0.02529031673147557,0.9999132749049318,0.0,12.814888541154035,119.0
block.7.attn.k_pre,1,0.875,cfg_null,163840,2.1977389978434863,0.02917999232930002,0.01327727831099719,0.02525801214525316,0.9999118615679543,0.0,12.71729476808563,119.0
block.7.attn.k_pre,1,0.875,plain,163840,2.194951823933455,0.02918863813646822,0.01329807689544677,0.025289699529250243,0.999911589595067,0.0,12.720072588582678,121.0
block.7.attn.k_pre,2,0.75,cfg_conditional,163840,1.9781760935459403,0.029246637641098222,0.014784648210297973,0.025347213140168457,0.9998907336919368,0.0,11.433797520915354,113.0
block.7.attn.k_pre,2,0.75,cfg_null,163840,1.9523747986174491,0.029182027988391545,0.014946939495969959,0.025290197057813834,0.9998883035734785,0.0,11.29135011687992,109.0
block.7.attn.k_pre,2,0.75,plain,163840,1.9381163479277657,0.029198890770744133,0.01506560264143254,0.025279060556893995,0.999886534963896,0.0,11.239446204478346,110.0
block.7.attn.k_pre,3,0.625,cfg_conditional,163840,1.7818699174580304,0.029195009731636898,0.01638447871283766,0.025288934709487877,0.9998658066433799,0.0,10.259221595103346,108.0
block.7.attn.k_pre,3,0.625,cfg_null,163840,1.7619718079602262,0.029153791931614208,0.016546117139844902,0.025249615047684415,0.9998631313516394,0.0,10.149723563607283,104.0
block.7.attn.k_pre,3,0.625,plain,163840,1.7386389492970966,0.02918349216427897,0.016785251576284646,0.0252714961708115,0.9998591375255262,0.0,10.05066879152313,100.0
block.7.attn.k_pre,4,0.5,cfg_conditional,163840,1.6250244387782158,0.029183892595663202,0.01795904842982256,0.02528771016083482,0.9998387735256853,0.0,9.342122716227854,101.0
block.7.attn.k_pre,4,0.5,cfg_null,163840,1.61310967670441,0.02916614504444505,0.01808069560653285,0.025270403857004454,0.9998365879635494,0.0,9.278434693343996,99.0
block.7.attn.k_pre,4,0.5,plain,163840,1.5851795985802997,0.029239458557461583,0.018445517835107575,0.0253398692768144,0.9998299219421135,0.0,9.147550327571357,92.0
block.7.attn.k_pre,5,0.375,cfg_conditional,163840,1.4987161192825,0.029214945513375064,0.019493315069808895,0.02532660034846117,0.9998100609886142,0.0,8.62233079324557,95.0
block.7.attn.k_pre,5,0.375,cfg_null,163840,1.4908071832371759,0.029192041579198736,0.019581366327877766,0.02527733774530123,0.9998083406408991,0.0,8.578750730499507,94.0
block.7.attn.k_pre,5,0.375,plain,163840,1.4628263110289366,0.02922528858913085,0.0199786457003047,0.02533451325810887,0.9998004830495423,0.0,8.446179487573819,85.0
block.7.attn.k_pre,6,0.25,cfg_conditional,163840,1.3684749448914582,0.029248911949888663,0.021373363143457894,0.02534736492434746,0.9997716312268152,0.0,7.8924416369340555,87.0
block.7.attn.k_pre,6,0.25,cfg_null,163840,1.363456146260826,0.02916967328510269,0.02139392115037824,0.025249456931351232,0.9997712742883363,0.0,7.867152897391732,87.0
block.7.attn.k_pre,6,0.25,plain,163840,1.3397652224854435,0.02918458441110537,0.021783357204155567,0.02527930881739664,0.9997628259771207,0.0,7.749470387856792,80.0
block.7.attn.k_pre,7,0.125,cfg_conditional,163840,1.1540753990542407,0.02919496420313083,0.025297276267266387,0.02528356575288342,0.99968011359873,0.0,6.705033910556103,79.0
block.7.attn.k_pre,7,0.125,cfg_null,163840,1.1509927891051748,0.02919094412326745,0.02536153518907933,0.02527368438982123,0.9996785678123722,0.0,6.687886395792323,78.0
block.7.attn.k_pre,7,0.125,plain,163840,1.1302803071242784,0.029144644732602663,0.025785324710074865,0.025228531438622248,0.9996677365835359,0.0,6.5810172013410435,72.0
block.7.attn.output,0,1.0,cfg_conditional,163840,0.5786259128461985,0.007034445394486356,0.012157155838190305,0.00608749556423607,0.9999261024474787,0.001220703125,13.734813299704724,127.0
block.7.attn.output,0,1.0,cfg_null,163840,0.573667159023605,0.007016685960209736,0.012231284029143835,0.006072252088053307,0.999925209960684,0.0006103515625,13.590991403174213,127.0
block.7.attn.output,0,1.0,plain,163840,0.5739449396032096,0.007029525621175369,0.012247735167828386,0.006080375045158607,0.9999250012576176,0.001220703125,13.670567790354331,127.0
block.7.attn.output,1,0.875,cfg_conditional,163840,0.607496985687822,0.0070760005526032425,0.011647795329538357,0.006077841674431782,0.9999321686279606,0.0048828125,14.589435246985728,127.0
block.7.attn.output,1,0.875,cfg_null,163840,0.5996089683054788,0.007089748880273226,0.011823954035092513,0.00608139288424654,0.9999300976380139,0.0054931640625,14.416292445866143,127.0
block.7.attn.output,1,0.875,plain,163840,0.5982873477195311,0.007137445594374078,0.011929795309193159,0.006079640460222998,0.9999288379397225,0.0048828125,14.429278035802165,127.0
block.7.attn.output,2,0.75,cfg_conditional,163840,0.5905445547545939,0.007451479905049109,0.012617980887395767,0.006096181857289477,0.9999203901656974,0.01220703125,14.299883504552165,127.0
block.7.attn.output,2,0.75,cfg_null,163840,0.5815522409930665,0.007393681292928627,0.01271370097431501,0.006098805656088261,0.9999191782268598,0.0091552734375,14.110386165108268,127.0
block.7.attn.output,2,0.75,plain,163840,0.570783565958992,0.007058562621009076,0.012366443328041085,0.0060740049215035905,0.9999235403793998,0.0048828125,13.912180502583661,127.0
block.7.attn.output,3,0.625,cfg_conditional,163840,0.5821933862035807,0.007424920352690634,0.012753357438681546,0.006110018404119657,0.9999186731913065,0.009765625,14.148795060285433,127.0
block.7.attn.output,3,0.625,cfg_null,163840,0.5770011698342682,0.0074519672388291495,0.012914995026733784,0.006102148342165851,0.9999165979855574,0.0079345703125,14.035591666154035,127.0
block.7.attn.output,3,0.625,plain,163840,0.5558240943023928,0.007090128285111417,0.012756065017314768,0.0060904148970821834,0.9999186548074159,0.0030517578125,13.594576617864174,127.0
block.7.attn.output,4,0.5,cfg_conditional,163840,0.5697751600822372,0.007406871146695762,0.01299963856905715,0.006095375062469928,0.9999155035149929,0.0067138671875,13.867802657480315,127.0
block.7.attn.output,4,0.5,cfg_null,163840,0.5674469040202209,0.00735540058691096,0.012962271068534812,0.006099294282147252,0.9999159884081281,0.006103515625,13.816297636257381,127.0
block.7.attn.output,4,0.5,plain,163840,0.542836825742614,0.007039565301685988,0.012968105640319612,0.006079755615388466,0.9999159199169504,0.0018310546875,13.286911371186024,127.0
block.7.attn.output,5,0.375,cfg_conditional,163840,0.5600901195918361,0.007355191379483038,0.013132156990812677,0.006090625410444362,0.9999137745480474,0.0048828125,13.660965566560039,127.0
block.7.attn.output,5,0.375,cfg_null,163840,0.5585268384432099,0.007320358114900312,0.013106546742327467,0.0060893345051817776,0.9999141107603957,0.0048828125,13.626569612758367,127.0
block.7.attn.output,5,0.375,plain,163840,0.5345283597765179,0.00700661576493386,0.013108033721285193,0.00606463784781928,0.9999141144852611,0.0,13.115296851931594,127.0
block.7.attn.output,6,0.25,cfg_conditional,163840,0.5506949102543401,0.007280315197094831,0.013220233311639643,0.006092084711206254,0.9999126122951747,0.0030517578125,13.51735032449557,127.0
block.7.attn.output,6,0.25,cfg_null,163840,0.54996622117069,0.0072503693509319836,0.013183299395185446,0.006076078659688942,0.9999131092444283,0.0030517578125,13.499885619156004,127.0
block.7.attn.output,6,0.25,plain,163840,0.528005753824712,0.007003381119723856,0.013263834852164976,0.00605980490888801,0.9999120735874405,0.0,13.0255126953125,123.0
block.7.attn.output,7,0.125,cfg_conditional,163840,0.5345068538901658,0.00717669232245181,0.013426754531245966,0.006091403820270734,0.9999098738775622,0.0018310546875,13.280235951341043,127.0
block.7.attn.output,7,0.125,cfg_null,163840,0.5334694734081011,0.007158474713425189,0.013418714791106701,0.006079701141394672,0.999910003825531,0.0018310546875,13.257230022760826,127.0
block.7.attn.output,7,0.125,plain,163840,0.5140355231837141,0.007029006676542085,0.013674165226962237,0.006088561870584636,0.999906549518856,0.0,12.825990211306594,119.0
block.7.attn.q_post,0,1.0,cfg_conditional,163840,2.0884036225064033,0.020579341819587826,0.009854101763570718,0.017455479787213336,0.9999514478358295,0.0,17.488667645792322,117.0
block.7.attn.q_post,0,1.0,cfg_null,163840,2.0895507200407906,0.020568865102289863,0.009843678310851594,0.01745425999872623,0.9999515528518891,0.0,17.49886580339567,122.0
block.7.attn.q_post,0,1.0,plain,163840,2.0887888923139544,0.02060100846068548,0.009862657033695607,0.017483662208269378,0.9999513663036648,0.0,17.497486504982774,119.0
block.7.attn.q_post,1,0.875,cfg_conditional,163840,2.0846591234398124,0.020593515421099825,0.00987860086550711,0.017472057209261038,0.9999512088149258,0.0,17.482958215428148,125.0
block.7.attn.q_post,1,0.875,cfg_null,163840,2.085408536711661,0.02054541907353881,0.009851987613868449,0.01741618514597576,0.9999514710775045,0.0006103515625,17.503104622908463,127.0
block.7.attn.q_post,1,0.875,plain,163840,2.0856061721200865,0.020577684318232523,0.009866524463396,0.017458025404857837,0.9999513324854166,0.0,17.497616264763778,122.0
block.7.attn.q_post,2,0.75,cfg_conditional,163840,2.0781000563050407,0.02055618352591542,0.009891816067059484,0.017401254888204674,0.9999510821472969,0.0018310546875,17.446716789185533,127.0
block.7.attn.q_post,2,0.75,cfg_null,163840,2.078520941310809,0.02059352863564239,0.009907780203867074,0.017418598523295258,0.9999509178260813,0.0018310546875,17.457376314899115,127.0
block.7.attn.q_post,2,0.75,plain,163840,2.0821697874240144,0.020523720486823657,0.009856890927331562,0.017371439746534635,0.9999514230874769,0.001220703125,17.484294260580707,127.0
block.7.attn.q_post,3,0.625,cfg_conditional,163840,2.074440175952121,0.020609288078273856,0.009934867400461265,0.01735946843500642,0.9999506517005367,0.0030517578125,17.418991449311022,127.0
block.7.attn.q_post,3,0.625,cfg_null,163840,2.0744045356273433,0.020483428690659226,0.00987436555351756,0.017273314843032496,0.9999512492613074,0.0030517578125,17.42157222717766,127.0
block.7.attn.q_post,3,0.625,plain,163840,2.0795372178975766,0.020532962209950007,0.009873813285587138,0.017292481925778702,0.9999512539345343,0.003662109375,17.462605153481793,127.0
block.7.attn.q_post,4,0.5,cfg_conditional,163840,2.07138917854451,0.020507894715548314,0.009900551247428292,0.017257700945060607,0.9999509906930264,0.00244140625,17.397907887856793,127.0
block.7.attn.q_post,4,0.5,cfg_null,163840,2.071224626351082,0.020541428942503402,0.00991752834587123,0.017257547093799987,0.9999508237276944,0.00244140625,17.396033579908956,127.0
block.7.attn.q_post,4,0.5,plain,163840,2.0745863176521433,0.020543107139415765,0.009902266762592394,0.01729485950340859,0.9999509713579265,0.0030517578125,17.42016889917569,127.0
block.7.attn.q_post,5,0.375,cfg_conditional,163840,2.066079109486787,0.020489586669319288,0.009917135590422232,0.0172334675945649,0.999950830087126,0.0030517578125,17.353996216781496,127.0
block.7.attn.q_post,5,0.375,cfg_null,163840,2.0661064403488907,0.020476324371961754,0.009910585423906836,0.017229301159090937,0.999950890864902,0.00244140625,17.349915992556596,127.0
block.7.attn.q_post,5,0.375,plain,163840,2.0676041001502563,0.020524027070519323,0.009926478221351858,0.017238116411772354,0.9999507380157854,0.0048828125,17.365049827755904,127.0
block.7.attn.q_post,6,0.25,cfg_conditional,163840,2.0560336654473814,0.020590446163321976,0.010014644462955139,0.017170234768559566,0.9999498590923308,0.003662109375,17.26155438761073,127.0
block.7.attn.q_post,6,0.25,cfg_null,163840,2.0559107025776595,0.020432421716993734,0.009938379955596308,0.017128359870639542,0.9999506166956197,0.001220703125,17.264178418737696,127.0
block.7.attn.q_post,6,0.25,plain,163840,2.0561437653618726,0.020539858158194105,0.009989504870336329,0.01716723067233943,0.9999501053861223,0.0030517578125,17.255301888533463,127.0
block.7.attn.q_post,7,0.125,cfg_conditional,163840,2.0391753548336613,0.02040400313306735,0.010006007126705263,0.017034068070574903,0.9999499428627658,0.0030517578125,17.076243002583663,127.0
block.7.attn.q_post,7,0.125,cfg_null,163840,2.0396292146135853,0.020379963437245067,0.00999199427583514,0.01707249144515117,0.9999500803941078,0.0018310546875,17.079674427903544,127.0
block.7.attn.q_post,7,0.125,plain,163840,2.0392349741893554,0.020538779302489388,0.010071806124575734,0.017087248401708166,0.9999492805173333,0.003662109375,17.079957977054626,127.0
block.7.attn.q_pre,0,1.0,cfg_conditional,163840,1.695001191279317,0.3952685954404475,0.2331966475741029,0.0423044276838894,0.9761896102577625,0.1953125,8.03348571296752,127.0
block.7.attn.q_pre,0,1.0,cfg_null,163840,1.687768912205894,0.39894012999794354,0.23637129888625183,0.042450715252574156,0.9755838286415821,0.1953125,7.977006566806103,127.0
block.7.attn.q_pre,0,1.0,plain,163840,1.6852375121618208,0.3908613082063756,0.231932475621777,0.042092582129630074,0.9764509937548013,0.1953125,7.999027282234252,127.0
block.7.attn.q_pre,1,0.875,cfg_conditional,163840,1.7020476185503293,0.4111828128092547,0.24158126266729718,0.042547846099807884,0.9742366084471417,0.1953125,7.975559985543799,127.0
block.7.attn.q_pre,1,0.875,cfg_null,163840,1.69149827475599,0.4121920296820621,0.2436845699659514,0.04269314625306055,0.9738470191240273,0.1953125,7.91692778820128,127.0
block.7.attn.q_pre,1,0.875,plain,163840,1.6833330600458924,0.40494545870527165,0.24056169769174005,0.04218277629606852,0.9744233151101712,0.1953125,7.909550704355315,127.0
block.7.attn.q_pre,2,0.75,cfg_conditional,163840,1.5208761021667931,0.2856464726952095,0.18781705642441798,0.037106246301816984,0.9847993805915853,0.1953125,7.256138118233268,127.0
block.7.attn.q_pre,2,0.75,cfg_null,163840,1.5025019160090751,0.28133936472878424,0.18724725854331953,0.03681841315490182,0.9849454083926996,0.1953125,7.162297766978346,127.0
block.7.attn.q_pre,2,0.75,plain,163840,1.4850555422895018,0.27772355485671885,0.18701223418792404,0.03653319008698084,0.9849721235153351,0.1953125,7.090329147699311,127.0
block.7.attn.q_pre,3,0.625,cfg_conditional,163840,1.3919570291010595,0.21451217799509167,0.15410833345453623,0.03374388003308848,0.9898751585707932,0.1922607421875,6.6786013625738185,127.0
block.7.attn.q_pre,3,0.625,cfg_null,163840,1.3786978585533027,0.2114508369215402,0.15336996109025666,0.03357477912513236,0.989980751533038,0.191650390625,6.611039769931103,127.0
block.7.attn.q_pre,3,0.625,plain,163840,1.351580339889917,0.20770696817995693,0.15367711563255956,0.03317026897864288,0.9899026047143454,0.1922607421875,6.489147276390256,127.0
block.7.attn.q_pre,4,0.5,cfg_conditional,163840,1.285472393384199,0.16240846587828836,0.1263414653742378,0.031103596933535017,0.9931545031322772,0.1763916015625,6.205035832923229,127.0
block.7.attn.q_pre,4,0.5,cfg_null,163840,1.2782350437039245,0.16039073366596754,0.12547827917564008,0.031078544158535594,0.9932421256790709,0.1763916015625,6.168011042076771,127.0
block.7.attn.q_pre,4,0.5,plain,163840,1.250686143085746,0.15909375529586817,0.12720517947320123,0.030836508885662185,0.9930436737166379,0.1708984375,6.02421798105315,127.0
block.7.attn.q_pre,5,0.375,cfg_conditional,163840,1.1992795626628008,0.12141487119012202,0.1012398401258006,0.029212935544478215,0.9955259692796969,0.159912109375,5.817923958845965,127.0
block.7.attn.q_pre,5,0.375,cfg_null,163840,1.1955341445278882,0.12208356082290113,0.10211633133331499,0.029237739531274086,0.9954364997453378,0.1568603515625,5.79414427749754,127.0
block.7.attn.q_pre,5,0.375,plain,163840,1.1718890449313677,0.12448675165934452,0.1062274216127988,0.029127885302229827,0.9950555673590153,0.152587890625,5.656959353469488,127.0
block.7.attn.q_pre,6,0.25,cfg_conditional,163840,1.1133698528582439,0.08623066453038826,0.07745015217451491,0.027596093911629715,0.9972881563806744,0.1226806640625,5.414938138225886,127.0
block.7.attn.q_pre,6,0.25,cfg_null,163840,1.1112821698967943,0.08706128707401983,0.0783430972190486,0.027636183822584214,0.9972227707377576,0.11962890625,5.402394692728839,127.0
block.7.attn.q_pre,6,0.25,plain,163840,1.0939340889291473,0.09216601064670132,0.08425188645224749,0.027722958246912198,0.9968053414193055,0.123291015625,5.282299612450787,127.0
block.7.attn.q_pre,7,0.125,cfg_conditional,163840,0.9754092397045956,0.046581226175519186,0.0477555719993245,0.02592499823237837,0.9988894594138918,0.06103515625,4.728033110851378,127.0
block.7.attn.q_pre,7,0.125,cfg_null,163840,0.973439439414226,0.04676210878188385,0.048038025673197794,0.025929650282574813,0.998877094138982,0.0579833984375,4.71681609867126,127.0
block.7.attn.q_pre,7,0.125,plain,163840,0.9597395776107676,0.05266872072816127,0.05487813773323582,0.02604159690648622,0.9985492056413433,0.0592041015625,4.615742841104823,127.0
block.7.attn.softmax,0,1.0,cfg_conditional,327680,0.07378665343525613,0.0017885967605471974,0.024240112232716937,0.0012374489417948356,0.9997063202691655,0.0,1.5471018393208662,127.0
block.7.attn.softmax,0,1.0,cfg_null,327680,0.07390768019504856,0.0017856903722242412,0.024161093508978423,0.0012346081129608782,0.9997082651127287,0.0,1.5477938914862204,127.0
block.7.attn.softmax,0,1.0,plain,327680,0.07387689794105638,0.0017943654598444254,0.024288586958213683,0.0012426228179280043,0.9997051091992953,0.0,1.5473901943897639,127.0
block.7.attn.softmax,1,0.875,cfg_conditional,327680,0.07791455596078412,0.0017000698465958843,0.02181966932406779,0.00113778773406448,0.9997620127911825,0.0,1.5417600616695375,127.0
block.7.attn.softmax,1,0.875,cfg_null,327680,0.07798810390815941,0.0017065572412261365,0.02188227634352821,0.0011428878133662964,0.9997606638612467,0.0,1.5421565498892718,127.0
block.7.attn.softmax,1,0.875,plain,327680,0.07796008819462892,0.0017101713864375795,0.02193649886808879,0.0011448551223679454,0.9997594562711065,0.0,1.541873000738189,127.0
block.7.attn.softmax,2,0.75,cfg_conditional,327680,0.08006243382351887,0.001659067398734887,0.020722170430041625,0.0010890841796845074,0.9997853471305007,0.0,1.5413539616141732,127.0
block.7.attn.softmax,2,0.75,cfg_null,327680,0.08002269019822342,0.001664351040439105,0.020798488982516804,0.0010950364755743913,0.9997838284467501,0.0,1.541752852792815,127.0
block.7.attn.softmax,2,0.75,plain,327680,0.07994300469979256,0.0016869930422693886,0.02110244728234197,0.0011157158158714227,0.9997773925687327,0.0,1.5424641286294292,127.0
block.7.attn.softmax,3,0.625,cfg_conditional,327680,0.08230480939600156,0.0016159431177109338,0.01963364145509385,0.0010379982721748233,0.9998073351169731,0.0,1.541512556902067,127.0
block.7.attn.softmax,3,0.625,cfg_null,327680,0.08226717751950363,0.0016179435581852998,0.019666938953894743,0.0010400020242260488,0.9998066830779437,0.0,1.5420291930671752,127.0
block.7.attn.softmax,3,0.625,plain,327680,0.08196768603044609,0.0016504212831355586,0.020135023483797334,0.0010731945824718147,0.9997974091953725,0.0,1.5426996186023623,127.0
block.7.attn.softmax,4,0.5,cfg_conditional,327680,0.08389042409489778,0.0015824435629435,0.018863220445201497,0.0009993764070694924,0.999822189243911,0.0,1.5415894515871063,127.0
block.7.attn.softmax,4,0.5,cfg_null,327680,0.0838778759168549,0.001582625227900273,0.0188682082205929,0.0009994861751664878,0.9998220703016705,0.0,1.5414933332308072,127.0
block.7.attn.softmax,4,0.5,plain,327680,0.08338227330810945,0.0016179595032082606,0.01940411839372223,0.0010363648284322541,0.999811824581612,0.0,1.5423752191498523,127.0
block.7.attn.softmax,5,0.375,cfg_conditional,327680,0.08521342831884161,0.0015493124517462326,0.01818155286452268,0.0009623092559979806,0.9998348087394135,0.0,1.5412410225455218,127.0
block.7.attn.softmax,5,0.375,cfg_null,327680,0.08522542401695084,0.0015479276060644243,0.018162744555621696,0.0009614048706956775,0.9998351541117018,0.0,1.541332334984006,127.0
block.7.attn.softmax,5,0.375,plain,327680,0.08459018163117939,0.0015860906765390178,0.018750292834864835,0.0010005274269368058,0.9998243229936778,0.0,1.5421925942728838,127.0
block.7.attn.softmax,6,0.25,cfg_conditional,327680,0.0866784688579778,0.0015031020688341492,0.017341123910448553,0.0009120580468373375,0.9998497536653468,0.0,1.5415437953678641,127.0
block.7.attn.softmax,6,0.25,cfg_null,327680,0.08668692424650383,0.001501394129932216,0.017319730085968172,0.0009100751417902189,0.9998500975588839,0.0,1.5415702279158465,127.0
block.7.attn.softmax,6,0.25,plain,327680,0.08591758051015183,0.0015425943333740796,0.017954350253052226,0.000952995705287238,0.9998388818192672,0.0,1.541202575203002,127.0
block.7.attn.softmax,7,0.125,cfg_conditional,327680,0.08938501744897638,0.0014169563715983678,0.015852280527966653,0.0008171266026200169,0.9998744415200301,0.0,1.5421469380536417,127.0
block.7.attn.softmax,7,0.125,cfg_null,327680,0.08937456019597463,0.0014116456133150591,0.01579471395685412,0.0008136834123485401,0.9998753737928583,0.0,1.5421469380536417,127.0
block.7.attn.softmax,7,0.125,plain,327680,0.08831111517139824,0.0014554777586679034,0.016481252171292888,0.0008579978281128012,0.9998642706857013,0.0,1.541983536847933,127.0
block.7.attn.v,0,1.0,cfg_conditional,163840,0.7657129031652293,0.009889571269169267,0.01291550818627807,0.0072766994989407864,0.9999166154499334,0.0189208984375,16.001485989788385,127.0
block.7.attn.v,0,1.0,cfg_null,163840,0.758025387801424,0.00929979387715572,0.012268446448909622,0.007251860257218468,0.9999247494608332,0.0146484375,15.826214167076772,127.0
block.7.attn.v,0,1.0,plain,163840,0.7610326317640534,0.010055846029850565,0.013213422933707036,0.007296838802409056,0.9999127733438073,0.0244140625,15.930973563607283,127.0
block.7.attn.v,1,0.875,cfg_conditional,163840,0.8084874423556855,0.010947849202245818,0.013541149347165033,0.007323925807661169,0.999908386350166,0.029296875,16.94266251691683,127.0
block.7.attn.v,1,0.875,cfg_null,163840,0.7982030280354211,0.010179015261800376,0.012752413739714192,0.0072985047975542726,0.9999187182275356,0.02685546875,16.735570712352363,127.0
block.7.attn.v,1,0.875,plain,163840,0.7984036500026813,0.01139190962244915,0.01426835864591913,0.007311676269710432,0.9998982937358786,0.025634765625,16.762354092335137,127.0
block.7.attn.v,2,0.75,cfg_conditional,163840,0.7929699190066569,0.010650625840163725,0.013431311308133385,0.00728479291029629,0.9999098311346201,0.0152587890625,16.7573943851501,127.0
block.7.attn.v,2,0.75,cfg_null,163840,0.7810076043101828,0.01032792108425869,0.013223841902769595,0.00728220349911588,0.9999125888055118,0.0115966796875,16.51186004398376,127.0
block.7.attn.v,2,0.75,plain,163840,0.7681479073919566,0.009254738208604825,0.012048120055455002,0.0072674860944076155,0.9999274199202791,0.006103515625,16.27535121647392,127.0
block.7.attn.v,3,0.625,cfg_conditional,163840,0.7802200545495482,0.010510622551031386,0.013471356561194242,0.007277314774812282,0.9999092792741326,0.01220703125,16.572111835629922,127.0
block.7.attn.v,3,0.625,cfg_null,163840,0.7732141939533481,0.010444182794091572,0.013507489743161287,0.007289001265749917,0.9999087802875555,0.0091552734375,16.42584853284941,127.0
block.7.attn.v,3,0.625,plain,163840,0.7494296898137691,0.008709627142287114,0.011621673468062666,0.007254262715705906,0.9999324662787955,0.003662109375,15.95945343257874,127.0
block.7.attn.v,4,0.5,cfg_conditional,163840,0.7599392733307089,0.009731092284082532,0.01280509196666794,0.007276262616015927,0.9999180237374271,0.0091552734375,16.19688019039124,127.0
block.7.attn.v,4,0.5,cfg_null,163840,0.7569197738350897,0.009808653903884324,0.012958644024038058,0.0072714066287687725,0.9999160447672208,0.008544921875,16.13043837659941,127.0
block.7.attn.v,4,0.5,plain,163840,0.7305945752675805,0.008538364959745262,0.011686871554744412,0.007251046081528756,0.9999317093157691,0.0030517578125,15.611043614665354,127.0
block.7.attn.v,5,0.375,cfg_conditional,163840,0.739722001468182,0.008967454603043757,0.01212273608902449,0.007269975769701631,0.9999265189432365,0.00732421875,15.793101393331693,127.0
block.7.attn.v,5,0.375,cfg_null,163840,0.7377943314469942,0.008993255739953054,0.012189380368801548,0.007252254987788831,0.999925706791771,0.0079345703125,15.752255897822343,127.0
block.7.attn.v,5,0.375,plain,163840,0.7128789853702702,0.008512112706659693,0.011940473602596788,0.007223595782829051,0.9999287155190427,0.001220703125,15.261778343380906,127.0
block.7.attn.v,6,0.25,cfg_conditional,163840,0.7113983374108329,0.008520110061224549,0.01197656729453977,0.0072518726658010735,0.9999282806363022,0.0054931640625,15.210081085445374,127.0
block.7.attn.v,6,0.25,cfg_null,163840,0.7106150171524458,0.008516505844412789,0.011984697253570384,0.007230148886106491,0.999928183867177,0.003662109375,15.193380521038385,127.0
block.7.attn.v,6,0.25,plain,163840,0.6883966199203652,0.00846844615854927,0.012301696309213305,0.007262251933614294,0.9999243446327599,0.001220703125,14.756580262672244,127.0
block.7.attn.v,7,0.125,cfg_conditional,163840,0.6564025856438742,0.008341806525182287,0.012708369387362629,0.0072186077624323275,0.9999192612275922,0.0006103515625,14.054171344426674,127.0
block.7.attn.v,7,0.125,cfg_null,163840,0.6553736647947369,0.008360140313904755,0.012756295779024249,0.0072413350455036605,0.9999186438270242,0.0006103515625,14.031088521161417,127.0
block.7.attn.v,7,0.125,plain,163840,0.6352960156378994,0.008354213432485129,0.013150111486370146,0.007227903769897815,0.9999135463946801,0.001220703125,13.634465735728346,127.0
block.7.mlp.activation_input,0,1.0,cfg_conditional,655360,0.9284001664153342,0.009097462401658846,0.009799074505539193,0.007318009269324355,0.999951989030968,0.011749267578125,19.918649027666707,127.0
block.7.mlp.activation_input,0,1.0,cfg_null,655360,0.9251915398400109,0.00888265475170202,0.009600881946281153,0.007317453269956875,0.9999539105438385,0.010986328125,19.8640838382751,127.0
block.7.mlp.activation_input,0,1.0,plain,655360,0.9251569169756887,0.00924853831081728,0.009996723951489749,0.007326760526599241,0.9999500341630274,0.01434326171875,19.8537571223702,127.0
block.7.mlp.activation_input,1,0.875,cfg_conditional,655360,0.8990012643627897,0.010256325673080671,0.01140857758453803,0.007369480007729834,0.9999349525371881,0.02349853515625,19.085239200141487,127.0
block.7.mlp.activation_input,1,0.875,cfg_null,655360,0.8941607638543015,0.00997641691954724,0.011157296677326407,0.007358906320998804,0.9999377685497085,0.020904541015625,18.979614738404283,127.0
block.7.mlp.activation_input,1,0.875,plain,655360,0.8979554075566587,0.01318388571978442,0.014682116293121774,0.007434604859116156,0.9998923585865371,0.03509521484375,19.07503143070251,127.0
block.7.mlp.activation_input,2,0.75,cfg_conditional,655360,0.8679756914982047,0.012495711085003382,0.014396383686085323,0.0074392103807326745,0.9998965467053388,0.037384033203125,18.53147131251538,127.0
block.7.mlp.activation_input,2,0.75,cfg_null,655360,0.8601874978801709,0.012126974602938188,0.014098059589128725,0.007424043328304419,0.9999007877914461,0.03814697265625,18.36082037978285,127.0
block.7.mlp.activation_input,2,0.75,plain,655360,0.8549723706923764,0.018148679363873786,0.02122721152869135,0.007556211159314841,0.9997755067552162,0.054931640625,18.23175024798536,127.0
block.7.mlp.activation_input,3,0.625,cfg_conditional,655360,0.8678903233915344,0.013483084454451707,0.015535470428754897,0.007468121076426093,0.9998795916142258,0.0408935546875,18.59917948565145,127.0
block.7.mlp.activation_input,3,0.625,cfg_null,655360,0.8626879929899016,0.01327883537889104,0.01539239619282203,0.007452613863358959,0.9998817805329028,0.040740966796875,18.486292080616387,127.0
block.7.mlp.activation_input,3,0.625,plain,655360,0.8498560177375701,0.019616399884349912,0.023082027396324593,0.0076113958365922494,0.9997347328764594,0.060272216796875,18.181629331093134,127.0
block.7.mlp.activation_input,4,0.5,cfg_conditional,655360,0.8595792924595271,0.012835397987314518,0.014932186128621598,0.007438359363326952,0.9998887242844461,0.035858154296875,18.46606036809486,127.0
block.7.mlp.activation_input,4,0.5,cfg_null,655360,0.8563452094614354,0.012814099375604106,0.014963707666050971,0.007443103905064574,0.9998882489430021,0.03570556640625,18.392746091827632,127.0
block.7.mlp.activation_input,4,0.5,plain,655360,0.8432164707737668,0.018775272072347398,0.022266253949141328,0.007586365106053527,0.9997531167538284,0.057220458984375,18.074032040092888,127.0
block.7.mlp.activation_input,5,0.375,cfg_conditional,655360,0.8499430215697614,0.011571681964236248,0.01361465612467114,0.007394532551056265,0.9999074168005431,0.029296875,18.309459536094366,127.0
block.7.mlp.activation_input,5,0.375,cfg_null,655360,0.8478587667305583,0.011497579240068594,0.013560724605590378,0.007393680901214528,0.9999081500458481,0.028839111328125,18.262944259042815,127.0
block.7.mlp.activation_input,5,0.375,plain,655360,0.8365478250797018,0.0168518846519541,0.02014455617089022,0.007522415974214436,0.9997976879345543,0.045928955078125,17.981299452894316,127.0
block.7.mlp.activation_input,6,0.25,cfg_conditional,655360,0.8428124033539897,0.010291918594846674,0.012211399065663686,0.007360383428852457,0.9999254652865923,0.019378662109375,18.22154127706693,127.0
block.7.mlp.activation_input,6,0.25,cfg_null,655360,0.8413118931827925,0.010279879322701115,0.012218868419666566,0.007357718201689023,0.9999253731995018,0.01861572265625,18.18911574956939,127.0
block.7.mlp.activation_input,6,0.25,plain,655360,0.8335277421061699,0.014759714174985613,0.017707526011900402,0.007451617404846389,0.9998434869676147,0.03265380859375,17.982998344841903,127.0
block.7.mlp.activation_input,7,0.125,cfg_conditional,655360,0.8523371127665731,0.009197397235141389,0.010790797558125632,0.007330237881669932,0.9999417780350062,0.00885009765625,18.450203242264394,127.0
block.7.mlp.activation_input,7,0.125,cfg_null,655360,0.8506468575114365,0.009198814541830521,0.010813905277616154,0.007318047219824386,0.9999415290948973,0.0091552734375,18.41310756413017,127.0
block.7.mlp.activation_input,7,0.125,plain,655360,0.846624145517583,0.012661106468440955,0.014954813816112694,0.007381911528901863,0.9998882389493201,0.01861572265625,18.285873292937993,127.0
block.7.mlp.activation_output,0,1.0,cfg_conditional,655360,1.2890291544700245,0.018678945280527572,0.014490708154857283,0.012281889329195295,0.9998953386925722,0.001220703125,5.94024658203125,127.0
block.7.mlp.activation_output,0,1.0,cfg_null,655360,1.2811264326600047,0.018438348109062704,0.014392293874367367,0.012251314020784587,0.9998967598739791,0.001068115234375,5.908475860835999,127.0
block.7.mlp.activation_output,0,1.0,plain,655360,1.2827126814434293,0.018438691680971557,0.01437476369238246,0.01225542414170393,0.9998969521041728,0.000457763671875,5.904440091350886,127.0
block.7.mlp.activation_output,1,0.875,cfg_conditional,655360,1.2170865783301048,0.019830296092048994,0.016293250164057364,0.012950698378946334,0.9998679021350879,0.004730224609375,5.533478504090797,127.0
block.7.mlp.activation_output,1,0.875,cfg_null,655360,1.206439146939682,0.019650988513287036,0.016288420815202143,0.012926779786843135,0.9998679122412928,0.00274658203125,5.489316925289124,127.0
block.7.mlp.activation_output,1,0.875,plain,655360,1.2089481747555888,0.020021546684576584,0.01656112900672877,0.012924079619269512,0.9998635120249716,0.004119873046875,5.498896320973794,127.0
block.7.mlp.activation_output,2,0.75,cfg_conditional,655360,1.1137738730522464,0.022013387185925038,0.01976468268697878,0.013914250236875602,0.9998058927750404,0.006103515625,5.107406255767101,127.0
block.7.mlp.activation_output,2,0.75,cfg_null,655360,1.0971560183970852,0.02130564274717546,0.019418972680204972,0.013891484973547997,0.9998125175206097,0.005340576171875,5.034004271499754,127.0
block.7.mlp.activation_output,2,0.75,plain,655360,1.0776424596745842,0.021503749871908166,0.019954438208013497,0.013981638459049605,0.9998020073406372,0.004730224609375,4.955791563499631,127.0
block.7.mlp.activation_output,3,0.625,cfg_conditional,655360,1.0939094398439149,0.02214969640649836,0.02024819934789008,0.013987997159630793,0.9997962118644594,0.005645751953125,5.05791251114973,127.0
block.7.mlp.activation_output,3,0.625,cfg_null,655360,1.08313957981821,0.02172597638076704,0.020058334849524607,0.013986892708091503,0.9998000496259232,0.005340576171875,5.007733923243725,127.0
block.7.mlp.activation_output,3,0.625,plain,655360,1.0478009948055864,0.021775102814148597,0.020781716110308567,0.014136055024420457,0.9997852676940894,0.00396728515625,4.863389383150837,127.0
block.7.mlp.activation_output,4,0.5,cfg_conditional,655360,1.0665361398146365,0.02180531510610284,0.020444984742751048,0.014024601030680017,0.9997921414878045,0.003814697265625,4.985936682993971,127.0
block.7.mlp.activation_output,4,0.5,cfg_null,655360,1.0598176042672927,0.021866695727935224,0.020632508499472242,0.014017273399642871,0.999788319556805,0.00335693359375,4.9524550550565944,127.0
block.7.mlp.activation_output,4,0.5,plain,655360,1.0249558937594092,0.02171205468177416,0.021183403904471515,0.014158352895425264,0.9997769716157493,0.00335693359375,4.802113931010089,127.0
block.7.mlp.activation_output,5,0.375,cfg_conditional,655360,1.0495416048814972,0.02117721242774567,0.020177582602965767,0.014153789413594709,0.9997975087600809,0.001983642578125,4.967429093488558,127.0
block.7.mlp.activation_output,5,0.375,cfg_null,655360,1.0451547527068734,0.02149627544115195,0.020567552685837372,0.014148202829160007,0.9997896107390029,0.002288818359375,4.944926584799458,127.0
block.7.mlp.activation_output,5,0.375,plain,655360,1.015990477032247,0.021452121290261694,0.02111449051463975,0.014286207757945136,0.9997784299026647,0.002899169921875,4.809895913431964,127.0
block.7.mlp.activation_output,6,0.25,cfg_conditional,655360,1.052083007831428,0.020685000733266932,0.019660996878852,0.014430800674557532,0.9998076726847822,0.001373291015625,5.065886730284203,127.0
block.7.mlp.activation_output,6,0.25,cfg_null,655360,1.0487574421812382,0.02065482961935607,0.01969457263292217,0.014422901818872624,0.9998071284375347,0.001678466796875,5.04793182132751,127.0
block.7.mlp.activation_output,6,0.25,plain,655360,1.0289434830613704,0.021599006006504547,0.020991440601034736,0.014571128925211951,0.9997810314966882,0.00244140625,4.94488213005967,127.0
block.7.mlp.activation_output,7,0.125,cfg_conditional,655360,1.1219791839437558,0.020617440127477696,0.018375956009279434,0.014790990203110432,0.999831959904281,0.0006103515625,5.502582459937869,127.0
block.7.mlp.activation_output,7,0.125,cfg_null,655360,1.1170841521354606,0.020627592460829892,0.018465567183454712,0.014797717174708413,0.999830327817338,0.000762939453125,5.477737066313976,127.0
block.7.mlp.activation_output,7,0.125,plain,655360,1.1065058406585722,0.021145900705376017,0.019110518831776217,0.014884946606118898,0.9998182651725323,0.0018310546875,5.411435825618233,127.0
block.7.mlp.input,0,1.0,cfg_conditional,163840,0.8603749674292633,0.045023488048602824,0.05233007671426061,0.018473246025200042,0.99928436103272,0.7489013671875,5.473517470472441,127.0
block.7.mlp.input,0,1.0,cfg_null,163840,0.863343880876916,0.048986806574441155,0.056740781581360436,0.018834487391950462,0.9992257567536776,0.758056640625,5.455437607652559,127.0
block.7.mlp.input,0,1.0,plain,163840,0.8600889424587678,0.045803295536798065,0.05325413835208543,0.01851740914699107,0.9992731765068726,0.7470703125,5.458287516916831,127.0
block.7.mlp.input,1,0.875,cfg_conditional,163840,0.8314669733121832,0.020952483389514474,0.025199417489848556,0.015827900286998896,0.999714476750808,0.5389404296875,5.39492629644439,127.0
block.7.mlp.input,1,0.875,cfg_null,163840,0.829600246947116,0.02120643988360378,0.02556223911654117,0.015868236645167143,0.9997100628012241,0.5462646484375,5.359761395792323,127.0
block.7.mlp.input,1,0.875,plain,163840,0.8300744500302824,0.021107252985386134,0.025428144408752865,0.015872920280379434,0.9997112320048765,0.540771484375,5.360712967519685,127.0
block.7.mlp.input,2,0.75,cfg_conditional,163840,0.7779318512420833,0.01749545734513531,0.022489704358037564,0.015138456967212477,0.9997472458662428,0.0,5.256684070497047,121.0
block.7.mlp.input,2,0.75,cfg_null,163840,0.7734054534306587,0.017533984497433958,0.02267114153340529,0.015193328493739954,0.99974315885493,0.0,5.197917307455708,120.0
block.7.mlp.input,2,0.75,plain,163840,0.7685313058709572,0.01751731445335969,0.022793234731677922,0.015167345393953724,0.9997402812970939,0.0,5.09829543706939,121.0
block.7.mlp.input,3,0.625,cfg_conditional,163840,0.7567673841870995,0.01750728999764194,0.023134308327053273,0.015156013194371099,0.9997324687780109,0.0,5.440255713275098,113.0
block.7.mlp.input,3,0.625,cfg_null,163840,0.7532396585799591,0.017503264430262212,0.0232373113004434,0.015166956365194295,0.9997300979897736,0.0,5.399525559793307,112.0
block.7.mlp.input,3,0.625,plain,163840,0.7429397788974633,0.01750204797451272,0.02355782860420543,0.015158402436272844,0.9997226465285723,0.0,5.22646926519439,113.0
block.7.mlp.input,4,0.5,cfg_conditional,163840,0.7343053487950325,0.017460076344184554,0.02377767828170649,0.015109872065796637,0.9997174550607077,0.0,5.532039131705217,106.0
block.7.mlp.input,4,0.5,cfg_null,163840,0.7321716110777247,0.01752039144685772,0.0239293509633192,0.015184629906334735,0.9997138640736183,0.0,5.5095810777559056,105.0
block.7.mlp.input,4,0.5,plain,163840,0.7210557896788026,0.017540880943032133,0.024326662644017873,0.01520435685604582,0.9997042710928734,0.0,5.331517016793799,106.0
block.7.mlp.input,5,0.375,cfg_conditional,163840,0.7146046762347662,0.017502698774530933,0.024492841086280328,0.015161386690171242,0.9997002405970584,0.0,5.55546798105315,101.0
block.7.mlp.input,5,0.375,cfg_null,163840,0.7132953162231138,0.017522042822345228,0.02456492062099067,0.015188465451679534,0.9996984062040908,0.0,5.544082761749508,100.0
block.7.mlp.input,5,0.375,plain,163840,0.7029262231747384,0.017498441777082475,0.024893710321477917,0.015157716038593349,0.9996903293527817,0.0,5.3741455078125,102.0
block.7.mlp.input,6,0.25,cfg_conditional,163840,0.697906041224221,0.01750355857249338,0.025080107548273674,0.015149783052262934,0.9996856638608174,0.0,5.506394754244587,97.0
block.7.mlp.input,6,0.25,cfg_null,163840,0.6969596550099014,0.017531222517352067,0.025153855594558062,0.015182439341512578,0.9996837830630727,0.0,5.502449095718504,96.0
block.7.mlp.input,6,0.25,plain,163840,0.6884359948429427,0.01753405292730555,0.025469401743448503,0.015185653120882847,0.9996758369803352,0.0,5.3521872693159445,98.0
block.7.mlp.input,7,0.125,cfg_conditional,163840,0.6874681987052567,0.017542864879754653,0.0255180747455577,0.015198124102533229,0.9996745337090976,0.0,5.375097079539862,93.0
block.7.mlp.input,7,0.125,cfg_null,163840,0.6862445258122755,0.01748283583871473,0.025476102440338034,0.015134039764148354,0.9996755983286518,0.0,5.368008350762795,93.0
block.7.mlp.input,7,0.125,plain,163840,0.6796124200956678,0.017499018207991764,0.02574852620487492,0.015153488352218858,0.9996687102999015,0.0,5.242314376230315,95.0
embed.z,0,1.0,cfg_conditional,40960,0.998892243888953,0.043187673040704755,0.043235567504822804,0.008103847193042668,0.9990962249987939,0.93994140625,30.66886841781496,127.0
embed.z,0,1.0,cfg_null,40960,0.9988922438889531,0.043187673040704755,0.043235567504822804,0.008103847193042668,0.9990962249987939,0.93994140625,30.66886841781496,127.0
embed.z,0,1.0,plain,40960,0.9940077844696376,0.04213318386721155,0.042387176967323366,0.008022188952756165,0.9991321117988842,0.8935546875,30.541492372047244,127.0
embed.z,1,0.875,cfg_conditional,40960,0.8775084957760481,0.021303651692569345,0.02427743069738475,0.005943751902354677,0.9997093988190995,0.32958984375,27.00652835875984,127.0
embed.z,1,0.875,cfg_null,40960,0.8775084957760481,0.021303651692569345,0.02427743069738475,0.005943751902354677,0.9997093988190995,0.32958984375,27.00652835875984,127.0
embed.z,1,0.875,plain,40960,0.8743875256583586,0.020128666277790527,0.02302030356921539,0.005880397464590547,0.9997385407188883,0.31982421875,26.93724624753937,127.0
embed.z,2,0.75,cfg_conditional,40960,0.7777575097452665,0.010825815285650407,0.013919268088065278,0.005284496080537338,0.9999034307437358,0.09033203125,23.956558347687007,127.0
embed.z,2,0.75,cfg_null,40960,0.7777575097452665,0.010825815285650407,0.013919268088065278,0.005284496080537338,0.9999034307437358,0.09033203125,23.956558347687007,127.0
embed.z,2,0.75,plain,40960,0.7736881324793524,0.009832082143727506,0.012708068963420345,0.0052772384248413575,0.9999195626987137,0.09033203125,23.846887303149607,127.0
embed.z,3,0.625,cfg_conditional,40960,0.6999321389886417,0.007215376972405015,0.010308680757009936,0.005141155651506324,0.9999468851097754,0.02685546875,21.544679656742126,127.0
embed.z,3,0.625,cfg_null,40960,0.6999321389886417,0.007215376972405016,0.010308680757009938,0.005141155651506324,0.9999468851097755,0.02685546875,21.544679656742126,127.0
embed.z,3,0.625,plain,40960,0.6928439102240614,0.006853468697764385,0.009891793225905696,0.005114161035919551,0.9999510799314224,0.01708984375,21.342215951033463,127.0
embed.z,4,0.5,cfg_conditional,40960,0.6515529516163205,0.006789113437983711,0.010419895146114863,0.005093180462029068,0.9999457137755831,0.01220703125,20.020223302165356,127.0
embed.z,4,0.5,cfg_null,40960,0.6515529516163205,0.006789113437983711,0.010419895146114863,0.005093180462029068,0.9999457137755828,0.01220703125,20.020223302165356,127.0
embed.z,4,0.5,plain,40960,0.639742139865664,0.0067528505326452555,0.01055558186938139,0.005092580011253745,0.9999442887928692,0.00244140625,19.675542876476378,127.0
embed.z,5,0.375,cfg_conditional,40960,0.6370586132664573,0.007350652279872744,0.011538423822861408,0.005150837003142783,0.9999334582572712,0.01708984375,19.508335383858267,127.0
embed.z,5,0.375,cfg_null,40960,0.6370586132664573,0.007350652279872743,0.011538423822861407,0.005150837003142783,0.9999334582572712,0.01708984375,19.508335383858267,127.0
embed.z,5,0.375,plain,40960,0.6196187576808783,0.007142729647705789,0.011527620103754998,0.0051292876178536066,0.9999335548031403,0.00732421875,18.99767778051181,127.0
embed.z,6,0.25,cfg_conditional,40960,0.658699254512689,0.0098049687792305,0.014885349743540086,0.0052210732733385615,0.9998894524726863,0.04638671875,20.082392655019685,127.0
embed.z,6,0.25,cfg_null,40960,0.658699254512689,0.0098049687792305,0.014885349743540086,0.0052210732733385615,0.9998894524726866,0.04638671875,20.082392655019685,127.0
embed.z,6,0.25,plain,40960,0.6355954759634883,0.008083250818610083,0.012717602821758323,0.005159278445387372,0.9999191510320732,0.0146484375,19.407468780757874,127.0
embed.z,7,0.125,cfg_conditional,40960,0.7130409124676458,0.015945006804783068,0.022361980253842128,0.005438192119572705,0.9997514370903073,0.1123046875,21.65773406742126,127.0
embed.z,7,0.125,cfg_null,40960,0.7130409124676459,0.015945006804783064,0.022361980253842118,0.005438192119572705,0.9997514370903071,0.1123046875,21.65773406742126,127.0
embed.z,7,0.125,plain,40960,0.6847068800086646,0.010994570557334738,0.01605733910136204,0.005267353235979044,0.9998714117896457,0.05859375,20.837056317667322,127.0
final.input,0,1.0,cfg_conditional,163840,0.5137483209997492,0.007794806343051484,0.015172422029298057,0.006336000742401282,0.9998848922335313,0.010986328125,9.89669679656742,127.0
final.input,0,1.0,cfg_null,163840,0.5081370132757772,0.007807856282318629,0.015365651543437425,0.00633461802354871,0.999881942313503,0.0103759765625,9.777043860728346,127.0
final.input,0,1.0,plain,163840,0.5114182784508716,0.008307502774183132,0.016244047434806685,0.00635603935670197,0.9998680789521392,0.0115966796875,9.854798805056594,127.0
final.input,1,0.875,cfg_conditional,163840,0.4682177529960272,0.007411702782637104,0.015829606492302292,0.006331090261231687,0.9998747334249733,0.0018310546875,9.575892170583169,127.0
final.input,1,0.875,cfg_null,163840,0.46472595998829513,0.007433484439635166,0.015995414673676482,0.006359816826977749,0.9998720875694734,0.0018310546875,9.4963638425812,127.0
final.input,1,0.875,plain,163840,0.4681542079054573,0.007517605361979909,0.0160579681545831,0.006337209391346299,0.999871066692277,0.0030517578125,9.566563884104331,127.0
final.input,2,0.75,cfg_conditional,163840,0.4664610564593951,0.007319746675219886,0.015692085274555095,0.006339607915945322,0.9998768962920342,0.001220703125,10.186065914124017,127.0
final.input,2,0.75,cfg_null,163840,0.4616526186516866,0.007311269617575592,0.015837167000003285,0.0063320742994861234,0.9998746252730178,0.001220703125,10.050836998646654,127.0
final.input,2,0.75,plain,163840,0.4566857268585774,0.007319584735667062,0.016027618787249134,0.006340598769145345,0.999871587060763,0.0006103515625,9.90039735328494,127.0
final.input,3,0.625,cfg_conditional,163840,0.4767961541854066,0.007362777004745932,0.015442190420610749,0.006348359223341049,0.9998807767036217,0.0006103515625,10.915551373339074,127.0
final.input,3,0.625,cfg_null,163840,0.472758263400693,0.007342310066361968,0.01553079160065128,0.006339544713258505,0.9998794039851849,0.0006103515625,10.80448180671752,127.0
final.input,3,0.625,plain,163840,0.45790700570127596,0.007325502458256813,0.015997795113525167,0.006344235519594221,0.9998720637933682,0.0,10.421243502399115,121.0
final.input,4,0.5,cfg_conditional,163840,0.48288906167354056,0.0073621291241515235,0.015246005156208583,0.0063328658906179666,0.9998837860693265,0.001220703125,11.331407441867619,127.0
final.input,4,0.5,cfg_null,163840,0.4803114568137384,0.007333202064893513,0.015267597640789318,0.006307423017582181,0.9998834743205651,0.001220703125,11.262423297551674,127.0
final.input,4,0.5,plain,163840,0.46007564211611185,0.007302839457852733,0.015873127784516952,0.006325002084459896,0.9998740353081761,0.0,10.77709288109006,121.0
final.input,5,0.375,cfg_conditional,163840,0.48359382962822517,0.007329117322611835,0.01515552282428061,0.006321968886098972,0.9998851679549348,0.0006103515625,11.450445220226378,127.0
final.input,5,0.375,cfg_null,163840,0.4817217445820637,0.007329182968703471,0.015214557057336464,0.006329706457033168,0.9998842613565819,0.0006103515625,11.39846921905758,127.0
final.input,5,0.375,plain,163840,0.45826920115116504,0.007285926622262045,0.015898791810490233,0.00631157935045259,0.9998736465750644,0.0,10.86423858882874,120.0
final.input,6,0.25,cfg_conditional,163840,0.4779223389022865,0.007298039263167104,0.015270345554320745,0.006318068473306226,0.9998834154889045,0.0006103515625,11.256968580831693,127.0
final.input,6,0.25,cfg_null,163840,0.4770241390023637,0.007313462551658352,0.015331430746782636,0.006339743070505222,0.9998825048652472,0.0006103515625,11.24152236097441,127.0
final.input,6,0.25,plain,163840,0.45219438711757165,0.00730031343858108,0.016144192954529048,0.006322658278421755,0.9998697061181194,0.0,10.671607790969489,116.0
final.input,7,0.125,cfg_conditional,163840,0.4617342282910605,0.007342961054715846,0.01590300351328321,0.0063276073538308,0.9998735515826146,0.001220703125,10.714356429933563,127.0
final.input,7,0.125,cfg_null,163840,0.46090356848071673,0.00735102479095918,0.01594916007092432,0.00634240609607426,0.9998728237122126,0.001220703125,10.69523848886565,127.0
final.input,7,0.125,plain,163840,0.438058533191513,0.007294020137866202,0.016650788844871922,0.006312125553188963,0.99986139706796,0.0,10.161618210199311,119.0
